dv,gid,dyad,pid1,pid2,RR,DET,NRLINE,maxL,L,ENTR,rENTR,LAM,TT,catH,win,TREND,t,use
EA,narrative_order§benz§LATE_MB.mp4§end,1,10370290,10370446,9.9112426035503,,0,0,0,,,0,0,,1,,10,1
EA,narrative_order§benz§LATE_MB.mp4§end,1,10370290,10370446,7.24852071005917,8.16326530612245,1,4,4,0,,6.12244897959184,3,,2,,20,1
EA,narrative_order§benz§LATE_MB.mp4§end,1,10370290,10370446,6.50887573964497,9.09090909090909,1,4,4,0,,31.8181818181818,2,,3,,30,1
EA,narrative_order§benz§LATE_MB.mp4§end,1,10370290,10370446,6.21301775147929,9.52380952380952,1,4,4,0,,66.6666666666667,2.33333333333333,,4,,40,1
EA,narrative_order§benz§LATE_MB.mp4§end,1,10370290,10370446,36.8343195266272,94.3775100401606,24,9.79166666666667,9.79166666666667,2.4554608908739,0.957313595190827,100,9.57692307692308,,5,,50,1
EA,narrative_order§benz§LATE_MB.mp4§end,1,10370290,10370446,30.6213017751479,93.2367149758454,15,12.8666666666667,12.8666666666667,2.52321095295289,0.983727396259413,100,7.96153846153846,,6,,60,1
EA,narrative_order§benz§LATE_MB.mp4§end,1,10370290,10370446,31.0650887573965,96.6666666666667,14,14.5,14.5,2.54003630382098,0.990287116754144,100,8.07692307692308,,7,,70,1
EA,narrative_order§benz§LATE_MB.mp4§end,1,10370290,10370446,32.6923076923077,94.5701357466063,17,12.2941176470588,12.2941176470588,2.36392110328395,0.951311834384453,97.737556561086,8.64,,8,,80,1
EA,narrative_order§benz§LATE_MB.mp4§end,1,10370290,10370446,17.0118343195266,40,9,5.11111111111111,5.11111111111111,1.21488965394912,0.876357639489852,82.6086956521739,3.51851851851852,,9,,90,1
EA,narrative_order§benz§LATE_MB.mp4§end,1,10370290,10370446,13.6094674556213,43.4782608695652,7,5.71428571428571,5.71428571428571,1.07899220787758,0.982141032834875,67.3913043478261,2.95238095238095,,10,,100,1
EA,narrative_order§benz§LATE_MB.mp4§end,1,10370290,10370446,6.06508875739645,,0,0,0,,,0,0,,11,,110,1
EA,narrative_order§benz§LATE_MB.mp4§end,1,10370290,10370446,7.54437869822485,37.2549019607843,4,4.75,4.75,0.562335144618808,0.811278124459133,39.2156862745098,3.33333333333333,,12,,120,1
EA,narrative_order§benz§LATE_MB.mp4§end,1,10370290,10370446,11.8343195266272,10,2,4,4,0,,36.25,2.23076923076923,,13,,130,1
EA,narrative_order§benz§LATE_MB.mp4§end,1,10370290,10370446,18.1952662721894,50.4065040650407,13,4.76923076923077,4.76923076923077,0.983961446001025,0.895640305638598,70.7317073170732,3.78260869565217,,14,,140,1
EA,narrative_order§benz§LATE_MB.mp4§end,1,10370290,10370446,13.4615384615385,5.4945054945055,1,5,5,0,,36.2637362637363,2.35714285714286,,15,,150,1
EA,narrative_order§benz§LATE_MB.mp4§end,1,10370290,10370446,14.9408284023669,,0,0,0,,,0,0,,16,,160,1
EA,narrative_order§benz§LATE_MB.mp4§end,1,10370290,10370446,23.2248520710059,70.7006369426752,17,6.52941176470588,6.52941176470588,1.71154728628635,0.879561313310002,88.5350318471338,4.08823529411765,,17,,170,1
EA,narrative_order§benz§LATE_MB.mp4§end,1,10370290,10370446,20.7100591715976,55,14,5.5,5.5,1.39043779493948,0.863927576327933,80.7142857142857,3.53125,,18,,180,1
EA,narrative_order§benz§LATE_MB.mp4§end,1,10370290,10370446,17.0118343195266,21.7391304347826,5,5,5,1.05492016798614,0.960229717860761,70.4347826086957,3.68181818181818,,19,,190,1
EA,narrative_order§benz§LATE_MB.mp4§end,1,10370290,10370446,15.9763313609467,25.9259259259259,6,4.66666666666667,4.66666666666667,0.636514168294813,0.918295834054489,50.9259259259259,3.23529411764706,,20,,200,1
EA,narrative_order§benz§LATE_MB.mp4§end,1,10370290,10370446,16.5680473372781,39.2857142857143,9,4.88888888888889,4.88888888888889,0.348832095843032,0.503258334775646,63.3928571428571,3.22727272727273,,21,,210,1
EA,narrative_order§benz§LATE_MB.mp4§end,1,10370290,10370446,25.7396449704142,59.1954022988506,15,6.86666666666667,6.86666666666667,1.80650716526167,0.928361037707049,79.8850574712644,4.96428571428571,,22,,220,1
EA,narrative_order§benz§LATE_MB.mp4§end,1,10370290,10370446,21.0059171597633,55.6338028169014,9,8.77777777777778,8.77777777777778,1.67698777432242,0.935944697445866,69.0140845070423,4.9,,23,,230,1
EA,narrative_order§benz§LATE_MB.mp4§end,1,10370290,10370446,20.414201183432,56.5217391304348,14,5.57142857142857,5.57142857142857,1.09130300064685,0.787208713570229,81.1594202898551,4.30769230769231,,24,,240,1
EA,narrative_order§benz§LATE_MB.mp4§end,1,10370290,10370446,22.6331360946746,61.437908496732,15,6.26666666666667,6.26666666666667,1.67458956699991,0.934606232454501,88.2352941176471,4.35483870967742,,25,,250,1
EA,narrative_order§benz§LATE_MB.mp4§end,1,10370290,10370446,19.8224852071006,71.6417910447761,15,6.4,6.4,1.93380999892063,0.929966031821429,85.0746268656716,4.38461538461539,,26,,260,1
EA,narrative_order§benz§LATE_MB.mp4§end,1,10370290,10370446,14.0532544378698,,0,0,0,,,0,0,,27,,270,1
EA,narrative_order§benz§LATE_MB.mp4§end,1,10370290,10370446,18.6390532544379,62.6984126984127,11,7.18181818181818,7.18181818181818,1.64173471218752,0.916269588849909,74.6031746031746,5.52941176470588,,28,,280,1
EA,narrative_order§benz§LATE_MB.mp4§end,1,10370290,10370446,16.7159763313609,53.9823008849558,12,5.08333333333333,5.08333333333333,1.19884931291362,0.864786979256811,85.8407079646018,3.73076923076923,,29,,290,1
EA,narrative_order§benz§LATE_MB.mp4§end,1,10370290,10370446,17.1597633136095,11.2068965517241,3,4.33333333333333,4.33333333333333,0.636514168294813,0.918295834054489,65.5172413793104,2.92307692307692,,30,,300,1
EA,narrative_order§benz§LATE_MB.mp4§end,1,10370290,10370446,17.0118343195266,21.7391304347826,5,5,5,0,,65.2173913043478,2.77777777777778,,31,,310,1
EA,narrative_order§benz§LATE_MB.mp4§end,1,10370290,10370446,16.8639053254438,19.2982456140351,5,4.4,4.4,0.673011667009257,0.970950594454669,74.5614035087719,2.42857142857143,,32,,320,1
EA,narrative_order§benz§LATE_MB.mp4§end,1,10370290,10370446,17.8994082840237,52.0661157024794,13,4.84615384615385,4.84615384615385,1.15698764434527,0.834590168433365,80.1652892561984,3.59259259259259,,33,,330,1
EA,narrative_order§benz§LATE_MB.mp4§end,1,10370290,10370446,9.31952662721894,7.93650793650794,1,5,5,0,,22.2222222222222,2.33333333333333,,34,,340,1
EA,narrative_order§benz§LATE_MB.mp4§end,1,10370290,10370446,12.7218934911243,22.093023255814,4,4.75,4.75,0.562335144618808,0.811278124459133,55.8139534883721,2.82352941176471,,35,,350,1
EA,narrative_order§benz§LATE_MB.mp4§end,1,10370290,10370446,14.3491124260355,22.680412371134,5,4.4,4.4,0.673011667009257,0.970950594454669,58.7628865979382,3,,36,,360,1
EA,narrative_order§benz§LATE_MB.mp4§end,1,10370290,10370446,14.6449704142012,8.08080808080808,2,4,4,0,,53.5353535353535,2.78947368421053,,37,,370,1
EA,narrative_order§benz§LATE_MB.mp4§end,1,10370290,10370446,13.0177514792899,,0,0,0,,,0,0,,38,,380,1
EA,narrative_order§benz§LATE_MB.mp4§end,1,10370290,10370446,10.9467455621302,,0,0,0,,,0,0,,39,,390,1
EA,narrative_order§benz§LATE_MB.mp4§end,1,10370290,10370446,5.91715976331361,,0,0,0,,,0,0,,40,,400,1
EA,narrative_order§benz§LATE_MB.mp4§end,1,10370290,10370446,3.84615384615385,,0,0,0,,,0,0,,41,,410,1
EA,narrative_order§benz§LATE_MB.mp4§end,1,10370290,10370446,7.39644970414201,,0,0,0,,,0,0,,42,,420,1
EA,narrative_order§benz§LATE_MB.mp4§end,1,10370290,10370446,12.2781065088757,7.2289156626506,1,6,6,0,,33.7349397590361,2.15384615384615,,43,,430,1
EA,narrative_order§benz§LATE_MB.mp4§end,1,10370290,10370446,10.9467455621302,5.40540540540541,1,4,4,0,,35.1351351351351,2.36363636363636,,44,,440,1
EA,narrative_order§benz§LATE_MB.mp4§end,1,10370290,10370446,8.72781065088758,,0,0,0,,,0,0,,45,,450,1
EA,narrative_order§benz§LATE_MB.mp4§end,1,10370290,10370446,10.207100591716,18.8405797101449,3,4.33333333333333,4.33333333333333,0.636514168294813,0.918295834054489,44.9275362318841,3.1,,46,,460,1
EA,narrative_order§benz§LATE_MB.mp4§end,1,10370290,10370446,8.43195266272189,7.01754385964912,1,4,4,0,,3.50877192982456,2,,47,,470,1
EA,narrative_order§benz§LATE_MB.mp4§end,1,10370290,10370446,8.43195266272189,,0,0,0,,,0,0,,48,,480,1
EA,narrative_order§benz§LATE_MB.mp4§end,1,10370290,10370446,8.43195266272189,,0,0,0,,,0,0,,49,,490,1
EA,narrative_order§benz§LATE_MB.mp4§end,1,10370290,10370446,7.39644970414201,,0,0,0,,,0,0,,50,,500,1
EA,narrative_order§benz§LATE_MB.mp4§end,1,10370290,10370446,7.69230769230769,15.3846153846154,2,4,4,0,,11.5384615384615,2,,51,,510,1
EA,narrative_order§benz§LATE_MB.mp4§end,1,10370290,10370446,2.36686390532544,,0,0,0,,,0,0,,52,,520,1
EA,narrative_order§benz§LATE_MB.mp4§end,1,10370290,10370446,10.3550295857988,,0,0,0,,,0,0,,53,,530,1
EA,narrative_order§benz§LATE_MB.mp4§end,1,10370290,10370446,8.28402366863906,,0,0,0,,,0,0,,54,,540,1
EA,narrative_order§benz§LATE_MB.mp4§end,1,10370290,10370446,8.72781065088758,,0,0,0,,,0,0,,55,,550,1
EA,narrative_order§benz§LATE_MB.mp4§end,1,10370290,10370446,14.792899408284,15,3,5,5,0,,39,2.6,,56,,560,1
EA,narrative_order§benz§LATE_MB.mp4§end,1,10370290,10370446,12.8698224852071,22.9885057471264,5,4,4,0,,60.9195402298851,2.52380952380952,,57,,570,1
EA,narrative_order§benz§LATE_MB.mp4§end,1,10370290,10370446,11.8343195266272,,0,0,0,,,0,0,,58,,580,1
EA,narrative_order§benz§LATE_MB.mp4§end,1,10370290,10370446,13.7573964497041,43.010752688172,8,5,5,0,,70.9677419354839,3.3,,59,,590,1
EA,narrative_order§benz§LATE_MB.mp4§end,1,10370290,10370446,10.6508875739645,13.8888888888889,2,5,5,0,,55.5555555555556,2.22222222222222,,60,,600,1
EA,narrative_order§benz§LATE_MB.mp4§end,1,10370290,10370446,10.207100591716,14.4927536231884,2,5,5,0,,49.2753623188406,2.42857142857143,,61,,610,1
EA,narrative_order§benz§LATE_MB.mp4§end,1,10370290,10370446,13.3136094674556,18.8888888888889,4,4.25,4.25,0.562335144618808,0.811278124459133,54.4444444444445,2.88235294117647,,62,,620,1
EA,narrative_order§benz§LATE_MB.mp4§end,1,10370290,10370446,14.0532544378698,25.2631578947368,5,4.8,4.8,1.05492016798614,0.960229717860761,61.0526315789474,3.05263157894737,,63,,630,1
EA,narrative_order§benz§LATE_MB.mp4§end,1,10370290,10370446,12.2781065088757,4.81927710843374,1,4,4,0,,48.1927710843374,2.35294117647059,,64,,640,1
EA,narrative_order§benz§LATE_MB.mp4§end,1,10370290,10370446,6.80473372781065,10.8695652173913,1,5,5,0,,36.9565217391304,2.42857142857143,,65,,650,1
EA,narrative_order§benz§LATE_MB.mp4§end,1,10370290,10370446,10.9467455621302,5.40540540540541,1,4,4,0,,36.4864864864865,2.07692307692308,,66,,660,1
EA,narrative_order§benz§LATE_MB.mp4§end,1,10370290,10370446,11.3905325443787,25.974025974026,4,5,5,1.03972077083992,0.946394630357186,62.3376623376623,3.69230769230769,,67,,670,1
EA,narrative_order§benz§LATE_MB.mp4§end,1,10370290,10370446,18.0473372781065,53.2786885245902,9,7.22222222222222,7.22222222222222,1.46481638489081,0.91014159264798,73.7704918032787,4.28571428571429,,68,,680,1
EA,narrative_order§benz§LATE_MB.mp4§end,1,10370290,10370446,12.4260355029586,34.5238095238095,3,9.66666666666667,9.66666666666667,1.09861228866811,1,58.3333333333333,3.0625,,69,,690,1
EA,narrative_order§benz§LATE_MB.mp4§end,1,10370290,10370446,10.207100591716,13.0434782608696,2,4.5,4.5,0.693147180559945,1,62.3188405797102,2.52941176470588,,70,,700,1
EA,narrative_order§benz§LATE_MB.mp4§end,1,10370290,10370446,16.5680473372781,48.2142857142857,9,6,6,1.21488965394912,0.876357639489852,88.3928571428571,3.41379310344828,,71,,710,1
EA,narrative_order§benz§LATE_MB.mp4§end,1,10370290,10370446,12.1301775147929,8.53658536585366,1,7,7,0,,50,2.73333333333333,,72,,720,1
EA,narrative_order§benz§LATE_MB.mp4§end,1,10370290,10370446,9.17159763313609,,0,0,0,,,0,0,,73,,730,1
EA,narrative_order§benz§LATE_MB.mp4§end,1,10370290,10370446,7.54437869822485,,0,0,0,,,0,0,,74,,740,1
EA,narrative_order§benz§LATE_MB.mp4§end,1,10370290,10370446,13.905325443787,52.1276595744681,11,4.45454545454545,4.45454545454545,0.689009238476659,0.994030211476957,89.3617021276596,4.2,,75,,750,1
EA,narrative_order§benz§LATE_MB.mp4§end,1,10370290,10370446,11.5384615384615,29.4871794871795,5,4.6,4.6,0.673011667009257,0.970950594454669,69.2307692307692,3,,76,,760,1
EA,narrative_order§benz§LATE_MB.mp4§end,1,10370290,10370446,12.7218934911243,25.5813953488372,5,4.4,4.4,0.673011667009257,0.970950594454669,76.7441860465116,3.3,,77,,770,1
EA,narrative_order§benz§LATE_MB.mp4§end,1,10370290,10370446,11.3905325443787,58.4415584415585,9,5,5,1.21488965394912,0.876357639489852,77.9220779220779,4,,78,,780,1
EA,narrative_order§benz§LATE_MB.mp4§end,1,10370290,10370446,12.1301775147929,,0,0,0,,,0,0,,79,,790,1
EA,narrative_order§benz§LATE_MB.mp4§end,1,10370290,10370446,10.6508875739645,18.0555555555556,3,4.33333333333333,4.33333333333333,0.636514168294813,0.918295834054489,56.9444444444445,2.73333333333333,,80,,800,1
EA,narrative_order§benz§LATE_MB.mp4§end,1,10370290,10370446,7.84023668639053,,0,0,0,,,0,0,,81,,810,1
EA,narrative_order§benz§LATE_MB.mp4§end,1,10370290,10370446,6.65680473372781,,0,0,0,,,0,0,,82,,820,1
EA,narrative_order§benz§LATE_MB.mp4§end,1,10370290,10370446,7.10059171597633,,0,0,0,,,0,0,,83,,830,1
EA,narrative_order§benz§LATE_MB.mp4§end,1,10370290,10370446,5.62130177514793,,0,0,0,,,0,0,,84,,840,1
EA,narrative_order§benz§LATE_MB.mp4§end,1,10370290,10370446,9.02366863905326,14.7540983606557,2,4.5,4.5,0.693147180559945,1,44.2622950819672,2.45454545454545,,85,,850,1
EA,narrative_order§benz§LATE_MB.mp4§end,1,10370290,10370446,0,,0,0,0,,,,,,86,,860,1
EA,narrative_order§benz§LATE_MB.mp4§end,2,10370290,10370528,10.5029585798817,5.63380281690141,1,4,4,0,,25.3521126760563,2.25,,1,,10,1
EA,narrative_order§benz§LATE_MB.mp4§end,2,10370290,10370528,3.99408284023669,,0,0,0,,,0,0,,2,,20,1
EA,narrative_order§benz§LATE_MB.mp4§end,2,10370290,10370528,4.14201183431953,,0,0,0,,,0,0,,3,,30,1
EA,narrative_order§benz§LATE_MB.mp4§end,2,10370290,10370528,12.2781065088757,,0,0,0,,,0,0,,4,,40,1
EA,narrative_order§benz§LATE_MB.mp4§end,2,10370290,10370528,8.13609467455621,50.9090909090909,6,4.66666666666667,4.66666666666667,0.636514168294813,0.918295834054489,61.8181818181818,3.77777777777778,,5,,50,1
EA,narrative_order§benz§LATE_MB.mp4§end,2,10370290,10370528,10.3550295857988,,0,0,0,,,0,0,,6,,60,1
EA,narrative_order§benz§LATE_MB.mp4§end,2,10370290,10370528,10.207100591716,,0,0,0,,,0,0,,7,,70,1
EA,narrative_order§benz§LATE_MB.mp4§end,2,10370290,10370528,10.7988165680473,,0,0,0,,,0,0,,8,,80,1
EA,narrative_order§benz§LATE_MB.mp4§end,2,10370290,10370528,11.5384615384615,16.6666666666667,3,4.33333333333333,4.33333333333333,0.636514168294813,0.918295834054489,38.4615384615385,3,,9,,90,1
EA,narrative_order§benz§LATE_MB.mp4§end,2,10370290,10370528,10.3550295857988,,0,0,0,,,0,0,,10,,100,1
EA,narrative_order§benz§LATE_MB.mp4§end,2,10370290,10370528,10.9467455621302,18.9189189189189,3,4.66666666666667,4.66666666666667,0.636514168294813,0.918295834054489,50,2.3125,,11,,110,1
EA,narrative_order§benz§LATE_MB.mp4§end,2,10370290,10370528,10.3550295857988,25.7142857142857,4,4.5,4.5,0.562335144618808,0.811278124459133,60,2.47058823529412,,12,,120,1
EA,narrative_order§benz§LATE_MB.mp4§end,2,10370290,10370528,10.3550295857988,,0,0,0,,,0,0,,13,,130,1
EA,narrative_order§benz§LATE_MB.mp4§end,2,10370290,10370528,23.8165680473373,68.3229813664596,17,6.47058823529412,6.47058823529412,1.57923313461134,0.811565290092153,85.7142857142857,4.18181818181818,,14,,140,1
EA,narrative_order§benz§LATE_MB.mp4§end,2,10370290,10370528,21.4497041420118,62.0689655172414,11,8.18181818181818,8.18181818181818,2.27186851269656,0.986659958673865,96.551724137931,6.66666666666667,,15,,150,1
EA,narrative_order§benz§LATE_MB.mp4§end,2,10370290,10370528,21.4497041420118,61.3793103448276,16,5.5625,5.5625,1.24682964154851,0.695868872447306,97.9310344827586,5.68,,16,,160,1
EA,narrative_order§benz§LATE_MB.mp4§end,2,10370290,10370528,23.2248520710059,67.515923566879,22,4.81818181818182,4.81818181818182,1.06708951878208,0.971306738317807,98.0891719745223,5.7037037037037,,17,,170,1
EA,narrative_order§benz§LATE_MB.mp4§end,2,10370290,10370528,17.603550295858,69.7478991596639,12,6.91666666666667,6.91666666666667,1.82007597536062,0.93533402672483,93.2773109243698,5.8421052631579,,18,,180,1
EA,narrative_order§benz§LATE_MB.mp4§end,2,10370290,10370528,20.2662721893491,63.5036496350365,14,6.21428571428571,6.21428571428571,1.53672246943722,0.95481935498406,94.1605839416058,6.45,,19,,190,1
EA,narrative_order§benz§LATE_MB.mp4§end,2,10370290,10370528,22.0414201183432,38.9261744966443,11,5.27272727272727,5.27272727272727,1.03356205420682,0.745557425027593,80.5369127516778,4,,20,,200,1
EA,narrative_order§benz§LATE_MB.mp4§end,2,10370290,10370528,11.5384615384615,26.9230769230769,4,5.25,5.25,0.562335144618808,0.811278124459133,65.3846153846154,2.68421052631579,,21,,210,1
EA,narrative_order§benz§LATE_MB.mp4§end,2,10370290,10370528,15.6804733727811,22.6415094339623,4,6,6,1.03972077083992,0.946394630357186,58.4905660377359,2.69565217391304,,22,,220,1
EA,narrative_order§benz§LATE_MB.mp4§end,2,10370290,10370528,10.207100591716,,0,0,0,,,0,0,,23,,230,1
EA,narrative_order§benz§LATE_MB.mp4§end,2,10370290,10370528,8.72781065088758,,0,0,0,,,0,0,,24,,240,1
EA,narrative_order§benz§LATE_MB.mp4§end,2,10370290,10370528,8.43195266272189,,0,0,0,,,0,0,,25,,250,1
EA,narrative_order§benz§LATE_MB.mp4§end,2,10370290,10370528,17.3076923076923,22.2222222222222,6,4.33333333333333,4.33333333333333,0.450561208866305,0.650022421648354,49.5726495726496,2.76190476190476,,26,,260,1
EA,narrative_order§benz§LATE_MB.mp4§end,2,10370290,10370528,13.4615384615385,14.2857142857143,3,4.33333333333333,4.33333333333333,0.636514168294813,0.918295834054489,45.0549450549451,2.92857142857143,,27,,270,1
EA,narrative_order§benz§LATE_MB.mp4§end,2,10370290,10370528,5.62130177514793,,0,0,0,,,0,0,,28,,280,1
EA,narrative_order§benz§LATE_MB.mp4§end,2,10370290,10370528,12.4260355029586,10.7142857142857,2,4.5,4.5,0.693147180559945,1,41.6666666666667,2.1875,,29,,290,1
EA,narrative_order§benz§LATE_MB.mp4§end,2,10370290,10370528,21.5976331360947,56.1643835616438,16,5.125,5.125,1.2130075659799,0.875,86.3013698630137,4.2,,30,,300,1
EA,narrative_order§benz§LATE_MB.mp4§end,2,10370290,10370528,16.2721893491124,49.0909090909091,11,4.90909090909091,4.90909090909091,1.16222554492109,0.838368515026066,64.5454545454546,5.07142857142857,,31,,310,1
EA,narrative_order§benz§LATE_MB.mp4§end,2,10370290,10370528,21.301775147929,52.7777777777778,17,4.47058823529412,4.47058823529412,0.873900414269067,0.795458437233149,80.5555555555556,4.46153846153846,,32,,320,1
EA,narrative_order§benz§LATE_MB.mp4§end,2,10370290,10370528,16.8639053254438,38.5964912280702,9,4.88888888888889,4.88888888888889,0.936888307539016,0.85279248849004,71.0526315789474,3.85714285714286,,33,,330,1
EA,narrative_order§benz§LATE_MB.mp4§end,2,10370290,10370528,14.4970414201183,37.7551020408163,7,5.28571428571429,5.28571428571429,1.35178399428965,0.975106032457374,83.6734693877551,4.31578947368421,,34,,340,1
EA,narrative_order§benz§LATE_MB.mp4§end,2,10370290,10370528,18.3431952662722,66.9354838709678,12,6.91666666666667,6.91666666666667,1.82007597536062,0.93533402672483,87.0967741935484,4.15384615384615,,35,,350,1
EA,narrative_order§benz§LATE_MB.mp4§end,2,10370290,10370528,25,67.4556213017752,20,5.7,5.7,1.47862587649296,0.918721912208904,84.6153846153846,3.76315789473684,,36,,360,1
EA,narrative_order§benz§LATE_MB.mp4§end,2,10370290,10370528,25,80.4733727810651,16,8.5,8.5,2.07944154167984,0.946394630357186,89.9408284023669,4.75,,37,,370,1
EA,narrative_order§benz§LATE_MB.mp4§end,2,10370290,10370528,21.4497041420118,57.9310344827586,13,6.46153846153846,6.46153846153846,1.73798344858705,0.969987031426616,81.3793103448276,3.6875,,38,,380,1
EA,narrative_order§benz§LATE_MB.mp4§end,2,10370290,10370528,21.301775147929,56.25,9,9,9,1.88915916375402,0.970835762725816,80.5555555555556,4.14285714285714,,39,,390,1
EA,narrative_order§benz§LATE_MB.mp4§end,2,10370290,10370528,27.0710059171598,84.6994535519126,15,10.3333333333333,10.3333333333333,2.30348849521927,0.96062931577953,92.896174863388,6.8,,40,,400,1
EA,narrative_order§benz§LATE_MB.mp4§end,2,10370290,10370528,21.1538461538462,48.2517482517483,11,6.27272727272727,6.27272727272727,1.54030582522652,0.859661049197707,88.1118881118881,3.31578947368421,,41,,410,1
EA,narrative_order§benz§LATE_MB.mp4§end,2,10370290,10370528,18.1952662721894,35.7723577235772,7,6.28571428571429,6.28571428571429,1.35178399428965,0.975106032457374,74.7967479674797,3.28571428571429,,42,,420,1
EA,narrative_order§benz§LATE_MB.mp4§end,2,10370290,10370528,16.4201183431953,49.5495495495496,10,5.5,5.5,1.35923670066501,0.844541246458715,79.2792792792793,3.03448275862069,,43,,430,1
EA,narrative_order§benz§LATE_MB.mp4§end,2,10370290,10370528,16.2721893491124,57.2727272727273,11,5.72727272727273,5.72727272727273,1.46813993901621,0.912206632932989,82.7272727272727,3.03333333333333,,44,,440,1
EA,narrative_order§benz§LATE_MB.mp4§end,2,10370290,10370528,10.7988165680473,5.47945205479452,1,4,4,0,,38.3561643835616,2.33333333333333,,45,,450,1
EA,narrative_order§benz§LATE_MB.mp4§end,2,10370290,10370528,11.6863905325444,36.7088607594937,5,5.8,5.8,0.950270539233235,0.864973520717927,67.0886075949367,2.94444444444444,,46,,460,1
EA,narrative_order§benz§LATE_MB.mp4§end,2,10370290,10370528,15.5325443786982,28.5714285714286,7,4.28571428571429,4.28571428571429,0.598269588585257,0.863120568566631,59.0476190476191,2.95238095238095,,47,,470,1
EA,narrative_order§benz§LATE_MB.mp4§end,2,10370290,10370528,11.3905325443787,5.1948051948052,1,4,4,0,,28.5714285714286,2.44444444444444,,48,,480,1
EA,narrative_order§benz§LATE_MB.mp4§end,2,10370290,10370528,11.094674556213,6.66666666666667,1,5,5,0,,52,2.16666666666667,,49,,490,1
EA,narrative_order§benz§LATE_MB.mp4§end,2,10370290,10370528,13.1656804733728,8.98876404494382,2,4,4,0,,41.5730337078652,2.46666666666667,,50,,500,1
EA,narrative_order§benz§LATE_MB.mp4§end,2,10370290,10370528,12.8698224852071,17.2413793103448,3,5,5,0.636514168294813,0.918295834054489,28.7356321839081,2.5,,51,,510,1
EA,narrative_order§benz§LATE_MB.mp4§end,2,10370290,10370528,10.6508875739645,11.1111111111111,2,4,4,0,,13.8888888888889,2,,52,,520,1
EA,narrative_order§benz§LATE_MB.mp4§end,2,10370290,10370528,8.72781065088758,6.77966101694915,1,4,4,0,,10.1694915254237,2,,53,,530,1
EA,narrative_order§benz§LATE_MB.mp4§end,2,10370290,10370528,10.0591715976331,11.7647058823529,2,4,4,0,,32.3529411764706,2,,54,,540,1
EA,narrative_order§benz§LATE_MB.mp4§end,2,10370290,10370528,5.62130177514793,,0,0,0,,,0,0,,55,,550,1
EA,narrative_order§benz§LATE_MB.mp4§end,2,10370290,10370528,4.43786982248521,16.6666666666667,1,5,5,0,,40,2,,56,,560,1
EA,narrative_order§benz§LATE_MB.mp4§end,2,10370290,10370528,5.91715976331361,10,1,4,4,0,,25,2,,57,,570,1
EA,narrative_order§benz§LATE_MB.mp4§end,2,10370290,10370528,2.9585798816568,,0,0,0,,,0,0,,58,,580,1
EA,narrative_order§benz§LATE_MB.mp4§end,2,10370290,10370528,5.62130177514793,,0,0,0,,,0,0,,59,,590,1
EA,narrative_order§benz§LATE_MB.mp4§end,2,10370290,10370528,4.58579881656805,,0,0,0,,,0,0,,60,,600,1
EA,narrative_order§benz§LATE_MB.mp4§end,2,10370290,10370528,9.31952662721894,,0,0,0,,,0,0,,61,,610,1
EA,narrative_order§benz§LATE_MB.mp4§end,2,10370290,10370528,18.0473372781065,54.9180327868853,10,6.7,6.7,1.08889997534522,0.991159471432219,72.1311475409836,4.19047619047619,,62,,620,1
EA,narrative_order§benz§LATE_MB.mp4§end,2,10370290,10370528,23.3727810650888,61.3924050632912,16,6.0625,6.0625,1.4402347497046,0.803810318538513,96.8354430379747,5.66666666666667,,63,,630,1
EA,narrative_order§benz§LATE_MB.mp4§end,2,10370290,10370528,16.2721893491124,63.6363636363636,13,5.38461538461539,5.38461538461539,1.23093162304792,0.88792947412232,95.4545454545454,5.52631578947368,,64,,640,1
EA,narrative_order§benz§LATE_MB.mp4§end,2,10370290,10370528,17.603550295858,64.7058823529412,17,4.52941176470588,4.52941176470588,0.893888536244996,0.813652409922241,96.6386554621849,5,,65,,650,1
EA,narrative_order§benz§LATE_MB.mp4§end,2,10370290,10370528,5.17751479289941,,0,0,0,,,0,0,,66,,660,1
EA,narrative_order§benz§LATE_MB.mp4§end,2,10370290,10370528,15.9763313609467,73.1481481481482,15,5.26666666666667,5.26666666666667,1.0775733728922,0.777304880632783,96.2962962962963,8.66666666666667,,67,,670,1
EA,narrative_order§benz§LATE_MB.mp4§end,2,10370290,10370528,24.4082840236686,81.8181818181818,20,6.75,6.75,1.5649304982285,0.873404340875462,90.3030303030303,12.4166666666667,,68,,680,1
EA,narrative_order§benz§LATE_MB.mp4§end,2,10370290,10370528,18.1952662721894,43.9024390243902,11,4.90909090909091,4.90909090909091,1.03619878481928,0.943188780525573,88.6178861788618,5.45,,69,,690,1
EA,narrative_order§benz§LATE_MB.mp4§end,2,10370290,10370528,15.9763313609467,31.4814814814815,8,4.25,4.25,0.562335144618808,0.811278124459133,93.5185185185185,4.80952380952381,,70,,700,1
EA,narrative_order§benz§LATE_MB.mp4§end,2,10370290,10370528,23.9644970414201,60.4938271604938,18,5.44444444444445,5.44444444444445,1.21488965394912,0.876357639489852,97.5308641975309,6.32,,71,,710,1
EA,narrative_order§benz§LATE_MB.mp4§end,2,10370290,10370528,19.6745562130178,41.3533834586466,13,4.23076923076923,4.23076923076923,0.540204142388861,0.779349837292085,87.9699248120301,4.33333333333333,,72,,720,1
EA,narrative_order§benz§LATE_MB.mp4§end,2,10370290,10370528,18.6390532544379,36.5079365079365,9,5.11111111111111,5.11111111111111,0.686961576597323,0.991076059838222,86.5079365079365,3.89285714285714,,73,,730,1
EA,narrative_order§benz§LATE_MB.mp4§end,2,10370290,10370528,17.8994082840237,39.6694214876033,9,5.33333333333333,5.33333333333333,1.42706104338072,0.886682880001534,65.2892561983471,4.15789473684211,,74,,740,1
EA,narrative_order§benz§LATE_MB.mp4§end,2,10370290,10370528,21.1538461538462,51.7482517482518,12,6.16666666666667,6.16666666666667,1.74815545724768,0.975664137553482,86.7132867132867,4.27586206896552,,75,,750,1
EA,narrative_order§benz§LATE_MB.mp4§end,2,10370290,10370528,14.0532544378698,21.0526315789474,5,4,4,0,,52.6315789473684,2.38095238095238,,76,,760,1
EA,narrative_order§benz§LATE_MB.mp4§end,2,10370290,10370528,12.7218934911243,48.8372093023256,7,6,6,1.07899220787758,0.982141032834875,69.7674418604651,2.4,,77,,770,1
EA,narrative_order§benz§LATE_MB.mp4§end,2,10370290,10370528,15.2366863905325,43.6893203883495,7,6.42857142857143,6.42857142857143,1.15374194270109,0.832248889600231,70.873786407767,2.80769230769231,,78,,780,1
EA,narrative_order§benz§LATE_MB.mp4§end,2,10370290,10370528,22.4852071005917,44.7368421052632,17,4,4,0,,82.8947368421053,3.40540540540541,,79,,790,1
EA,narrative_order§benz§LATE_MB.mp4§end,2,10370290,10370528,13.905325443787,48.936170212766,8,5.75,5.75,1.49417513828931,0.928383211769586,74.468085106383,3.04347826086957,,80,,800,1
EA,narrative_order§benz§LATE_MB.mp4§end,2,10370290,10370528,10.207100591716,13.0434782608696,2,4.5,4.5,0.693147180559945,1,27.536231884058,2.375,,81,,810,1
EA,narrative_order§benz§LATE_MB.mp4§end,2,10370290,10370528,6.06508875739645,,0,0,0,,,0,0,,82,,820,1
EA,narrative_order§benz§LATE_MB.mp4§end,2,10370290,10370528,18.1952662721894,42.2764227642277,8,6.5,6.5,1.25548232517875,0.905639062229566,64.2276422764228,3.76190476190476,,83,,830,1
EA,narrative_order§benz§LATE_MB.mp4§end,2,10370290,10370528,13.3136094674556,33.3333333333333,7,4.28571428571429,4.28571428571429,0.410116318288409,0.591672778582327,53.3333333333333,2.66666666666667,,84,,840,1
EA,narrative_order§benz§LATE_MB.mp4§end,2,10370290,10370528,16.2721893491124,33.6363636363636,6,6.16666666666667,6.16666666666667,0.867563228481461,0.789690082142847,61.8181818181818,2.83333333333333,,85,,850,1
EA,narrative_order§benz§LATE_MB.mp4§end,2,10370290,10370528,0,,0,0,0,,,,,,86,,860,1
EA,narrative_order§benz§LATE_MB.mp4§end,3,10370446,10370528,10.6508875739645,25,3,6,6,1.09861228866811,1,19.4444444444444,2,,1,,10,1
EA,narrative_order§benz§LATE_MB.mp4§end,3,10370446,10370528,7.98816568047337,,0,0,0,,,0,0,,2,,20,1
EA,narrative_order§benz§LATE_MB.mp4§end,3,10370446,10370528,9.02366863905326,9.83606557377049,1,6,6,0,,6.55737704918033,2,,3,,30,1
EA,narrative_order§benz§LATE_MB.mp4§end,3,10370446,10370528,5.47337278106509,27.027027027027,2,5,5,0,,29.7297297297297,2.2,,4,,40,1
EA,narrative_order§benz§LATE_MB.mp4§end,3,10370446,10370528,8.28402366863906,28.5714285714286,3,5.33333333333333,5.33333333333333,0.636514168294813,0.918295834054489,42.8571428571429,3,,5,,50,1
EA,narrative_order§benz§LATE_MB.mp4§end,3,10370446,10370528,11.2426035502959,22.3684210526316,4,4.25,4.25,0.562335144618808,0.811278124459133,28.9473684210526,2.75,,6,,60,1
EA,narrative_order§benz§LATE_MB.mp4§end,3,10370446,10370528,11.2426035502959,,0,0,0,,,0,0,,7,,70,1
EA,narrative_order§benz§LATE_MB.mp4§end,3,10370446,10370528,10.3550295857988,7.14285714285714,1,5,5,0,,18.5714285714286,2.6,,8,,80,1
EA,narrative_order§benz§LATE_MB.mp4§end,3,10370446,10370528,8.72781065088758,13.5593220338983,2,4,4,0,,8.47457627118644,2.5,,9,,90,1
EA,narrative_order§benz§LATE_MB.mp4§end,3,10370446,10370528,10.207100591716,23.1884057971015,3,5.33333333333333,5.33333333333333,1.09861228866811,1,8.69565217391304,2,,10,,100,1
EA,narrative_order§benz§LATE_MB.mp4§end,3,10370446,10370528,9.9112426035503,19.4029850746269,3,4.33333333333333,4.33333333333333,0.636514168294813,0.918295834054489,28.3582089552239,2.11111111111111,,11,,110,1
EA,narrative_order§benz§LATE_MB.mp4§end,3,10370446,10370528,9.17159763313609,9.67741935483871,1,6,6,0,,19.3548387096774,2,,12,,120,1
EA,narrative_order§benz§LATE_MB.mp4§end,3,10370446,10370528,10.7988165680473,6.84931506849315,1,5,5,0,,35.6164383561644,2,,13,,130,1
EA,narrative_order§benz§LATE_MB.mp4§end,3,10370446,10370528,16.7159763313609,30.9734513274336,6,5.83333333333333,5.83333333333333,1.01140426470735,0.920619835714305,68.141592920354,2.75,,14,,140,1
EA,narrative_order§benz§LATE_MB.mp4§end,3,10370446,10370528,11.094674556213,13.3333333333333,2,5,5,0.693147180559945,1,88,4.4,,15,,150,1
EA,narrative_order§benz§LATE_MB.mp4§end,3,10370446,10370528,16.8639053254438,16.6666666666667,3,6.33333333333333,6.33333333333333,1.09861228866811,1,95.6140350877193,6.8125,,16,,160,1
EA,narrative_order§benz§LATE_MB.mp4§end,3,10370446,10370528,16.2721893491124,32.7272727272727,8,4.5,4.5,0.735621939758795,0.669591945535779,98.1818181818182,5.4,,17,,170,1
EA,narrative_order§benz§LATE_MB.mp4§end,3,10370446,10370528,19.5266272189349,58.3333333333333,15,5.13333333333333,5.13333333333333,1.08518861296765,0.987781243811924,91.6666666666667,6.36842105263158,,18,,180,1
EA,narrative_order§benz§LATE_MB.mp4§end,3,10370446,10370528,17.3076923076923,48.7179487179487,10,5.7,5.7,0.943348392329039,0.858672711073255,88.8888888888889,5.77777777777778,,19,,190,1
EA,narrative_order§benz§LATE_MB.mp4§end,3,10370446,10370528,17.4556213017752,55.9322033898305,13,5.07692307692308,5.07692307692308,1.37781950803903,0.856087393862389,91.5254237288136,5.68421052631579,,20,,200,1
EA,narrative_order§benz§LATE_MB.mp4§end,3,10370446,10370528,7.84023668639053,,0,0,0,,,0,0,,21,,210,1
EA,narrative_order§benz§LATE_MB.mp4§end,3,10370446,10370528,12.8698224852071,37.9310344827586,6,5.5,5.5,1.32966134885476,0.959147917027245,54.0229885057471,2.47368421052632,,22,,220,1
EA,narrative_order§benz§LATE_MB.mp4§end,3,10370446,10370528,10.3550295857988,,0,0,0,,,0,0,,23,,230,1
EA,narrative_order§benz§LATE_MB.mp4§end,3,10370446,10370528,8.13609467455621,7.27272727272727,1,4,4,0,,14.5454545454545,2,,24,,240,1
EA,narrative_order§benz§LATE_MB.mp4§end,3,10370446,10370528,8.87573964497041,15,2,4.5,4.5,0.693147180559945,1,10,3,,25,,250,1
EA,narrative_order§benz§LATE_MB.mp4§end,3,10370446,10370528,14.4970414201183,58.1632653061225,6,9.5,9.5,1.79175946922806,1,47.9591836734694,2.35,,26,,260,1
EA,narrative_order§benz§LATE_MB.mp4§end,3,10370446,10370528,11.6863905325444,27.8481012658228,3,7.33333333333333,7.33333333333333,1.09861228866811,1,35.4430379746835,2.15384615384615,,27,,270,1
EA,narrative_order§benz§LATE_MB.mp4§end,3,10370446,10370528,5.76923076923077,15.3846153846154,1,6,6,0,,10.2564102564103,2,,28,,280,1
EA,narrative_order§benz§LATE_MB.mp4§end,3,10370446,10370528,9.46745562130178,18.75,2,6,6,0.693147180559945,1,31.25,2,,29,,290,1
EA,narrative_order§benz§LATE_MB.mp4§end,3,10370446,10370528,16.7159763313609,46.0176991150443,8,6.5,6.5,1.73286795139986,0.967132018086354,76.1061946902655,3.07142857142857,,30,,300,1
EA,narrative_order§benz§LATE_MB.mp4§end,3,10370446,10370528,18.6390532544379,50.7936507936508,9,7.11111111111111,7.11111111111111,1.31078367809971,0.945530556036326,81.7460317460318,4.47826086956522,,31,,310,1
EA,narrative_order§benz§LATE_MB.mp4§end,3,10370446,10370528,19.0828402366864,62.7906976744186,12,6.75,6.75,1.7045514452673,0.951328275106965,86.8217054263566,3.11111111111111,,32,,320,1
EA,narrative_order§benz§LATE_MB.mp4§end,3,10370446,10370528,14.0532544378698,26.3157894736842,4,6.25,6.25,0.562335144618808,0.811278124459133,70.5263157894737,3.35,,33,,330,1
EA,narrative_order§benz§LATE_MB.mp4§end,3,10370446,10370528,13.0177514792899,12.5,2,5.5,5.5,0.693147180559945,1,63.6363636363636,4,,34,,340,1
EA,narrative_order§benz§LATE_MB.mp4§end,3,10370446,10370528,10.0591715976331,11.7647058823529,1,8,8,0,,57.3529411764706,3,,35,,350,1
EA,narrative_order§benz§LATE_MB.mp4§end,3,10370446,10370528,14.3491124260355,19.5876288659794,4,4.75,4.75,0.562335144618808,0.811278124459133,60.8247422680412,2.80952380952381,,36,,360,1
EA,narrative_order§benz§LATE_MB.mp4§end,3,10370446,10370528,17.603550295858,21.0084033613445,5,5,5,0.950270539233235,0.864973520717927,68.0672268907563,3.11538461538462,,37,,370,1
EA,narrative_order§benz§LATE_MB.mp4§end,3,10370446,10370528,9.9112426035503,17.910447761194,2,6,6,0.693147180559945,1,53.7313432835821,3,,38,,380,1
EA,narrative_order§benz§LATE_MB.mp4§end,3,10370446,10370528,10.207100591716,5.79710144927536,1,4,4,0,,66.6666666666667,2.70588235294118,,39,,390,1
EA,narrative_order§benz§LATE_MB.mp4§end,3,10370446,10370528,5.91715976331361,,0,0,0,,,0,0,,40,,400,1
EA,narrative_order§benz§LATE_MB.mp4§end,3,10370446,10370528,4.73372781065089,,0,0,0,,,0,0,,41,,410,1
EA,narrative_order§benz§LATE_MB.mp4§end,3,10370446,10370528,9.46745562130178,6.25,1,4,4,0,,70.3125,2.25,,42,,420,1
EA,narrative_order§benz§LATE_MB.mp4§end,3,10370446,10370528,12.4260355029586,10.7142857142857,2,4.5,4.5,0.693147180559945,1,64.2857142857143,2.84210526315789,,43,,430,1
EA,narrative_order§benz§LATE_MB.mp4§end,3,10370446,10370528,13.4615384615385,9.89010989010989,2,4.5,4.5,0.693147180559945,1,64.8351648351648,2.68181818181818,,44,,440,1
EA,narrative_order§benz§LATE_MB.mp4§end,3,10370446,10370528,8.87573964497041,35,4,5.25,5.25,1.03972077083992,0.946394630357186,30,2.25,,45,,450,1
EA,narrative_order§benz§LATE_MB.mp4§end,3,10370446,10370528,10.5029585798817,11.2676056338028,2,4,4,0,,18.3098591549296,2.16666666666667,,46,,460,1
EA,narrative_order§benz§LATE_MB.mp4§end,3,10370446,10370528,10.3550295857988,5.71428571428571,1,4,4,0,,45.7142857142857,2,,47,,470,1
EA,narrative_order§benz§LATE_MB.mp4§end,3,10370446,10370528,10.3550295857988,12.8571428571429,2,4.5,4.5,0.693147180559945,1,47.1428571428571,2.0625,,48,,480,1
EA,narrative_order§benz§LATE_MB.mp4§end,3,10370446,10370528,9.17159763313609,6.45161290322581,1,4,4,0,,50,2.21428571428571,,49,,490,1
EA,narrative_order§benz§LATE_MB.mp4§end,3,10370446,10370528,6.95266272189349,21.2765957446809,2,5,5,0.693147180559945,1,29.7872340425532,2.33333333333333,,50,,500,1
EA,narrative_order§benz§LATE_MB.mp4§end,3,10370446,10370528,10.3550295857988,45.7142857142857,5,6.4,6.4,1.05492016798614,0.960229717860761,31.4285714285714,2,,51,,510,1
EA,narrative_order§benz§LATE_MB.mp4§end,3,10370446,10370528,6.21301775147929,21.4285714285714,2,4.5,4.5,0.693147180559945,1,14.2857142857143,2,,52,,520,1
EA,narrative_order§benz§LATE_MB.mp4§end,3,10370446,10370528,7.24852071005917,24.4897959183673,3,4,4,0,,24.4897959183673,2,,53,,530,1
EA,narrative_order§benz§LATE_MB.mp4§end,3,10370446,10370528,9.46745562130178,6.25,1,4,4,0,,29.6875,2.11111111111111,,54,,540,1
EA,narrative_order§benz§LATE_MB.mp4§end,3,10370446,10370528,9.46745562130178,,0,0,0,,,0,0,,55,,550,1
EA,narrative_order§benz§LATE_MB.mp4§end,3,10370446,10370528,6.80473372781065,8.69565217391304,1,4,4,0,,26.0869565217391,2,,56,,560,1
EA,narrative_order§benz§LATE_MB.mp4§end,3,10370446,10370528,10.0591715976331,14.7058823529412,2,5,5,0,,25,2.125,,57,,570,1
EA,narrative_order§benz§LATE_MB.mp4§end,3,10370446,10370528,9.02366863905326,8.19672131147541,1,5,5,0,,13.1147540983607,2,,58,,580,1
EA,narrative_order§benz§LATE_MB.mp4§end,3,10370446,10370528,5.91715976331361,,0,0,0,,,0,0,,59,,590,1
EA,narrative_order§benz§LATE_MB.mp4§end,3,10370446,10370528,10.5029585798817,19.7183098591549,2,7,7,0.693147180559945,1,0,,,60,,600,1
EA,narrative_order§benz§LATE_MB.mp4§end,3,10370446,10370528,7.24852071005917,32.6530612244898,3,5.33333333333333,5.33333333333333,1.09861228866811,1,0,,,61,,610,1
EA,narrative_order§benz§LATE_MB.mp4§end,3,10370446,10370528,12.7218934911243,12.7906976744186,2,5.5,5.5,0.693147180559945,1,47.6744186046512,2.73333333333333,,62,,620,1
EA,narrative_order§benz§LATE_MB.mp4§end,3,10370446,10370528,13.4615384615385,8.79120879120879,2,4,4,0,,85.7142857142857,4.33333333333333,,63,,630,1
EA,narrative_order§benz§LATE_MB.mp4§end,3,10370446,10370528,10.6508875739645,19.4444444444444,3,4.66666666666667,4.66666666666667,0.636514168294813,0.918295834054489,94.4444444444444,5.66666666666667,,64,,640,1
EA,narrative_order§benz§LATE_MB.mp4§end,3,10370446,10370528,11.9822485207101,12.3456790123457,2,5,5,0,,92.5925925925926,4.41176470588235,,65,,650,1
EA,narrative_order§benz§LATE_MB.mp4§end,3,10370446,10370528,15.3846153846154,44.2307692307692,9,5.11111111111111,5.11111111111111,1.06085694715802,0.965633607142825,95.1923076923077,5.5,,66,,660,1
EA,narrative_order§benz§LATE_MB.mp4§end,3,10370446,10370528,12.5739644970414,62.3529411764706,13,4.07692307692308,4.07692307692308,0.271189373041844,0.391243563629256,88.2352941176471,8.33333333333333,,67,,670,1
EA,narrative_order§benz§LATE_MB.mp4§end,3,10370446,10370528,24.5562130177515,68.6746987951807,18,6.33333333333333,6.33333333333333,1.61339211913863,0.900451286485305,89.7590361445783,8.76470588235294,,68,,680,1
EA,narrative_order§benz§LATE_MB.mp4§end,3,10370446,10370528,14.0532544378698,32.6315789473684,4,7.75,7.75,1.03972077083992,0.946394630357186,90.5263157894737,5.05882352941176,,69,,690,1
EA,narrative_order§benz§LATE_MB.mp4§end,3,10370446,10370528,17.1597633136095,47.4137931034483,8,6.875,6.875,1.90615474653985,0.979569764547061,93.9655172413793,4.95454545454545,,70,,700,1
EA,narrative_order§benz§LATE_MB.mp4§end,3,10370446,10370528,15.0887573964497,34.3137254901961,7,5,5,1.00424247305408,0.914100892018565,94.1176470588235,5.64705882352941,,71,,710,1
EA,narrative_order§benz§LATE_MB.mp4§end,3,10370446,10370528,13.0177514792899,30.6818181818182,6,4.5,4.5,0.693147180559945,1,78.4090909090909,4.92857142857143,,72,,720,1
EA,narrative_order§benz§LATE_MB.mp4§end,3,10370446,10370528,15.8284023668639,57.9439252336449,12,5.16666666666667,5.16666666666667,1.19884931291362,0.864786979256811,85.981308411215,3.83333333333333,,73,,730,1
EA,narrative_order§benz§LATE_MB.mp4§end,3,10370446,10370528,13.7573964497041,25.8064516129032,4,6,6,1.38629436111989,1,75.2688172043011,2.8,,74,,740,1
EA,narrative_order§benz§LATE_MB.mp4§end,3,10370446,10370528,14.4970414201183,33.6734693877551,6,5.5,5.5,1.01140426470735,0.920619835714305,76.530612244898,3.125,,75,,750,1
EA,narrative_order§benz§LATE_MB.mp4§end,3,10370446,10370528,13.3136094674556,26.6666666666667,5,4.8,4.8,0.500402423538188,0.721928094887362,72.2222222222222,3.42105263157895,,76,,760,1
EA,narrative_order§benz§LATE_MB.mp4§end,3,10370446,10370528,14.2011834319527,25,5,4.8,4.8,1.05492016798614,0.960229717860761,51.0416666666667,2.88235294117647,,77,,770,1
EA,narrative_order§benz§LATE_MB.mp4§end,3,10370446,10370528,9.61538461538462,21.5384615384615,3,4.66666666666667,4.66666666666667,0.636514168294813,0.918295834054489,53.8461538461539,2.69230769230769,,78,,780,1
EA,narrative_order§benz§LATE_MB.mp4§end,3,10370446,10370528,10.5029585798817,22.5352112676056,2,8,8,0.693147180559945,1,42.2535211267606,2.5,,79,,790,1
EA,narrative_order§benz§LATE_MB.mp4§end,3,10370446,10370528,8.13609467455621,,0,0,0,,,0,0,,80,,800,1
EA,narrative_order§benz§LATE_MB.mp4§end,3,10370446,10370528,10.3550295857988,7.14285714285714,1,5,5,0,,21.4285714285714,2.14285714285714,,81,,810,1
EA,narrative_order§benz§LATE_MB.mp4§end,3,10370446,10370528,7.98816568047337,,0,0,0,,,0,0,,82,,820,1
EA,narrative_order§benz§LATE_MB.mp4§end,3,10370446,10370528,8.57988165680473,13.7931034482759,2,4,4,0,,24.1379310344828,2,,83,,830,1
EA,narrative_order§benz§LATE_MB.mp4§end,3,10370446,10370528,9.61538461538462,18.4615384615385,3,4,4,0,,40,2,,84,,840,1
EA,narrative_order§benz§LATE_MB.mp4§end,3,10370446,10370528,10.5029585798817,16.9014084507042,3,4,4,0,,25.3521126760563,2,,85,,850,1
EA,narrative_order§benz§LATE_MB.mp4§end,3,10370446,10370528,0,,0,0,0,,,,,,86,,860,1
EA,cluster§pizza§pizza.mp4§man,1,10370290,10370446,12.1301775147929,28.0487804878049,4,5.75,5.75,1.38629436111989,1,71.9512195121951,2.95,,1,,10,1
EA,cluster§pizza§pizza.mp4§man,1,10370290,10370446,12.4260355029586,36.9047619047619,6,5.16666666666667,5.16666666666667,1.01140426470735,0.920619835714305,78.5714285714286,3.14285714285714,,2,,20,1
EA,cluster§pizza§pizza.mp4§man,1,10370290,10370446,9.31952662721894,,0,0,0,,,0,0,,3,,30,1
EA,cluster§pizza§pizza.mp4§man,1,10370290,10370446,14.3491124260355,11.340206185567,2,5.5,5.5,0.693147180559945,1,47.4226804123711,2.3,,4,,40,1
EA,cluster§pizza§pizza.mp4§man,1,10370290,10370446,15.2366863905325,23.3009708737864,5,4.8,4.8,1.05492016798614,0.960229717860761,54.368932038835,4,,5,,50,1
EA,cluster§pizza§pizza.mp4§man,1,10370290,10370446,5.91715976331361,,0,0,0,,,0,0,,6,,60,1
EA,cluster§pizza§pizza.mp4§man,1,10370290,10370446,13.7573964497041,17.2043010752688,4,4,4,0,,16.1290322580645,3,,7,,70,1
EA,cluster§pizza§pizza.mp4§man,1,10370290,10370446,11.8343195266272,27.5,4,5.5,5.5,1.03972077083992,0.946394630357186,41.25,3,,8,,80,1
EA,cluster§pizza§pizza.mp4§man,1,10370290,10370446,10.9467455621302,,0,0,0,,,0,0,,9,,90,1
EA,cluster§pizza§pizza.mp4§man,1,10370290,10370446,12.2781065088757,15.6626506024096,3,4.33333333333333,4.33333333333333,0.636514168294813,0.918295834054489,51.8072289156627,2.38888888888889,,10,,100,1
EA,cluster§pizza§pizza.mp4§man,1,10370290,10370446,9.76331360946746,,0,0,0,,,0,0,,11,,110,1
EA,cluster§pizza§pizza.mp4§man,1,10370290,10370446,6.80473372781065,,0,0,0,,,0,0,,12,,120,1
EA,cluster§pizza§pizza.mp4§man,1,10370290,10370446,8.43195266272189,,0,0,0,,,0,0,,13,,130,1
EA,cluster§pizza§pizza.mp4§man,1,10370290,10370446,12.7218934911243,34.8837209302326,5,6,6,1.33217904021012,0.960964047443681,56.9767441860465,3.0625,,14,,140,1
EA,cluster§pizza§pizza.mp4§man,1,10370290,10370446,14.792899408284,,0,0,0,,,0,0,,15,,150,1
EA,cluster§pizza§pizza.mp4§man,1,10370290,10370446,16.4201183431953,,0,0,0,,,0,0,,16,,160,1
EA,cluster§pizza§pizza.mp4§man,1,10370290,10370446,12.5739644970414,,0,0,0,,,0,0,,17,,170,1
EA,cluster§pizza§pizza.mp4§man,1,10370290,10370446,11.5384615384615,7.69230769230769,1,6,6,0,,20.5128205128205,2.28571428571429,,18,,180,1
EA,cluster§pizza§pizza.mp4§man,1,10370290,10370446,12.5739644970414,,0,0,0,,,0,0,,19,,190,1
EA,cluster§pizza§pizza.mp4§man,1,10370290,10370446,9.02366863905326,,0,0,0,,,0,0,,20,,200,1
EA,cluster§pizza§pizza.mp4§man,1,10370290,10370446,10.5029585798817,5.63380281690141,1,4,4,0,,16.9014084507042,2.4,,21,,210,1
EA,cluster§pizza§pizza.mp4§man,1,10370290,10370446,11.094674556213,21.3333333333333,4,4,4,0,,40,3,,22,,220,1
EA,cluster§pizza§pizza.mp4§man,1,10370290,10370446,13.1656804733728,4.49438202247191,1,4,4,0,,24.7191011235955,2.2,,23,,230,1
EA,cluster§pizza§pizza.mp4§man,1,10370290,10370446,3.40236686390533,,0,0,0,,,0,0,,24,,240,1
EA,cluster§pizza§pizza.mp4§man,1,10370290,10370446,3.69822485207101,16,1,4,4,0,,32,2.66666666666667,,25,,250,1
EA,cluster§pizza§pizza.mp4§man,1,10370290,10370446,0.591715976331361,,0,0,0,,,0,0,,26,,260,1
EA,cluster§pizza§pizza.mp4§man,1,10370290,10370446,15.9763313609467,,0,0,0,,,0,0,,27,,270,1
EA,cluster§pizza§pizza.mp4§man,1,10370290,10370446,4.43786982248521,,0,0,0,,,0,0,,28,,280,1
EA,cluster§pizza§pizza.mp4§man,1,10370290,10370446,6.80473372781065,,0,0,0,,,0,0,,29,,290,1
EA,cluster§pizza§pizza.mp4§man,1,10370290,10370446,6.95266272189349,8.51063829787234,1,4,4,0,,25.531914893617,2,,30,,300,1
EA,cluster§pizza§pizza.mp4§man,1,10370290,10370446,3.40236686390533,,0,0,0,,,0,0,,31,,310,1
EA,cluster§pizza§pizza.mp4§man,1,10370290,10370446,7.84023668639053,7.54716981132076,1,4,4,0,,60.377358490566,4,,32,,320,1
EA,cluster§pizza§pizza.mp4§man,1,10370290,10370446,13.7573964497041,12.9032258064516,3,4,4,0,,51.6129032258065,3.2,,33,,330,1
EA,cluster§pizza§pizza.mp4§man,1,10370290,10370446,8.57988165680473,,0,0,0,,,0,0,,34,,340,1
EA,cluster§pizza§pizza.mp4§man,1,10370290,10370446,9.17159763313609,,0,0,0,,,0,0,,35,,350,1
EA,cluster§pizza§pizza.mp4§man,1,10370290,10370446,7.10059171597633,,0,0,0,,,0,0,,36,,360,1
EA,cluster§pizza§pizza.mp4§man,1,10370290,10370446,12.1301775147929,,0,0,0,,,0,0,,37,,370,1
EA,cluster§pizza§pizza.mp4§man,1,10370290,10370446,12.8698224852071,18.3908045977012,3,5.33333333333333,5.33333333333333,0.636514168294813,0.918295834054489,49.4252873563218,2.86666666666667,,38,,380,1
EA,cluster§pizza§pizza.mp4§man,1,10370290,10370446,14.792899408284,6,1,6,6,0,,35,2.91666666666667,,39,,390,1
EA,cluster§pizza§pizza.mp4§man,1,10370290,10370446,13.1656804733728,,0,0,0,,,0,0,,40,,400,1
EA,cluster§pizza§pizza.mp4§man,1,10370290,10370446,14.3491124260355,,0,0,0,,,0,0,,41,,410,1
EA,cluster§pizza§pizza.mp4§man,1,10370290,10370446,12.8698224852071,4.59770114942529,1,4,4,0,,14.9425287356322,2.16666666666667,,42,,420,1
EA,cluster§pizza§pizza.mp4§man,1,10370290,10370446,7.98816568047337,,0,0,0,,,0,0,,43,,430,1
EA,cluster§pizza§pizza.mp4§man,1,10370290,10370446,7.84023668639053,,0,0,0,,,0,0,,44,,440,1
EA,cluster§pizza§pizza.mp4§man,1,10370290,10370446,9.9112426035503,,0,0,0,,,0,0,,45,,450,1
EA,cluster§pizza§pizza.mp4§man,1,10370290,10370446,7.84023668639053,,0,0,0,,,0,0,,46,,460,1
EA,cluster§pizza§pizza.mp4§man,1,10370290,10370446,11.8343195266272,,0,0,0,,,0,0,,47,,470,1
EA,cluster§pizza§pizza.mp4§man,1,10370290,10370446,9.9112426035503,,0,0,0,,,0,0,,48,,480,1
EA,cluster§pizza§pizza.mp4§man,1,10370290,10370446,14.6449704142012,13.1313131313131,3,4.33333333333333,4.33333333333333,0.636514168294813,0.918295834054489,33.3333333333333,3.66666666666667,,49,,490,1
EA,cluster§pizza§pizza.mp4§man,1,10370290,10370446,16.1242603550296,,0,0,0,,,0,0,,50,,500,1
EA,cluster§pizza§pizza.mp4§man,1,10370290,10370446,10.7988165680473,36.986301369863,5,5.4,5.4,0.673011667009257,0.970950594454669,50.6849315068493,5.28571428571429,,51,,510,1
EA,cluster§pizza§pizza.mp4§man,1,10370290,10370446,13.4615384615385,16.4835164835165,3,5,5,1.09861228866811,1,60.4395604395604,2.61904761904762,,52,,520,1
EA,cluster§pizza§pizza.mp4§man,1,10370290,10370446,8.87573964497041,21.6666666666667,3,4.33333333333333,4.33333333333333,0.636514168294813,0.918295834054489,43.3333333333333,2.6,,53,,530,1
EA,cluster§pizza§pizza.mp4§man,1,10370290,10370446,6.50887573964497,,0,0,0,,,0,0,,54,,540,1
EA,cluster§pizza§pizza.mp4§man,1,10370290,10370446,7.54437869822485,,0,0,0,,,0,0,,55,,550,1
EA,cluster§pizza§pizza.mp4§man,1,10370290,10370446,9.17159763313609,16.1290322580645,2,5,5,0,,27.4193548387097,3.4,,56,,560,1
EA,cluster§pizza§pizza.mp4§man,1,10370290,10370446,7.54437869822485,23.5294117647059,3,4,4,0,,27.4509803921569,2.8,,57,,570,1
EA,cluster§pizza§pizza.mp4§man,1,10370290,10370446,10.3550295857988,14.2857142857143,2,5,5,0.693147180559945,1,31.4285714285714,3.14285714285714,,58,,580,1
EA,cluster§pizza§pizza.mp4§man,1,10370290,10370446,5.62130177514793,,0,0,0,,,0,0,,59,,590,1
EA,cluster§pizza§pizza.mp4§man,1,10370290,10370446,6.06508875739645,12.1951219512195,1,5,5,0,,34.1463414634146,2,,60,,600,1
EA,cluster§pizza§pizza.mp4§man,1,10370290,10370446,15.3846153846154,11.5384615384615,3,4,4,0,,36.5384615384615,2.375,,61,,610,1
EA,cluster§pizza§pizza.mp4§man,1,10370290,10370446,12.4260355029586,20.2380952380952,3,5.66666666666667,5.66666666666667,1.09861228866811,1,50,2.33333333333333,,62,,620,1
EA,cluster§pizza§pizza.mp4§man,1,10370290,10370446,10.7988165680473,5.47945205479452,1,4,4,0,,13.6986301369863,2,,63,,630,1
EA,cluster§pizza§pizza.mp4§man,1,10370290,10370446,9.46745562130178,,0,0,0,,,0,0,,64,,640,1
EA,cluster§pizza§pizza.mp4§man,1,10370290,10370446,12.8698224852071,5.74712643678161,1,5,5,0,,13.7931034482759,3,,65,,650,1
EA,cluster§pizza§pizza.mp4§man,1,10370290,10370446,10.7988165680473,5.47945205479452,1,4,4,0,,16.4383561643836,3,,66,,660,1
EA,cluster§pizza§pizza.mp4§man,1,10370290,10370446,11.9822485207101,,0,0,0,,,0,0,,67,,670,1
EA,cluster§pizza§pizza.mp4§man,1,10370290,10370446,9.76331360946746,15.1515151515152,2,5,5,0.693147180559945,1,36.3636363636364,3,,68,,680,1
EA,cluster§pizza§pizza.mp4§man,1,10370290,10370446,7.39644970414201,,0,0,0,,,0,0,,69,,690,1
EA,cluster§pizza§pizza.mp4§man,1,10370290,10370446,7.54437869822485,,0,0,0,,,0,0,,70,,700,1
EA,cluster§pizza§pizza.mp4§man,1,10370290,10370446,14.9408284023669,31.6831683168317,7,4.57142857142857,4.57142857142857,0.955699891112534,0.869915529773626,46.5346534653465,2.61111111111111,,71,,710,1
EA,cluster§pizza§pizza.mp4§man,1,10370290,10370446,6.95266272189349,,0,0,0,,,0,0,,72,,720,1
EA,cluster§pizza§pizza.mp4§man,1,10370290,10370446,8.72781065088758,22.0338983050847,3,4.33333333333333,4.33333333333333,0.636514168294813,0.918295834054489,54.2372881355932,2.66666666666667,,73,,730,1
EA,cluster§pizza§pizza.mp4§man,1,10370290,10370446,8.13609467455621,,0,0,0,,,0,0,,74,,740,1
EA,cluster§pizza§pizza.mp4§man,1,10370290,10370446,9.61538461538462,9.23076923076923,1,6,6,0,,44.6153846153846,2.07142857142857,,75,,750,1
EA,cluster§pizza§pizza.mp4§man,1,10370290,10370446,9.76331360946746,,0,0,0,,,0,0,,76,,760,1
EA,cluster§pizza§pizza.mp4§man,1,10370290,10370446,11.3905325443787,,0,0,0,,,0,0,,77,,770,1
EA,cluster§pizza§pizza.mp4§man,1,10370290,10370446,7.10059171597633,,0,0,0,,,0,0,,78,,780,1
EA,cluster§pizza§pizza.mp4§man,1,10370290,10370446,12.2781065088757,50.6024096385542,10,4.2,4.2,0.500402423538188,0.721928094887362,67.4698795180723,4,,79,,790,1
EA,cluster§pizza§pizza.mp4§man,1,10370290,10370446,11.094674556213,,0,0,0,,,0,0,,80,,800,1
EA,cluster§pizza§pizza.mp4§man,1,10370290,10370446,11.5384615384615,,0,0,0,,,0,0,,81,,810,1
EA,cluster§pizza§pizza.mp4§man,1,10370290,10370446,7.24852071005917,,0,0,0,,,0,0,,82,,820,1
EA,cluster§pizza§pizza.mp4§man,1,10370290,10370446,9.02366863905326,,0,0,0,,,0,0,,83,,830,1
EA,cluster§pizza§pizza.mp4§man,1,10370290,10370446,6.65680473372781,,0,0,0,,,0,0,,84,,840,1
EA,cluster§pizza§pizza.mp4§man,1,10370290,10370446,8.57988165680473,6.89655172413793,1,4,4,0,,20.6896551724138,2.4,,85,,850,1
EA,cluster§pizza§pizza.mp4§man,1,10370290,10370446,11.5384615384615,15.3846153846154,3,4,4,0,,53.8461538461539,2.33333333333333,,86,,860,1
EA,cluster§pizza§pizza.mp4§man,1,10370290,10370446,9.02366863905326,16.3934426229508,2,5,5,0,,60.655737704918,4.11111111111111,,87,,870,1
EA,cluster§pizza§pizza.mp4§man,1,10370290,10370446,14.792899408284,33,6,5.5,5.5,1.32966134885476,0.959147917027245,48,4,,88,,880,1
EA,cluster§pizza§pizza.mp4§man,1,10370290,10370446,5.76923076923077,,0,0,0,,,0,0,,89,,890,1
EA,cluster§pizza§pizza.mp4§man,1,10370290,10370446,12.7218934911243,15.1162790697674,3,4.33333333333333,4.33333333333333,0.636514168294813,0.918295834054489,59.3023255813954,2.21739130434783,,90,,900,1
EA,cluster§pizza§pizza.mp4§man,1,10370290,10370446,4.14201183431953,,0,0,0,,,0,0,,91,,910,1
EA,cluster§pizza§pizza.mp4§man,1,10370290,10370446,10.7988165680473,5.47945205479452,1,4,4,0,,15.0684931506849,2.75,,92,,920,1
EA,cluster§pizza§pizza.mp4§man,1,10370290,10370446,9.61538461538462,6.15384615384615,1,4,4,0,,7.69230769230769,2.5,,93,,930,1
EA,cluster§pizza§pizza.mp4§man,1,10370290,10370446,12.1301775147929,15.8536585365854,3,4.33333333333333,4.33333333333333,0.636514168294813,0.918295834054489,26.8292682926829,2.44444444444444,,94,,940,1
EA,cluster§pizza§pizza.mp4§man,1,10370290,10370446,13.4615384615385,17.5824175824176,3,5.33333333333333,5.33333333333333,0.636514168294813,0.918295834054489,65.9340659340659,2.60869565217391,,95,,950,1
EA,cluster§pizza§pizza.mp4§man,1,10370290,10370446,15.9763313609467,32.4074074074074,8,4.375,4.375,0.661563238157982,0.954434002924965,82.4074074074074,4.04545454545455,,96,,960,1
EA,cluster§pizza§pizza.mp4§man,1,10370290,10370446,17.4556213017752,43.2203389830509,9,5.66666666666667,5.66666666666667,0.683738905848754,0.622365972874449,89.8305084745763,5.57894736842105,,97,,970,1
EA,cluster§pizza§pizza.mp4§man,1,10370290,10370446,11.5384615384615,,0,0,0,,,0,0,,98,,980,1
EA,cluster§pizza§pizza.mp4§man,1,10370290,10370446,15.8284023668639,9.34579439252336,2,5,5,0.693147180559945,1,76.6355140186916,2.82758620689655,,99,,990,1
EA,cluster§pizza§pizza.mp4§man,1,10370290,10370446,15.0887573964497,18.6274509803922,4,4.75,4.75,0.562335144618808,0.811278124459133,66.6666666666667,2.83333333333333,,100,,1000,1
EA,cluster§pizza§pizza.mp4§man,1,10370290,10370446,14.2011834319527,21.875,4,5.25,5.25,1.03972077083992,0.946394630357186,59.375,2.28,,101,,1010,1
EA,cluster§pizza§pizza.mp4§man,1,10370290,10370446,3.10650887573965,,0,0,0,,,0,0,,102,,1020,1
EA,cluster§pizza§pizza.mp4§man,1,10370290,10370446,7.39644970414201,,0,0,0,,,0,0,,103,,1030,1
EA,cluster§pizza§pizza.mp4§man,1,10370290,10370446,10.3550295857988,,0,0,0,,,0,0,,104,,1040,1
EA,cluster§pizza§pizza.mp4§man,1,10370290,10370446,12.2781065088757,13.2530120481928,2,5.5,5.5,0.693147180559945,1,44.5783132530121,2.46666666666667,,105,,1050,1
EA,cluster§pizza§pizza.mp4§man,1,10370290,10370446,11.6863905325444,20.253164556962,3,5.33333333333333,5.33333333333333,0.636514168294813,0.918295834054489,58.2278481012658,3.06666666666667,,106,,1060,1
EA,cluster§pizza§pizza.mp4§man,1,10370290,10370446,8.72781065088758,6.77966101694915,1,4,4,0,,40.6779661016949,2.66666666666667,,107,,1070,1
EA,cluster§pizza§pizza.mp4§man,1,10370290,10370446,8.13609467455621,9.09090909090909,1,5,5,0,,58.1818181818182,2.13333333333333,,108,,1080,1
EA,cluster§pizza§pizza.mp4§man,1,10370290,10370446,6.95266272189349,10.6382978723404,1,5,5,0,,21.2765957446809,2,,109,,1090,1
EA,cluster§pizza§pizza.mp4§man,1,10370290,10370446,6.36094674556213,,0,0,0,,,0,0,,110,,1100,1
EA,cluster§pizza§pizza.mp4§man,1,10370290,10370446,5.02958579881657,,0,0,0,,,0,0,,111,,1110,1
EA,cluster§pizza§pizza.mp4§man,1,10370290,10370446,3.10650887573965,,0,0,0,,,0,0,,112,,1120,1
EA,cluster§pizza§pizza.mp4§man,1,10370290,10370446,8.43195266272189,,0,0,0,,,0,0,,113,,1130,1
EA,cluster§pizza§pizza.mp4§man,1,10370290,10370446,12.5739644970414,21.1764705882353,3,6,6,0.636514168294813,0.918295834054489,57.6470588235294,2.57894736842105,,114,,1140,1
EA,cluster§pizza§pizza.mp4§man,1,10370290,10370446,16.7159763313609,53.9823008849558,11,5.54545454545455,5.54545454545455,1.16222554492109,0.838368515026066,60.1769911504425,5.23076923076923,,115,,1150,1
EA,cluster§pizza§pizza.mp4§man,1,10370290,10370446,8.72781065088758,,0,0,0,,,0,0,,116,,1160,1
EA,cluster§pizza§pizza.mp4§man,1,10370290,10370446,4.58579881656805,,0,0,0,,,0,0,,117,,1170,1
EA,cluster§pizza§pizza.mp4§man,1,10370290,10370446,2.36686390532544,,0,0,0,,,0,0,,118,,1180,1
EA,cluster§pizza§pizza.mp4§man,1,10370290,10370446,1.62721893491124,,0,0,0,,,0,0,,119,,1190,1
EA,cluster§pizza§pizza.mp4§man,1,10370290,10370446,2.51479289940828,,0,0,0,,,0,0,,120,,1200,1
EA,cluster§pizza§pizza.mp4§man,1,10370290,10370446,4.73372781065089,,0,0,0,,,0,0,,121,,1210,1
EA,cluster§pizza§pizza.mp4§man,1,10370290,10370446,9.61538461538462,12.3076923076923,2,4,4,0,,32.3076923076923,3,,122,,1220,1
EA,cluster§pizza§pizza.mp4§man,1,10370290,10370446,8.72781065088758,15.2542372881356,2,4.5,4.5,0.693147180559945,1,18.6440677966102,2.75,,123,,1230,1
EA,cluster§pizza§pizza.mp4§man,1,10370290,10370446,7.24852071005917,,0,0,0,,,0,0,,124,,1240,1
EA,cluster§pizza§pizza.mp4§man,1,10370290,10370446,3.10650887573965,,0,0,0,,,0,0,,125,,1250,1
EA,cluster§pizza§pizza.mp4§man,1,10370290,10370446,4.88165680473373,,0,0,0,,,0,0,,126,,1260,1
EA,cluster§pizza§pizza.mp4§man,1,10370290,10370446,10.7988165680473,5.47945205479452,1,4,4,0,,0,,,127,,1270,1
EA,cluster§pizza§pizza.mp4§man,1,10370290,10370446,4.73372781065089,,0,0,0,,,0,0,,128,,1280,1
EA,cluster§pizza§pizza.mp4§man,1,10370290,10370446,17.3076923076923,48.7179487179487,13,4.38461538461539,4.38461538461539,0.79026796807459,0.719332904088177,83.7606837606838,7,,129,,1290,1
EA,cluster§pizza§pizza.mp4§man,1,10370290,10370446,19.3786982248521,64.1221374045801,14,6,6,1.63079910458564,0.910166310039506,90.8396946564885,5.40909090909091,,130,,1300,1
EA,cluster§pizza§pizza.mp4§man,1,10370290,10370446,11.8343195266272,,0,0,0,,,0,0,,131,,1310,1
EA,cluster§pizza§pizza.mp4§man,1,10370290,10370446,8.43195266272189,7.01754385964912,1,4,4,0,,47.3684210526316,2.07692307692308,,132,,1320,1
EA,cluster§pizza§pizza.mp4§man,1,10370290,10370446,7.84023668639053,7.54716981132076,1,4,4,0,,24.5283018867925,2.16666666666667,,133,,1330,1
EA,cluster§pizza§pizza.mp4§man,1,10370290,10370446,6.06508875739645,,0,0,0,,,0,0,,134,,1340,1
EA,cluster§pizza§pizza.mp4§man,1,10370290,10370446,8.13609467455621,,0,0,0,,,0,0,,135,,1350,1
EA,cluster§pizza§pizza.mp4§man,1,10370290,10370446,10.9467455621302,47.2972972972973,7,5,5,1.07899220787758,0.982141032834875,62.1621621621622,3.53846153846154,,136,,1360,1
EA,cluster§pizza§pizza.mp4§man,1,10370290,10370446,11.094674556213,13.3333333333333,2,5,5,0.693147180559945,1,70.6666666666667,2.94444444444444,,137,,1370,1
EA,cluster§pizza§pizza.mp4§man,1,10370290,10370446,13.0177514792899,20.4545454545455,3,6,6,1.09861228866811,1,51.1363636363636,2.25,,138,,1380,1
EA,cluster§pizza§pizza.mp4§man,1,10370290,10370446,0,,0,0,0,,,,,,139,,1390,1
EA,cluster§pizza§pizza.mp4§man,2,10370290,10370528,7.98816568047337,20.3703703703704,2,5.5,5.5,0.693147180559945,1,20.3703703703704,2.2,,1,,10,1
EA,cluster§pizza§pizza.mp4§man,2,10370290,10370528,6.36094674556213,9.30232558139535,1,4,4,0,,23.2558139534884,2,,2,,20,1
EA,cluster§pizza§pizza.mp4§man,2,10370290,10370528,14.792899408284,,0,0,0,,,0,0,,3,,30,1
EA,cluster§pizza§pizza.mp4§man,2,10370290,10370528,15.2366863905325,3.88349514563107,1,4,4,0,,39.8058252427185,2.73333333333333,,4,,40,1
EA,cluster§pizza§pizza.mp4§man,2,10370290,10370528,6.65680473372781,,0,0,0,,,0,0,,5,,50,1
EA,cluster§pizza§pizza.mp4§man,2,10370290,10370528,6.65680473372781,,0,0,0,,,0,0,,6,,60,1
EA,cluster§pizza§pizza.mp4§man,2,10370290,10370528,6.50887573964497,,0,0,0,,,0,0,,7,,70,1
EA,cluster§pizza§pizza.mp4§man,2,10370290,10370528,10.5029585798817,16.9014084507042,3,4,4,0,,28.169014084507,2.85714285714286,,8,,80,1
EA,cluster§pizza§pizza.mp4§man,2,10370290,10370528,3.84615384615385,,0,0,0,,,0,0,,9,,90,1
EA,cluster§pizza§pizza.mp4§man,2,10370290,10370528,4.58579881656805,,0,0,0,,,0,0,,10,,100,1
EA,cluster§pizza§pizza.mp4§man,2,10370290,10370528,5.91715976331361,,0,0,0,,,0,0,,11,,110,1
EA,cluster§pizza§pizza.mp4§man,2,10370290,10370528,7.10059171597633,,0,0,0,,,0,0,,12,,120,1
EA,cluster§pizza§pizza.mp4§man,2,10370290,10370528,11.2426035502959,,0,0,0,,,0,0,,13,,130,1
EA,cluster§pizza§pizza.mp4§man,2,10370290,10370528,10.3550295857988,,0,0,0,,,0,0,,14,,140,1
EA,cluster§pizza§pizza.mp4§man,2,10370290,10370528,14.2011834319527,,0,0,0,,,0,0,,15,,150,1
EA,cluster§pizza§pizza.mp4§man,2,10370290,10370528,7.84023668639053,,0,0,0,,,0,0,,16,,160,1
EA,cluster§pizza§pizza.mp4§man,2,10370290,10370528,10.5029585798817,5.63380281690141,1,4,4,0,,30.9859154929577,2.2,,17,,170,1
EA,cluster§pizza§pizza.mp4§man,2,10370290,10370528,11.094674556213,6.66666666666667,1,5,5,0,,38.6666666666667,2.63636363636364,,18,,180,1
EA,cluster§pizza§pizza.mp4§man,2,10370290,10370528,10.5029585798817,22.5352112676056,4,4,4,0,,43.6619718309859,2.58333333333333,,19,,190,1
EA,cluster§pizza§pizza.mp4§man,2,10370290,10370528,13.7573964497041,69.8924731182796,14,4.64285714285714,4.64285714285714,0.651756561172653,0.940285958670631,95.6989247311828,8.9,,20,,200,1
EA,cluster§pizza§pizza.mp4§man,2,10370290,10370528,24.112426035503,81.5950920245399,21,6.33333333333333,6.33333333333333,1.8442381501342,0.947750928289019,94.478527607362,9.05882352941176,,21,,210,1
EA,cluster§pizza§pizza.mp4§man,2,10370290,10370528,26.3313609467456,89.8876404494382,20,8,8,1.94337792575329,0.934567232019116,94.9438202247191,14.0833333333333,,22,,220,1
EA,cluster§pizza§pizza.mp4§man,2,10370290,10370528,11.6863905325444,10.126582278481,2,4,4,0,,29.1139240506329,2.3,,23,,230,1
EA,cluster§pizza§pizza.mp4§man,2,10370290,10370528,9.46745562130178,12.5,2,4,4,0,,34.375,2.2,,24,,240,1
EA,cluster§pizza§pizza.mp4§man,2,10370290,10370528,7.69230769230769,7.69230769230769,1,4,4,0,,15.3846153846154,2,,25,,250,1
EA,cluster§pizza§pizza.mp4§man,2,10370290,10370528,0.29585798816568,,0,0,0,,,0,0,,26,,260,1
EA,cluster§pizza§pizza.mp4§man,2,10370290,10370528,1.4792899408284,,0,0,0,,,0,0,,27,,270,1
EA,cluster§pizza§pizza.mp4§man,2,10370290,10370528,14.6449704142012,,0,0,0,,,0,0,,28,,280,1
EA,cluster§pizza§pizza.mp4§man,2,10370290,10370528,8.87573964497041,,0,0,0,,,0,0,,29,,290,1
EA,cluster§pizza§pizza.mp4§man,2,10370290,10370528,7.10059171597633,,0,0,0,,,0,0,,30,,300,1
EA,cluster§pizza§pizza.mp4§man,2,10370290,10370528,19.2307692307692,6.15384615384615,2,4,4,0,,46.9230769230769,2.9047619047619,,31,,310,1
EA,cluster§pizza§pizza.mp4§man,2,10370290,10370528,7.84023668639053,18.8679245283019,2,5,5,0,,28.3018867924528,2.5,,32,,320,1
EA,cluster§pizza§pizza.mp4§man,2,10370290,10370528,6.65680473372781,,0,0,0,,,0,0,,33,,330,1
EA,cluster§pizza§pizza.mp4§man,2,10370290,10370528,7.10059171597633,,0,0,0,,,0,0,,34,,340,1
EA,cluster§pizza§pizza.mp4§man,2,10370290,10370528,13.1656804733728,13.4831460674157,3,4,4,0,,48.314606741573,2.38888888888889,,35,,350,1
EA,cluster§pizza§pizza.mp4§man,2,10370290,10370528,8.28402366863906,,0,0,0,,,0,0,,36,,360,1
EA,cluster§pizza§pizza.mp4§man,2,10370290,10370528,5.17751479289941,,0,0,0,,,0,0,,37,,370,1
EA,cluster§pizza§pizza.mp4§man,2,10370290,10370528,9.76331360946746,,0,0,0,,,0,0,,38,,380,1
EA,cluster§pizza§pizza.mp4§man,2,10370290,10370528,8.72781065088758,,0,0,0,,,0,0,,39,,390,1
EA,cluster§pizza§pizza.mp4§man,2,10370290,10370528,6.95266272189349,,0,0,0,,,0,0,,40,,400,1
EA,cluster§pizza§pizza.mp4§man,2,10370290,10370528,8.28402366863906,14.2857142857143,2,4,4,0,,17.8571428571429,2.5,,41,,410,1
EA,cluster§pizza§pizza.mp4§man,2,10370290,10370528,11.6863905325444,,0,0,0,,,0,0,,42,,420,1
EA,cluster§pizza§pizza.mp4§man,2,10370290,10370528,9.61538461538462,,0,0,0,,,0,0,,43,,430,1
EA,cluster§pizza§pizza.mp4§man,2,10370290,10370528,11.094674556213,,0,0,0,,,0,0,,44,,440,1
EA,cluster§pizza§pizza.mp4§man,2,10370290,10370528,7.98816568047337,,0,0,0,,,0,0,,45,,450,1
EA,cluster§pizza§pizza.mp4§man,2,10370290,10370528,17.0118343195266,40,9,5.11111111111111,5.11111111111111,0.995026990179521,0.905712598013837,45.2173913043478,4.33333333333333,,46,,460,1
EA,cluster§pizza§pizza.mp4§man,2,10370290,10370528,8.13609467455621,,0,0,0,,,0,0,,47,,470,1
EA,cluster§pizza§pizza.mp4§man,2,10370290,10370528,4.43786982248521,,0,0,0,,,0,0,,48,,480,1
EA,cluster§pizza§pizza.mp4§man,2,10370290,10370528,7.84023668639053,11.3207547169811,1,6,6,0,,16.9811320754717,2.25,,49,,490,1
EA,cluster§pizza§pizza.mp4§man,2,10370290,10370528,7.10059171597633,,0,0,0,,,0,0,,50,,500,1
EA,cluster§pizza§pizza.mp4§man,2,10370290,10370528,12.4260355029586,14.2857142857143,3,4,4,0,,30.952380952381,3.71428571428571,,51,,510,1
EA,cluster§pizza§pizza.mp4§man,2,10370290,10370528,11.8343195266272,11.25,2,4.5,4.5,0.693147180559945,1,28.75,2.55555555555556,,52,,520,1
EA,cluster§pizza§pizza.mp4§man,2,10370290,10370528,10.7988165680473,5.47945205479452,1,4,4,0,,24.6575342465753,2.25,,53,,530,1
EA,cluster§pizza§pizza.mp4§man,2,10370290,10370528,14.2011834319527,11.4583333333333,2,5.5,5.5,0.693147180559945,1,51.0416666666667,2.88235294117647,,54,,540,1
EA,cluster§pizza§pizza.mp4§man,2,10370290,10370528,20.414201183432,50.7246376811594,13,5.38461538461539,5.38461538461539,1.09059947377948,0.786701226208884,97.8260869565217,5.86956521739131,,55,,550,1
EA,cluster§pizza§pizza.mp4§man,2,10370290,10370528,18.6390532544379,46.8253968253968,11,5.36363636363636,5.36363636363636,1.2406842919534,0.894964537655,92.0634920634921,5.52380952380952,,56,,560,1
EA,cluster§pizza§pizza.mp4§man,2,10370290,10370528,19.3786982248521,63.3587786259542,17,4.88235294117647,4.88235294117647,1.11506598409643,0.804350082759946,95.4198473282443,5.95238095238095,,57,,570,1
EA,cluster§pizza§pizza.mp4§man,2,10370290,10370528,17.1597633136095,50,13,4.46153846153846,4.46153846153846,0.690185676018804,0.995727452084926,80.1724137931035,6.2,,58,,580,1
EA,cluster§pizza§pizza.mp4§man,2,10370290,10370528,7.98816568047337,,0,0,0,,,0,0,,59,,590,1
EA,cluster§pizza§pizza.mp4§man,2,10370290,10370528,6.65680473372781,,0,0,0,,,0,0,,60,,600,1
EA,cluster§pizza§pizza.mp4§man,2,10370290,10370528,9.31952662721894,,0,0,0,,,0,0,,61,,610,1
EA,cluster§pizza§pizza.mp4§man,2,10370290,10370528,7.98816568047337,,0,0,0,,,0,0,,62,,620,1
EA,cluster§pizza§pizza.mp4§man,2,10370290,10370528,7.24852071005917,,0,0,0,,,0,0,,63,,630,1
EA,cluster§pizza§pizza.mp4§man,2,10370290,10370528,5.91715976331361,,0,0,0,,,0,0,,64,,640,1
EA,cluster§pizza§pizza.mp4§man,2,10370290,10370528,13.905325443787,11.7021276595745,2,5.5,5.5,0.693147180559945,1,57.4468085106383,2.7,,65,,650,1
EA,cluster§pizza§pizza.mp4§man,2,10370290,10370528,11.6863905325444,5.06329113924051,1,4,4,0,,65.8227848101266,2.47619047619048,,66,,660,1
EA,cluster§pizza§pizza.mp4§man,2,10370290,10370528,8.57988165680473,,0,0,0,,,0,0,,67,,670,1
EA,cluster§pizza§pizza.mp4§man,2,10370290,10370528,9.46745562130178,18.75,2,6,6,0.693147180559945,1,29.6875,2.11111111111111,,68,,680,1
EA,cluster§pizza§pizza.mp4§man,2,10370290,10370528,8.13609467455621,,0,0,0,,,0,0,,69,,690,1
EA,cluster§pizza§pizza.mp4§man,2,10370290,10370528,7.39644970414201,,0,0,0,,,0,0,,70,,700,1
EA,cluster§pizza§pizza.mp4§man,2,10370290,10370528,7.10059171597633,16.6666666666667,2,4,4,0,,0,,,71,,710,1
EA,cluster§pizza§pizza.mp4§man,2,10370290,10370528,9.17159763313609,,0,0,0,,,0,0,,72,,720,1
EA,cluster§pizza§pizza.mp4§man,2,10370290,10370528,11.2426035502959,,0,0,0,,,0,0,,73,,730,1
EA,cluster§pizza§pizza.mp4§man,2,10370290,10370528,6.65680473372781,,0,0,0,,,0,0,,74,,740,1
EA,cluster§pizza§pizza.mp4§man,2,10370290,10370528,8.28402366863906,14.2857142857143,2,4,4,0,,39.2857142857143,2.44444444444444,,75,,750,1
EA,cluster§pizza§pizza.mp4§man,2,10370290,10370528,11.2426035502959,19.7368421052632,3,5,5,0,,53.9473684210526,2.5625,,76,,760,1
EA,cluster§pizza§pizza.mp4§man,2,10370290,10370528,13.905325443787,15.9574468085106,3,5,5,0,,45.7446808510638,2.86666666666667,,77,,770,1
EA,cluster§pizza§pizza.mp4§man,2,10370290,10370528,12.7218934911243,,0,0,0,,,0,0,,78,,780,1
EA,cluster§pizza§pizza.mp4§man,2,10370290,10370528,5.02958579881657,,0,0,0,,,0,0,,79,,790,1
EA,cluster§pizza§pizza.mp4§man,2,10370290,10370528,3.10650887573965,,0,0,0,,,0,0,,80,,800,1
EA,cluster§pizza§pizza.mp4§man,2,10370290,10370528,2.36686390532544,,0,0,0,,,0,0,,81,,810,1
EA,cluster§pizza§pizza.mp4§man,2,10370290,10370528,9.46745562130178,29.6875,4,4.75,4.75,0.562335144618808,0.811278124459133,71.875,2.70588235294118,,82,,820,1
EA,cluster§pizza§pizza.mp4§man,2,10370290,10370528,13.905325443787,4.25531914893617,1,4,4,0,,55.3191489361702,2.16666666666667,,83,,830,1
EA,cluster§pizza§pizza.mp4§man,2,10370290,10370528,12.2781065088757,6.02409638554217,1,5,5,0,,21.6867469879518,2.25,,84,,840,1
EA,cluster§pizza§pizza.mp4§man,2,10370290,10370528,13.7573964497041,17.2043010752688,3,5.33333333333333,5.33333333333333,0.636514168294813,0.918295834054489,54.8387096774194,2.68421052631579,,85,,850,1
EA,cluster§pizza§pizza.mp4§man,2,10370290,10370528,13.0177514792899,25,5,4.4,4.4,0.673011667009257,0.970950594454669,65.9090909090909,3.41176470588235,,86,,860,1
EA,cluster§pizza§pizza.mp4§man,2,10370290,10370528,7.69230769230769,7.69230769230769,1,4,4,0,,42.3076923076923,2.44444444444444,,87,,870,1
EA,cluster§pizza§pizza.mp4§man,2,10370290,10370528,11.2426035502959,22.3684210526316,4,4.25,4.25,0.562335144618808,0.811278124459133,53.9473684210526,2.5625,,88,,880,1
EA,cluster§pizza§pizza.mp4§man,2,10370290,10370528,12.8698224852071,,0,0,0,,,0,0,,89,,890,1
EA,cluster§pizza§pizza.mp4§man,2,10370290,10370528,10.6508875739645,,0,0,0,,,0,0,,90,,900,1
EA,cluster§pizza§pizza.mp4§man,2,10370290,10370528,3.25443786982249,,0,0,0,,,0,0,,91,,910,1
EA,cluster§pizza§pizza.mp4§man,2,10370290,10370528,9.46745562130178,,0,0,0,,,0,0,,92,,920,1
EA,cluster§pizza§pizza.mp4§man,2,10370290,10370528,10.207100591716,,0,0,0,,,0,0,,93,,930,1
EA,cluster§pizza§pizza.mp4§man,2,10370290,10370528,9.46745562130178,,0,0,0,,,0,0,,94,,940,1
EA,cluster§pizza§pizza.mp4§man,2,10370290,10370528,13.3136094674556,18.8888888888889,4,4.25,4.25,0.562335144618808,0.811278124459133,46.6666666666667,2.8,,95,,950,1
EA,cluster§pizza§pizza.mp4§man,2,10370290,10370528,15.2366863905325,34.9514563106796,8,4.5,4.5,0.900256051268537,0.819448371872804,65.0485436893204,3.72222222222222,,96,,960,1
EA,cluster§pizza§pizza.mp4§man,2,10370290,10370528,9.46745562130178,14.0625,2,4.5,4.5,0.693147180559945,1,50,2.90909090909091,,97,,970,1
EA,cluster§pizza§pizza.mp4§man,2,10370290,10370528,8.87573964497041,,0,0,0,,,0,0,,98,,980,1
EA,cluster§pizza§pizza.mp4§man,2,10370290,10370528,9.46745562130178,9.375,1,6,6,0,,17.1875,2.75,,99,,990,1
EA,cluster§pizza§pizza.mp4§man,2,10370290,10370528,11.2426035502959,,0,0,0,,,0,0,,100,,1000,1
EA,cluster§pizza§pizza.mp4§man,2,10370290,10370528,4.73372781065089,,0,0,0,,,0,0,,101,,1010,1
EA,cluster§pizza§pizza.mp4§man,2,10370290,10370528,3.84615384615385,,0,0,0,,,0,0,,102,,1020,1
EA,cluster§pizza§pizza.mp4§man,2,10370290,10370528,3.25443786982249,,0,0,0,,,0,0,,103,,1030,1
EA,cluster§pizza§pizza.mp4§man,2,10370290,10370528,8.57988165680473,,0,0,0,,,0,0,,104,,1040,1
EA,cluster§pizza§pizza.mp4§man,2,10370290,10370528,9.9112426035503,7.46268656716418,1,5,5,0,,8.95522388059701,2,,105,,1050,1
EA,cluster§pizza§pizza.mp4§man,2,10370290,10370528,5.02958579881657,,0,0,0,,,0,0,,106,,1060,1
EA,cluster§pizza§pizza.mp4§man,2,10370290,10370528,1.18343195266272,,0,0,0,,,0,0,,107,,1070,1
EA,cluster§pizza§pizza.mp4§man,2,10370290,10370528,4.14201183431953,,0,0,0,,,0,0,,108,,1080,1
EA,cluster§pizza§pizza.mp4§man,2,10370290,10370528,11.8343195266272,,0,0,0,,,0,0,,109,,1090,1
EA,cluster§pizza§pizza.mp4§man,2,10370290,10370528,7.69230769230769,,0,0,0,,,0,0,,110,,1100,1
EA,cluster§pizza§pizza.mp4§man,2,10370290,10370528,6.65680473372781,8.88888888888889,1,4,4,0,,42.2222222222222,2.11111111111111,,111,,1110,1
EA,cluster§pizza§pizza.mp4§man,2,10370290,10370528,7.54437869822485,7.84313725490196,1,4,4,0,,27.4509803921569,2,,112,,1120,1
EA,cluster§pizza§pizza.mp4§man,2,10370290,10370528,8.57988165680473,,0,0,0,,,0,0,,113,,1130,1
EA,cluster§pizza§pizza.mp4§man,2,10370290,10370528,3.99408284023669,14.8148148148148,1,4,4,0,,25.9259259259259,2.33333333333333,,114,,1140,1
EA,cluster§pizza§pizza.mp4§man,2,10370290,10370528,5.47337278106509,,0,0,0,,,0,0,,115,,1150,1
EA,cluster§pizza§pizza.mp4§man,2,10370290,10370528,4.88165680473373,,0,0,0,,,0,0,,116,,1160,1
EA,cluster§pizza§pizza.mp4§man,2,10370290,10370528,5.76923076923077,15.3846153846154,1,6,6,0,,41.025641025641,2.28571428571429,,117,,1170,1
EA,cluster§pizza§pizza.mp4§man,2,10370290,10370528,4.14201183431953,,0,0,0,,,0,0,,118,,1180,1
EA,cluster§pizza§pizza.mp4§man,2,10370290,10370528,6.80473372781065,,0,0,0,,,0,0,,119,,1190,1
EA,cluster§pizza§pizza.mp4§man,2,10370290,10370528,2.81065088757396,,0,0,0,,,0,0,,120,,1200,1
EA,cluster§pizza§pizza.mp4§man,2,10370290,10370528,6.36094674556213,,0,0,0,,,0,0,,121,,1210,1
EA,cluster§pizza§pizza.mp4§man,2,10370290,10370528,9.31952662721894,6.34920634920635,1,4,4,0,,47.6190476190476,3,,122,,1220,1
EA,cluster§pizza§pizza.mp4§man,2,10370290,10370528,6.80473372781065,,0,0,0,,,0,0,,123,,1230,1
EA,cluster§pizza§pizza.mp4§man,2,10370290,10370528,5.47337278106509,,0,0,0,,,0,0,,124,,1240,1
EA,cluster§pizza§pizza.mp4§man,2,10370290,10370528,5.17751479289941,,0,0,0,,,0,0,,125,,1250,1
EA,cluster§pizza§pizza.mp4§man,2,10370290,10370528,4.43786982248521,,0,0,0,,,0,0,,126,,1260,1
EA,cluster§pizza§pizza.mp4§man,2,10370290,10370528,6.80473372781065,,0,0,0,,,0,0,,127,,1270,1
EA,cluster§pizza§pizza.mp4§man,2,10370290,10370528,7.84023668639053,,0,0,0,,,0,0,,128,,1280,1
EA,cluster§pizza§pizza.mp4§man,2,10370290,10370528,12.2781065088757,25.3012048192771,4,5.25,5.25,1.03972077083992,0.946394630357186,44.5783132530121,2.84615384615385,,129,,1290,1
EA,cluster§pizza§pizza.mp4§man,2,10370290,10370528,7.84023668639053,,0,0,0,,,0,0,,130,,1300,1
EA,cluster§pizza§pizza.mp4§man,2,10370290,10370528,4.43786982248521,,0,0,0,,,0,0,,131,,1310,1
EA,cluster§pizza§pizza.mp4§man,2,10370290,10370528,7.24852071005917,,0,0,0,,,0,0,,132,,1320,1
EA,cluster§pizza§pizza.mp4§man,2,10370290,10370528,5.76923076923077,10.2564102564103,1,4,4,0,,30.7692307692308,2,,133,,1330,1
EA,cluster§pizza§pizza.mp4§man,2,10370290,10370528,9.31952662721894,,0,0,0,,,0,0,,134,,1340,1
EA,cluster§pizza§pizza.mp4§man,2,10370290,10370528,7.84023668639053,9.43396226415094,1,5,5,0,,49.0566037735849,2.16666666666667,,135,,1350,1
EA,cluster§pizza§pizza.mp4§man,2,10370290,10370528,5.62130177514793,,0,0,0,,,0,0,,136,,1360,1
EA,cluster§pizza§pizza.mp4§man,2,10370290,10370528,6.80473372781065,,0,0,0,,,0,0,,137,,1370,1
EA,cluster§pizza§pizza.mp4§man,2,10370290,10370528,9.17159763313609,6.45161290322581,1,4,4,0,,0,,,138,,1380,1
EA,cluster§pizza§pizza.mp4§man,2,10370290,10370528,0,,0,0,0,,,,,,139,,1390,1
EA,cluster§pizza§pizza.mp4§man,3,10370446,10370528,12.2781065088757,9.63855421686747,2,4,4,0,,25.3012048192771,2.33333333333333,,1,,10,1
EA,cluster§pizza§pizza.mp4§man,3,10370446,10370528,11.094674556213,,0,0,0,,,0,0,,2,,20,1
EA,cluster§pizza§pizza.mp4§man,3,10370446,10370528,8.57988165680473,15.5172413793103,2,4.5,4.5,0.693147180559945,1,3.44827586206897,2,,3,,30,1
EA,cluster§pizza§pizza.mp4§man,3,10370446,10370528,7.10059171597633,8.33333333333333,1,4,4,0,,8.33333333333333,2,,4,,40,1
EA,cluster§pizza§pizza.mp4§man,3,10370446,10370528,13.4615384615385,30.7692307692308,5,5.6,5.6,1.05492016798614,0.960229717860761,37.3626373626374,2.26666666666667,,5,,50,1
EA,cluster§pizza§pizza.mp4§man,3,10370446,10370528,10.3550295857988,30,5,4.2,4.2,0.500402423538188,0.721928094887362,17.1428571428571,2,,6,,60,1
EA,cluster§pizza§pizza.mp4§man,3,10370446,10370528,9.9112426035503,5.97014925373134,1,4,4,0,,11.9402985074627,2,,7,,70,1
EA,cluster§pizza§pizza.mp4§man,3,10370446,10370528,8.28402366863906,17.8571428571429,2,5,5,0.693147180559945,1,7.14285714285714,2,,8,,80,1
EA,cluster§pizza§pizza.mp4§man,3,10370446,10370528,9.02366863905326,49.1803278688525,6,5,5,0.693147180559945,1,0,,,9,,90,1
EA,cluster§pizza§pizza.mp4§man,3,10370446,10370528,9.02366863905326,16.3934426229508,2,5,5,0.693147180559945,1,6.55737704918033,2,,10,,100,1
EA,cluster§pizza§pizza.mp4§man,3,10370446,10370528,7.84023668639053,7.54716981132076,1,4,4,0,,16.9811320754717,2.25,,11,,110,1
EA,cluster§pizza§pizza.mp4§man,3,10370446,10370528,9.9112426035503,,0,0,0,,,0,0,,12,,120,1
EA,cluster§pizza§pizza.mp4§man,3,10370446,10370528,10.7988165680473,21.9178082191781,4,4,4,0,,20.5479452054795,2.14285714285714,,13,,130,1
EA,cluster§pizza§pizza.mp4§man,3,10370446,10370528,9.31952662721894,,0,0,0,,,0,0,,14,,140,1
EA,cluster§pizza§pizza.mp4§man,3,10370446,10370528,10.207100591716,,0,0,0,,,0,0,,15,,150,1
EA,cluster§pizza§pizza.mp4§man,3,10370446,10370528,8.87573964497041,,0,0,0,,,0,0,,16,,160,1
EA,cluster§pizza§pizza.mp4§man,3,10370446,10370528,10.6508875739645,15.2777777777778,2,5.5,5.5,0.693147180559945,1,44.4444444444444,2.28571428571429,,17,,170,1
EA,cluster§pizza§pizza.mp4§man,3,10370446,10370528,10.5029585798817,25.3521126760563,3,6,6,0.636514168294813,0.918295834054489,35.2112676056338,2.27272727272727,,18,,180,1
EA,cluster§pizza§pizza.mp4§man,3,10370446,10370528,9.46745562130178,14.0625,2,4.5,4.5,0.693147180559945,1,10.9375,2.33333333333333,,19,,190,1
EA,cluster§pizza§pizza.mp4§man,3,10370446,10370528,2.9585798816568,,0,0,0,,,0,0,,20,,200,1
EA,cluster§pizza§pizza.mp4§man,3,10370446,10370528,3.25443786982249,,0,0,0,,,0,0,,21,,210,1
EA,cluster§pizza§pizza.mp4§man,3,10370446,10370528,2.81065088757396,,0,0,0,,,0,0,,22,,220,1
EA,cluster§pizza§pizza.mp4§man,3,10370446,10370528,11.094674556213,17.3333333333333,3,4.33333333333333,4.33333333333333,0.636514168294813,0.918295834054489,10.6666666666667,2,,23,,230,1
EA,cluster§pizza§pizza.mp4§man,3,10370446,10370528,6.21301775147929,9.52380952380952,1,4,4,0,,21.4285714285714,2.25,,24,,240,1
EA,cluster§pizza§pizza.mp4§man,3,10370446,10370528,9.02366863905326,13.1147540983607,2,4,4,0,,32.7868852459016,2.22222222222222,,25,,250,1
EA,cluster§pizza§pizza.mp4§man,3,10370446,10370528,10.0591715976331,7.35294117647059,1,5,5,0,,16.1764705882353,2.2,,26,,260,1
EA,cluster§pizza§pizza.mp4§man,3,10370446,10370528,10.7988165680473,13.6986301369863,2,5,5,0,,10.958904109589,2,,27,,270,1
EA,cluster§pizza§pizza.mp4§man,3,10370446,10370528,9.61538461538462,,0,0,0,,,0,0,,28,,280,1
EA,cluster§pizza§pizza.mp4§man,3,10370446,10370528,9.76331360946746,6.06060606060606,1,4,4,0,,9.09090909090909,2,,29,,290,1
EA,cluster§pizza§pizza.mp4§man,3,10370446,10370528,4.28994082840237,,0,0,0,,,0,0,,30,,300,1
EA,cluster§pizza§pizza.mp4§man,3,10370446,10370528,3.40236686390533,,0,0,0,,,0,0,,31,,310,1
EA,cluster§pizza§pizza.mp4§man,3,10370446,10370528,13.1656804733728,10.1123595505618,2,4.5,4.5,0.693147180559945,1,6.74157303370787,2,,32,,320,1
EA,cluster§pizza§pizza.mp4§man,3,10370446,10370528,10.0591715976331,26.4705882352941,3,6,6,1.09861228866811,1,10.2941176470588,2.33333333333333,,33,,330,1
EA,cluster§pizza§pizza.mp4§man,3,10370446,10370528,10.7988165680473,19.1780821917808,3,4.66666666666667,4.66666666666667,0.636514168294813,0.918295834054489,8.21917808219178,2,,34,,340,1
EA,cluster§pizza§pizza.mp4§man,3,10370446,10370528,8.72781065088758,,0,0,0,,,0,0,,35,,350,1
EA,cluster§pizza§pizza.mp4§man,3,10370446,10370528,7.24852071005917,,0,0,0,,,0,0,,36,,360,1
EA,cluster§pizza§pizza.mp4§man,3,10370446,10370528,7.98816568047337,7.40740740740741,1,4,4,0,,3.7037037037037,2,,37,,370,1
EA,cluster§pizza§pizza.mp4§man,3,10370446,10370528,7.54437869822485,25.4901960784314,2,6.5,6.5,0.693147180559945,1,15.6862745098039,2,,38,,380,1
EA,cluster§pizza§pizza.mp4§man,3,10370446,10370528,8.57988165680473,8.62068965517242,1,5,5,0,,6.89655172413793,2,,39,,390,1
EA,cluster§pizza§pizza.mp4§man,3,10370446,10370528,8.57988165680473,8.62068965517242,1,5,5,0,,0,,,40,,400,1
EA,cluster§pizza§pizza.mp4§man,3,10370446,10370528,10.207100591716,11.5942028985507,2,4,4,0,,5.79710144927536,2,,41,,410,1
EA,cluster§pizza§pizza.mp4§man,3,10370446,10370528,10.6508875739645,,0,0,0,,,0,0,,42,,420,1
EA,cluster§pizza§pizza.mp4§man,3,10370446,10370528,10.3550295857988,10,1,7,7,0,,2.85714285714286,2,,43,,430,1
EA,cluster§pizza§pizza.mp4§man,3,10370446,10370528,8.57988165680473,15.5172413793103,2,4.5,4.5,0.693147180559945,1,18.9655172413793,2.2,,44,,440,1
EA,cluster§pizza§pizza.mp4§man,3,10370446,10370528,11.6863905325444,17.7215189873418,2,7,7,0.693147180559945,1,5.06329113924051,2,,45,,450,1
EA,cluster§pizza§pizza.mp4§man,3,10370446,10370528,10.7988165680473,12.3287671232877,2,4.5,4.5,0.693147180559945,1,5.47945205479452,2,,46,,460,1
EA,cluster§pizza§pizza.mp4§man,3,10370446,10370528,6.36094674556213,,0,0,0,,,0,0,,47,,470,1
EA,cluster§pizza§pizza.mp4§man,3,10370446,10370528,3.99408284023669,,0,0,0,,,0,0,,48,,480,1
EA,cluster§pizza§pizza.mp4§man,3,10370446,10370528,7.39644970414201,8,1,4,4,0,,24,2,,49,,490,1
EA,cluster§pizza§pizza.mp4§man,3,10370446,10370528,9.61538461538462,23.0769230769231,3,5,5,1.09861228866811,1,12.3076923076923,2,,50,,500,1
EA,cluster§pizza§pizza.mp4§man,3,10370446,10370528,10.5029585798817,11.2676056338028,1,8,8,0,,33.8028169014085,2.66666666666667,,51,,510,1
EA,cluster§pizza§pizza.mp4§man,3,10370446,10370528,9.9112426035503,14.9253731343284,1,10,10,0,,17.910447761194,2,,52,,520,1
EA,cluster§pizza§pizza.mp4§man,3,10370446,10370528,9.46745562130178,,0,0,0,,,0,0,,53,,530,1
EA,cluster§pizza§pizza.mp4§man,3,10370446,10370528,7.84023668639053,16.9811320754717,2,4.5,4.5,0.693147180559945,1,64.1509433962264,3.4,,54,,540,1
EA,cluster§pizza§pizza.mp4§man,3,10370446,10370528,5.91715976331361,10,1,4,4,0,,75,3.33333333333333,,55,,550,1
EA,cluster§pizza§pizza.mp4§man,3,10370446,10370528,8.43195266272189,,0,0,0,,,0,0,,56,,560,1
EA,cluster§pizza§pizza.mp4§man,3,10370446,10370528,7.69230769230769,,0,0,0,,,0,0,,57,,570,1
EA,cluster§pizza§pizza.mp4§man,3,10370446,10370528,10.207100591716,20.2898550724638,3,4.66666666666667,4.66666666666667,0.636514168294813,0.918295834054489,86.9565217391305,5,,58,,580,1
EA,cluster§pizza§pizza.mp4§man,3,10370446,10370528,12.7218934911243,4.65116279069768,1,4,4,0,,83.7209302325582,4.8,,59,,590,1
EA,cluster§pizza§pizza.mp4§man,3,10370446,10370528,9.61538461538462,,0,0,0,,,0,0,,60,,600,1
EA,cluster§pizza§pizza.mp4§man,3,10370446,10370528,9.46745562130178,12.5,2,4,4,0,,21.875,2,,61,,610,1
EA,cluster§pizza§pizza.mp4§man,3,10370446,10370528,7.39644970414201,,0,0,0,,,0,0,,62,,620,1
EA,cluster§pizza§pizza.mp4§man,3,10370446,10370528,9.17159763313609,,0,0,0,,,0,0,,63,,630,1
EA,cluster§pizza§pizza.mp4§man,3,10370446,10370528,9.17159763313609,8.06451612903226,1,5,5,0,,9.67741935483871,2,,64,,640,1
EA,cluster§pizza§pizza.mp4§man,3,10370446,10370528,11.5384615384615,10.2564102564103,2,4,4,0,,30.7692307692308,2.18181818181818,,65,,650,1
EA,cluster§pizza§pizza.mp4§man,3,10370446,10370528,9.76331360946746,25.7575757575758,3,5.66666666666667,5.66666666666667,0.636514168294813,0.918295834054489,40.9090909090909,2.07692307692308,,66,,660,1
EA,cluster§pizza§pizza.mp4§man,3,10370446,10370528,10.0591715976331,20.5882352941176,3,4.66666666666667,4.66666666666667,0.636514168294813,0.918295834054489,20.5882352941176,2,,67,,670,1
EA,cluster§pizza§pizza.mp4§man,3,10370446,10370528,10.6508875739645,16.6666666666667,3,4,4,0,,25,2.25,,68,,680,1
EA,cluster§pizza§pizza.mp4§man,3,10370446,10370528,9.02366863905326,,0,0,0,,,0,0,,69,,690,1
EA,cluster§pizza§pizza.mp4§man,3,10370446,10370528,10.3550295857988,18.5714285714286,2,6.5,6.5,0.693147180559945,1,25.7142857142857,2,,70,,700,1
EA,cluster§pizza§pizza.mp4§man,3,10370446,10370528,9.02366863905326,14.7540983606557,2,4.5,4.5,0.693147180559945,1,0,,,71,,710,1
EA,cluster§pizza§pizza.mp4§man,3,10370446,10370528,9.31952662721894,31.7460317460317,2,10,10,0.693147180559945,1,19.0476190476191,2,,72,,720,1
EA,cluster§pizza§pizza.mp4§man,3,10370446,10370528,9.31952662721894,28.5714285714286,3,6,6,0,,15.8730158730159,2,,73,,730,1
EA,cluster§pizza§pizza.mp4§man,3,10370446,10370528,9.76331360946746,15.1515151515152,2,5,5,0.693147180559945,1,6.06060606060606,2,,74,,740,1
EA,cluster§pizza§pizza.mp4§man,3,10370446,10370528,10.6508875739645,30.5555555555556,5,4.4,4.4,0.500402423538188,0.721928094887362,29.1666666666667,2.33333333333333,,75,,750,1
EA,cluster§pizza§pizza.mp4§man,3,10370446,10370528,10.0591715976331,8.82352941176471,1,6,6,0,,50,2.42857142857143,,76,,760,1
EA,cluster§pizza§pizza.mp4§man,3,10370446,10370528,8.28402366863906,,0,0,0,,,0,0,,77,,770,1
EA,cluster§pizza§pizza.mp4§man,3,10370446,10370528,10.6508875739645,,0,0,0,,,0,0,,78,,780,1
EA,cluster§pizza§pizza.mp4§man,3,10370446,10370528,9.31952662721894,,0,0,0,,,0,0,,79,,790,1
EA,cluster§pizza§pizza.mp4§man,3,10370446,10370528,8.57988165680473,22.4137931034483,3,4.33333333333333,4.33333333333333,0.636514168294813,0.918295834054489,24.1379310344828,2.33333333333333,,80,,800,1
EA,cluster§pizza§pizza.mp4§man,3,10370446,10370528,8.57988165680473,32.7586206896552,3,6.33333333333333,6.33333333333333,1.09861228866811,1,43.1034482758621,3.125,,81,,810,1
EA,cluster§pizza§pizza.mp4§man,3,10370446,10370528,9.17159763313609,12.9032258064516,2,4,4,0,,33.8709677419355,2.1,,82,,820,1
EA,cluster§pizza§pizza.mp4§man,3,10370446,10370528,9.31952662721894,22.2222222222222,3,4.66666666666667,4.66666666666667,0.636514168294813,0.918295834054489,25.3968253968254,2,,83,,830,1
EA,cluster§pizza§pizza.mp4§man,3,10370446,10370528,7.54437869822485,23.5294117647059,2,6,6,0,,15.6862745098039,2,,84,,840,1
EA,cluster§pizza§pizza.mp4§man,3,10370446,10370528,11.094674556213,22.6666666666667,3,5.66666666666667,5.66666666666667,0.636514168294813,0.918295834054489,25.3333333333333,2.11111111111111,,85,,850,1
EA,cluster§pizza§pizza.mp4§man,3,10370446,10370528,9.61538461538462,13.8461538461538,2,4.5,4.5,0.693147180559945,1,36.9230769230769,2.18181818181818,,86,,860,1
EA,cluster§pizza§pizza.mp4§man,3,10370446,10370528,11.3905325443787,19.4805194805195,2,7.5,7.5,0.693147180559945,1,20.7792207792208,2,,87,,870,1
EA,cluster§pizza§pizza.mp4§man,3,10370446,10370528,10.6508875739645,18.0555555555556,3,4.33333333333333,4.33333333333333,0.636514168294813,0.918295834054489,54.1666666666667,2.6,,88,,880,1
EA,cluster§pizza§pizza.mp4§man,3,10370446,10370528,10.5029585798817,14.0845070422535,1,10,10,0,,28.169014084507,2.22222222222222,,89,,890,1
EA,cluster§pizza§pizza.mp4§man,3,10370446,10370528,10.0591715976331,5.88235294117647,1,4,4,0,,11.7647058823529,2,,90,,900,1
EA,cluster§pizza§pizza.mp4§man,3,10370446,10370528,7.84023668639053,15.0943396226415,2,4,4,0,,0,,,91,,910,1
EA,cluster§pizza§pizza.mp4§man,3,10370446,10370528,10.5029585798817,19.7183098591549,3,4.66666666666667,4.66666666666667,0.636514168294813,0.918295834054489,23.943661971831,2.125,,92,,920,1
EA,cluster§pizza§pizza.mp4§man,3,10370446,10370528,8.87573964497041,18.3333333333333,2,5.5,5.5,0.693147180559945,1,23.3333333333333,2,,93,,930,1
EA,cluster§pizza§pizza.mp4§man,3,10370446,10370528,9.31952662721894,,0,0,0,,,0,0,,94,,940,1
EA,cluster§pizza§pizza.mp4§man,3,10370446,10370528,15.2366863905325,44.6601941747573,8,5.75,5.75,1.2130075659799,0.875,60.1941747572816,2.38461538461538,,95,,950,1
EA,cluster§pizza§pizza.mp4§man,3,10370446,10370528,13.6094674556213,21.7391304347826,4,5,5,1.03972077083992,0.946394630357186,38.0434782608696,2.69230769230769,,96,,960,1
EA,cluster§pizza§pizza.mp4§man,3,10370446,10370528,11.8343195266272,7.5,1,6,6,0,,25,2.22222222222222,,97,,970,1
EA,cluster§pizza§pizza.mp4§man,3,10370446,10370528,9.9112426035503,20.8955223880597,3,4.66666666666667,4.66666666666667,0.636514168294813,0.918295834054489,52.2388059701493,2.33333333333333,,98,,980,1
EA,cluster§pizza§pizza.mp4§man,3,10370446,10370528,10.0591715976331,23.5294117647059,4,4,4,0,,11.7647058823529,2,,99,,990,1
EA,cluster§pizza§pizza.mp4§man,3,10370446,10370528,7.24852071005917,10.2040816326531,1,5,5,0,,0,,,100,,1000,1
EA,cluster§pizza§pizza.mp4§man,3,10370446,10370528,8.87573964497041,,0,0,0,,,0,0,,101,,1010,1
EA,cluster§pizza§pizza.mp4§man,3,10370446,10370528,10.3550295857988,7.14285714285714,1,5,5,0,,8.57142857142857,2,,102,,1020,1
EA,cluster§pizza§pizza.mp4§man,3,10370446,10370528,9.02366863905326,,0,0,0,,,0,0,,103,,1030,1
EA,cluster§pizza§pizza.mp4§man,3,10370446,10370528,9.46745562130178,17.1875,2,5.5,5.5,0.693147180559945,1,0,,,104,,1040,1
EA,cluster§pizza§pizza.mp4§man,3,10370446,10370528,9.76331360946746,12.1212121212121,2,4,4,0,,21.2121212121212,2,,105,,1050,1
EA,cluster§pizza§pizza.mp4§man,3,10370446,10370528,8.72781065088758,,0,0,0,,,0,0,,106,,1060,1
EA,cluster§pizza§pizza.mp4§man,3,10370446,10370528,9.17159763313609,6.45161290322581,1,4,4,0,,19.3548387096774,2,,107,,1070,1
EA,cluster§pizza§pizza.mp4§man,3,10370446,10370528,9.17159763313609,27.4193548387097,3,5.66666666666667,5.66666666666667,1.09861228866811,1,0,,,108,,1080,1
EA,cluster§pizza§pizza.mp4§man,3,10370446,10370528,9.02366863905326,,0,0,0,,,0,0,,109,,1090,1
EA,cluster§pizza§pizza.mp4§man,3,10370446,10370528,10.0591715976331,11.7647058823529,2,4,4,0,,2.94117647058824,2,,110,,1100,1
EA,cluster§pizza§pizza.mp4§man,3,10370446,10370528,8.87573964497041,18.3333333333333,2,5.5,5.5,0.693147180559945,1,16.6666666666667,2,,111,,1110,1
EA,cluster§pizza§pizza.mp4§man,3,10370446,10370528,9.76331360946746,21.2121212121212,2,7,7,0,,36.3636363636364,2,,112,,1120,1
EA,cluster§pizza§pizza.mp4§man,3,10370446,10370528,8.57988165680473,6.89655172413793,1,4,4,0,,6.89655172413793,2,,113,,1130,1
EA,cluster§pizza§pizza.mp4§man,3,10370446,10370528,8.43195266272189,14.0350877192982,2,4,4,0,,21.0526315789474,2,,114,,1140,1
EA,cluster§pizza§pizza.mp4§man,3,10370446,10370528,7.10059171597633,14.5833333333333,1,7,7,0,,4.16666666666667,2,,115,,1150,1
EA,cluster§pizza§pizza.mp4§man,3,10370446,10370528,13.0177514792899,,0,0,0,,,0,0,,116,,1160,1
EA,cluster§pizza§pizza.mp4§man,3,10370446,10370528,11.5384615384615,16.6666666666667,3,4.33333333333333,4.33333333333333,0.636514168294813,0.918295834054489,41.025641025641,2,,117,,1170,1
EA,cluster§pizza§pizza.mp4§man,3,10370446,10370528,10.6508875739645,15.2777777777778,2,5.5,5.5,0.693147180559945,1,33.3333333333333,2.4,,118,,1180,1
EA,cluster§pizza§pizza.mp4§man,3,10370446,10370528,12.4260355029586,4.76190476190476,1,4,4,0,,28.5714285714286,2,,119,,1190,1
EA,cluster§pizza§pizza.mp4§man,3,10370446,10370528,10.207100591716,,0,0,0,,,0,0,,120,,1200,1
EA,cluster§pizza§pizza.mp4§man,3,10370446,10370528,9.76331360946746,6.06060606060606,1,4,4,0,,6.06060606060606,2,,121,,1210,1
EA,cluster§pizza§pizza.mp4§man,3,10370446,10370528,8.57988165680473,15.5172413793103,2,4.5,4.5,0.693147180559945,1,20.6896551724138,2,,122,,1220,1
EA,cluster§pizza§pizza.mp4§man,3,10370446,10370528,10.3550295857988,5.71428571428571,1,4,4,0,,21.4285714285714,2.14285714285714,,123,,1230,1
EA,cluster§pizza§pizza.mp4§man,3,10370446,10370528,8.28402366863906,,0,0,0,,,0,0,,124,,1240,1
EA,cluster§pizza§pizza.mp4§man,3,10370446,10370528,9.17159763313609,6.45161290322581,1,4,4,0,,9.67741935483871,2,,125,,1250,1
EA,cluster§pizza§pizza.mp4§man,3,10370446,10370528,9.31952662721894,22.2222222222222,3,4.66666666666667,4.66666666666667,0.636514168294813,0.918295834054489,15.8730158730159,2,,126,,1260,1
EA,cluster§pizza§pizza.mp4§man,3,10370446,10370528,7.69230769230769,,0,0,0,,,0,0,,127,,1270,1
EA,cluster§pizza§pizza.mp4§man,3,10370446,10370528,5.32544378698225,,0,0,0,,,0,0,,128,,1280,1
EA,cluster§pizza§pizza.mp4§man,3,10370446,10370528,5.76923076923077,,0,0,0,,,0,0,,129,,1290,1
EA,cluster§pizza§pizza.mp4§man,3,10370446,10370528,1.62721893491124,,0,0,0,,,0,0,,130,,1300,1
EA,cluster§pizza§pizza.mp4§man,3,10370446,10370528,8.13609467455621,7.27272727272727,1,4,4,0,,3.63636363636364,2,,131,,1310,1
EA,cluster§pizza§pizza.mp4§man,3,10370446,10370528,7.24852071005917,,0,0,0,,,0,0,,132,,1320,1
EA,cluster§pizza§pizza.mp4§man,3,10370446,10370528,11.2426035502959,17.1052631578947,3,4.33333333333333,4.33333333333333,0.636514168294813,0.918295834054489,13.1578947368421,2,,133,,1330,1
EA,cluster§pizza§pizza.mp4§man,3,10370446,10370528,9.76331360946746,27.2727272727273,3,6,6,1.09861228866811,1,9.09090909090909,2,,134,,1340,1
EA,cluster§pizza§pizza.mp4§man,3,10370446,10370528,10.207100591716,10.1449275362319,1,7,7,0,,14.4927536231884,2,,135,,1350,1
EA,cluster§pizza§pizza.mp4§man,3,10370446,10370528,10.0591715976331,13.2352941176471,2,4.5,4.5,0.693147180559945,1,2.94117647058824,2,,136,,1360,1
EA,cluster§pizza§pizza.mp4§man,3,10370446,10370528,7.98816568047337,,0,0,0,,,0,0,,137,,1370,1
EA,cluster§pizza§pizza.mp4§man,3,10370446,10370528,9.46745562130178,17.1875,2,5.5,5.5,0.693147180559945,1,4.6875,3,,138,,1380,1
EA,cluster§pizza§pizza.mp4§man,3,10370446,10370528,8.33333333333333,,0,0,0,,,0,0,,139,,1390,1
