LocalTimestamp,EmotiBitTimestamp,PacketNumber,DataLength,TypeTag,ProtocolVersion,DataReliability,SF
1707823628.734784,32348.000,2395,1,SF,1,100,0.0000
1707823629.002942,32608.000,2444,1,SF,1,100,0.0000
1707823629.335046,32930.000,2495,1,SF,1,100,0.0000
1707823629.734190,33317.000,2545,1,SF,1,100,0.0000
1707823630.068356,33641.000,2594,1,SF,1,100,0.0000
1707823630.399429,33962.000,2645,1,SF,1,100,0.0000
1707823630.663462,34218.000,2700,1,SF,1,100,0.0000
1707823630.996597,34541.000,2749,1,SF,1,100,0.0000
1707823631.325607,34860.000,2799,1,SF,1,100,0.0000
1707823631.724750,35247.000,2865,1,SF,1,100,0.0000
1707823632.056854,35569.000,2917,1,SF,1,100,0.0000
1707823632.322949,35827.000,2965,1,SF,1,100,0.0000
1707823632.655053,36149.000,3016,1,SF,1,100,0.0000
1707823632.989220,36473.000,3066,1,SF,1,100,0.0000
1707823633.321324,36795.000,3115,1,SF,1,100,0.0000
1707823633.720467,37182.000,3184,1,SF,1,100,0.0000
1707823633.988626,37442.000,3234,1,SF,1,100,0.0000
1707823634.320730,37764.000,3283,1,SF,1,100,0.0000
1707823634.650771,38084.000,3333,1,SF,1,100,0.0000
1707823634.983906,38407.000,3384,1,SF,1,100,0.0000
1707823635.385112,38796.000,3449,1,SF,1,100,0.0000
1707823635.716185,39117.000,3499,1,SF,1,100,0.0000
1707823635.981249,39374.000,3537,1,SF,1,100,0.0000
1707823636.313353,39696.000,3585,1,SF,1,100,0.0000
1707823636.643394,40016.000,3636,1,SF,1,100,0.0000
1707823637.040475,40401.000,3702,1,SF,1,100,0.0000
1707823637.376704,40727.000,3753,1,SF,1,100,0.0000
1707823637.640737,40983.000,3802,1,SF,1,100,0.0000
1707823637.975935,41308.000,3852,1,SF,1,100,0.0000
1707823638.305976,41628.000,3903,1,SF,1,100,0.0000
1707823638.709245,42019.000,3970,1,SF,1,100,0.0000
1707823639.039286,42339.000,4020,1,SF,1,100,0.0000
1707823639.308476,42600.000,4071,1,SF,1,100,0.0000
1707823639.642642,42924.000,4119,1,SF,1,100,0.0000
1707823639.973715,43245.000,4170,1,SF,1,100,0.0000
1707823640.373890,43633.000,4236,1,SF,1,100,0.0000
1707823640.705994,43955.000,4287,1,SF,1,100,0.0000
1707823641.037066,44276.000,4336,1,SF,1,100,0.0000
1707823641.369170,44598.000,4393,1,SF,1,100,0.0000
1707823641.632171,44853.000,4444,1,SF,1,100,0.0000
1707823641.968401,45179.000,4494,1,SF,1,100,0.0000
1707823642.365482,45564.000,4545,1,SF,1,100,0.0000
1707823642.702742,45891.000,4595,1,SF,1,100,0.0000
1707823643.032783,46211.000,4644,1,SF,1,100,0.0000
1707823643.369013,46537.000,4696,1,SF,1,100,0.0000
1707823643.699054,46857.000,4745,1,SF,1,100,0.0000
1707823644.033221,47181.000,4799,1,SF,1,100,0.0000
1707823644.368419,47506.000,4848,1,SF,1,100,0.0000
1707823644.699491,47827.000,4898,1,SF,1,100,0.0000
1707823645.034689,48152.000,4949,1,SF,1,100,0.0000
1707823645.298722,48408.000,4983,1,SF,1,100,0.0000
1707823645.700960,48798.000,5035,1,SF,1,100,0.0000
1707823645.967055,49056.000,5086,1,SF,1,100,0.0000
1707823646.433238,49508.000,5140,1,SF,1,100,0.0000
1707823646.700365,49767.000,5176,1,SF,1,100,0.0000
1707823646.962335,50021.000,5224,1,SF,1,100,0.0000
1707823647.497621,50540.000,5261,1,SF,1,100,0.0000
1707823647.766811,50801.000,5279,1,SF,1,100,0.0000
1707823647.964835,50993.000,5313,1,SF,1,100,0.0000
1707823648.297970,51316.000,5363,1,SF,1,100,0.0000
1707823648.630074,51638.000,5412,1,SF,1,100,0.0000
1707823649.032312,52028.000,5479,1,SF,1,100,0.0000
1707823649.366479,52352.000,5531,1,SF,1,100,0.0000
1707823649.632574,52610.000,5582,1,SF,1,100,2.0823
1707823649.964678,52932.000,5632,1,SF,1,100,2.0582
1707823650.298845,53256.000,5683,1,SF,1,100,2.0344
1707823650.631980,53579.000,5731,1,SF,1,100,2.0108
1707823651.031123,53966.000,5798,1,SF,1,100,1.9876
1707823651.362196,54287.000,5849,1,SF,1,100,1.9646
1707823651.697394,54612.000,5902,1,SF,1,100,1.9418
1707823652.029498,54934.000,5955,1,SF,1,100,1.9194
1707823652.297656,55194.000,6003,1,SF,1,100,1.8972
1707823652.628729,55515.000,6052,1,SF,1,100,1.8752
1707823652.964958,55841.000,6104,1,SF,1,100,1.8535
1707823653.363070,56227.000,6169,1,SF,1,100,1.8321
1707823653.694143,56548.000,6220,1,SF,1,100,1.8109
1707823653.961270,56807.000,6272,1,SF,1,100,1.7900
1707823654.295436,57131.000,6321,1,SF,1,100,1.7692
1707823654.628571,57454.000,6369,1,SF,1,100,1.7488
1707823655.027715,57841.000,6436,1,SF,1,100,1.7285
1707823655.361882,58165.000,6487,1,SF,1,100,1.7086
1707823655.626946,58422.000,6537,1,SF,1,100,1.6888
1707823655.958018,58743.000,6587,1,SF,1,100,1.6693
1707823656.294248,59069.000,6636,1,SF,1,100,1.6499
1707823656.691328,59454.000,6703,1,SF,1,100,1.6309
1707823657.025495,59778.000,6757,1,SF,1,100,1.6120
1707823657.356567,60099.000,6807,1,SF,1,100,1.5933
1707823657.626789,60361.000,6858,1,SF,1,100,1.5749
1707823657.955798,60680.000,6907,1,SF,1,100,1.5567
1707823658.287902,61002.000,6957,1,SF,1,100,1.5387
1707823658.689108,61391.000,7026,1,SF,1,100,1.5209
1707823659.020181,61712.000,7074,1,SF,1,100,1.5033
1707823659.289371,61973.000,7127,1,SF,1,100,1.4859
1707823659.621475,62295.000,7175,1,SF,1,100,1.4687
1707823659.955641,62619.000,7224,1,SF,1,100,1.4517
1707823660.352722,63004.000,7292,1,SF,1,100,1.4349
1707823660.684826,63326.000,7341,1,SF,1,100,1.4183
1707823660.949890,63583.000,7392,1,SF,1,100,1.4019
1707823661.280963,63904.000,7442,1,SF,1,100,1.3857
1707823661.618223,64231.000,7491,1,SF,1,100,1.3697
1707823661.948264,64551.000,7541,1,SF,1,100,1.3538
1707823662.350502,64941.000,7595,1,SF,1,100,1.3382
1707823662.617629,65200.000,7647,1,SF,1,100,1.3227
1707823662.951796,65524.000,7696,1,SF,1,100,1.3074
1707823663.285962,65848.000,7744,1,SF,1,100,1.2923
1707823663.684074,66234.000,7814,1,SF,1,100,1.2773
1707823664.018241,66558.000,7864,1,SF,1,100,1.2625
1707823664.284337,66816.000,7912,1,SF,1,100,1.2479
1707823664.617472,67139.000,7964,1,SF,1,100,1.2335
1707823664.950607,67462.000,8013,1,SF,1,100,1.2192
1707823665.351813,67851.000,8078,1,SF,1,100,1.2051
1707823665.680823,68170.000,8129,1,SF,1,100,1.1912
1707823665.947950,68429.000,8179,1,SF,1,100,1.1774
1707823666.277991,68749.000,8228,1,SF,1,100,1.1638
1707823666.611126,69072.000,8278,1,SF,1,100,1.1503
1707823666.944262,69395.000,8329,1,SF,1,100,1.1370
1707823667.346499,69785.000,8396,1,SF,1,100,1.1239
1707823667.678603,70107.000,8451,1,SF,1,100,1.1109
1707823668.012770,70431.000,8501,1,SF,1,100,1.0980
1707823668.277834,70688.000,8551,1,SF,1,100,1.0853
1707823668.612001,71012.000,8601,1,SF,1,100,1.0728
1707823668.946167,71336.000,8654,1,SF,1,100,1.0603
1707823669.345311,71723.000,8719,1,SF,1,100,1.0481
1707823669.679477,72047.000,8768,1,SF,1,100,1.0360
1707823669.944542,72304.000,8820,1,SF,1,100,1.0240
1707823670.275614,72625.000,8869,1,SF,1,100,1.0121
1707823670.606687,72946.000,8917,1,SF,1,100,1.0004
1707823670.938790,73268.000,8970,1,SF,1,100,0.9888
1707823671.335871,73653.000,9035,1,SF,1,100,0.9774
1707823671.665912,73973.000,9085,1,SF,1,100,0.9661
1707823671.935102,74234.000,9136,1,SF,1,100,0.9549
1707823672.269269,74558.000,9184,1,SF,1,100,0.9439
1707823672.602404,74881.000,9235,1,SF,1,100,0.9330
1707823672.936571,75205.000,9290,1,SF,1,100,0.9222
1707823673.335714,75592.000,9357,1,SF,1,100,0.9115
1707823673.667818,75914.000,9408,1,SF,1,100,0.9009
1707823673.999922,76236.000,9458,1,SF,1,100,0.8905
1707823674.269111,76497.000,9509,1,SF,1,100,0.8802
1707823674.600184,76818.000,9558,1,SF,1,100,0.8700
1707823674.931256,77139.000,9608,1,SF,1,100,0.8600
1707823675.262329,77460.000,9658,1,SF,1,100,0.8500
1707823675.660441,77846.000,9723,1,SF,1,100,0.8402
1707823675.992545,78168.000,9776,1,SF,1,100,0.8305
1707823676.257609,78425.000,9824,1,SF,1,100,0.8209
1707823676.593839,78751.000,9873,1,SF,1,100,0.8114
1707823676.923880,79071.000,9925,1,SF,1,100,0.8020
1707823677.321992,79457.000,9990,1,SF,1,100,0.7927
1707823677.657190,79782.000,10039,1,SF,1,100,0.7835
1707823677.922254,80039.000,10091,1,SF,1,100,0.7745
1707823678.323460,80428.000,10129,1,SF,1,100,0.7655
1707823678.656595,80751.000,10184,1,SF,1,100,0.7567
1707823678.989731,81074.000,10232,1,SF,1,100,0.7479
1707823679.320803,81395.000,10283,1,SF,1,100,0.7393
1707823679.585867,81652.000,10319,1,SF,1,100,0.7307
1707823679.983980,82038.000,10384,1,SF,1,100,0.7223
1707823680.248012,82294.000,10418,1,SF,1,100,0.7139
1707823680.579085,82615.000,10469,1,SF,1,100,0.7056
1707823680.912220,82938.000,10519,1,SF,1,100,0.6975
1707823681.241230,83257.000,10568,1,SF,1,100,0.6894
1707823681.576428,83582.000,10620,1,SF,1,100,0.6814
1707823681.906469,83902.000,10669,1,SF,1,100,0.6735
1707823682.243730,84229.000,10719,1,SF,1,100,0.6658
1707823682.574802,84550.000,10770,1,SF,1,100,0.6581
1707823683.043048,85004.000,10821,1,SF,1,100,0.6504
1707823683.310175,85263.000,10841,1,SF,1,100,0.6429
1707823683.641248,85584.000,10882,1,SF,1,100,0.6355
1707823683.908375,85843.000,10933,1,SF,1,100,0.6281
1707823684.241510,86166.000,10983,1,SF,1,100,0.6209
1707823684.570520,86485.000,11032,1,SF,1,100,0.6137
1707823684.903655,86808.000,11082,1,SF,1,100,0.6066
1707823685.301767,87194.000,11149,1,SF,1,100,0.5996
1707823685.632839,87515.000,11198,1,SF,1,100,0.5926
1707823685.897904,87772.000,11250,1,SF,1,100,0.5858
1707823686.230008,88094.000,11299,1,SF,1,100,0.5790
1707823686.560049,88414.000,11347,1,SF,1,100,0.5723
1707823686.960223,88802.000,11414,1,SF,1,100,0.5657
1707823687.295421,89127.000,11465,1,SF,1,100,0.5591
1707823687.561517,89385.000,11513,1,SF,1,100,0.5527
1707823687.894652,89708.000,11565,1,SF,1,100,0.5463
1707823688.226756,90030.000,11614,1,SF,1,100,0.5400
1707823688.627962,90419.000,11683,1,SF,1,100,0.5337
1707823688.893027,90676.000,11720,1,SF,1,100,0.5275
1707823689.224099,90997.000,11768,1,SF,1,100,0.5214
1707823689.556203,91319.000,11821,1,SF,1,100,0.5154
1707823689.954315,91705.000,11886,1,SF,1,100,0.5094
1707823690.283325,92024.000,11934,1,SF,1,100,0.5035
1707823690.549420,92282.000,11987,1,SF,1,100,0.4977
1707823690.879462,92602.000,12035,1,SF,1,100,0.4920
1707823691.214660,92927.000,12086,1,SF,1,100,0.4863
1707823691.546763,93249.000,12136,1,SF,1,100,0.4806
1707823691.947970,93638.000,12201,1,SF,1,100,0.4751
1707823692.214065,93896.000,12252,1,SF,1,100,0.4696
1707823692.548232,94220.000,12302,1,SF,1,100,0.4642
1707823692.880336,94542.000,12353,1,SF,1,100,0.4588
1707823693.281542,94931.000,12418,1,SF,1,100,0.4535
1707823693.610552,95250.000,12470,1,SF,1,100,0.4482
1707823693.942656,95572.000,12521,1,SF,1,100,0.4431
1707823694.207720,95829.000,12574,1,SF,1,100,0.4379
1707823694.538792,96150.000,12625,1,SF,1,100,0.4329
1707823694.870896,96472.000,12675,1,SF,1,100,0.4279
1707823695.270040,96859.000,12742,1,SF,1,100,0.4229
1707823695.599049,97178.000,12791,1,SF,1,100,0.4180
1707823695.865145,97436.000,12843,1,SF,1,100,0.4132
1707823696.195186,97756.000,12892,1,SF,1,100,0.4084
1707823696.531416,98082.000,12942,1,SF,1,100,0.4037
1707823696.861457,98402.000,12993,1,SF,1,100,0.3990
1707823697.263694,98792.000,13060,1,SF,1,100,0.3944
1707823697.529790,99050.000,13108,1,SF,1,100,0.3898
1707823697.862925,99373.000,13159,1,SF,1,100,0.3853
1707823698.195029,99695.000,13209,1,SF,1,100,0.3809
1707823698.526102,100016.000,13258,1,SF,1,100,0.3765
1707823698.923182,100401.000,13327,1,SF,1,100,0.3721
1707823699.256317,100724.000,13377,1,SF,1,100,0.3678
1707823699.520350,100980.000,13416,1,SF,1,100,0.3635
1707823699.919494,101367.000,13483,1,SF,1,100,0.3593
1707823700.249535,101687.000,13532,1,SF,1,100,0.3552
1707823700.514599,101944.000,13584,1,SF,1,100,0.3511
1707823700.847734,102267.000,13633,1,SF,1,100,0.3470
1707823701.180870,102590.000,13681,1,SF,1,100,0.3430
1707823701.512974,102912.000,13734,1,SF,1,100,0.3390
1707823701.914180,103301.000,13799,1,SF,1,100,0.3351
1707823702.181307,103560.000,13847,1,SF,1,100,0.3312
1707823702.514442,103883.000,13900,1,SF,1,100,0.3274
1707823702.847577,104206.000,13948,1,SF,1,100,0.3236
1707823703.179681,104528.000,13997,1,SF,1,100,0.3199
1707823703.576762,104913.000,14066,1,SF,1,100,0.3162
1707823703.908866,105235.000,14116,1,SF,1,100,0.3125
1707823704.173930,105492.000,14167,1,SF,1,100,0.3089
1707823704.505002,105813.000,14216,1,SF,1,100,0.3053
1707823704.836075,106134.000,14271,1,SF,1,100,0.3018
1707823705.167147,106455.000,14321,1,SF,1,100,0.2983
1707823705.502345,106780.000,14372,1,SF,1,100,0.2948
1707823705.899426,107165.000,14437,1,SF,1,100,0.2914
1707823706.235656,107491.000,14487,1,SF,1,100,0.2881
1707823706.567759,107813.000,14538,1,SF,1,100,0.2847
1707823706.833855,108071.000,14586,1,SF,1,100,0.2814
1707823707.165959,108393.000,14639,1,SF,1,100,0.2782
1707823707.501157,108718.000,14687,1,SF,1,100,0.2750
1707823707.832229,109039.000,14738,1,SF,1,100,0.2718
1707823708.230341,109425.000,14803,1,SF,1,100,0.2686
1707823708.561414,109746.000,14855,1,SF,1,100,0.2655
1707823708.827510,110004.000,14906,1,SF,1,100,0.2625
1707823709.156519,110323.000,14954,1,SF,1,100,0.2594
1707823709.488623,110645.000,15005,1,SF,1,100,0.2564
1707823709.886735,111031.000,15077,1,SF,1,100,0.2535
1707823710.219871,111354.000,15126,1,SF,1,100,0.2505
1707823710.550943,111675.000,15176,1,SF,1,100,0.2476
1707823710.821164,111937.000,15226,1,SF,1,100,0.2448
1707823711.150174,112256.000,15277,1,SF,1,100,0.2419
1707823711.487435,112583.000,15325,1,SF,1,100,0.2391
1707823711.817476,112903.000,15376,1,SF,1,100,0.2364
1707823712.219713,113293.000,15441,1,SF,1,100,0.2336
1707823712.484778,113550.000,15491,1,SF,1,100,0.2309
1707823712.816881,113872.000,15526,1,SF,1,100,0.2283
1707823713.147954,114193.000,15574,1,SF,1,100,0.2256
1707823713.479026,114514.000,15625,1,SF,1,100,0.2230
1707823713.810099,114835.000,15679,1,SF,1,100,0.2204
1707823714.143234,115158.000,15728,1,SF,1,100,0.2179
1707823714.472244,115477.000,15778,1,SF,1,100,0.2154
1707823714.871387,115864.000,15829,1,SF,1,100,0.2129
1707823715.271562,116252.000,15882,1,SF,1,100,0.2104
1707823715.537658,116510.000,15916,1,SF,1,100,0.2080
1707823715.804785,116769.000,15969,1,SF,1,100,0.2056
1707823716.204960,117157.000,16017,1,SF,1,100,0.2032
1707823716.470024,117414.000,16068,1,SF,1,100,0.2008
1707823716.870199,117802.000,16118,1,SF,1,100,0.1985
1707823717.135263,118059.000,16169,1,SF,1,100,0.1962
1707823717.599383,118509.000,16220,1,SF,1,100,0.1939
1707823717.865479,118767.000,16238,1,SF,1,100,0.1917
1707823718.130543,119024.000,16256,1,SF,1,100,0.1895
1707823718.528655,119410.000,16310,1,SF,1,100,0.1873
1707823718.859728,119731.000,16359,1,SF,1,100,0.1851
1707823719.124792,119988.000,16409,1,SF,1,100,0.1830
1707823719.456896,120310.000,16460,1,SF,1,100,0.1809
1707823719.787968,120631.000,16508,1,SF,1,100,0.1788
1707823720.121104,120954.000,16559,1,SF,1,100,0.1767
1707823720.523341,121344.000,16617,1,SF,1,100,0.1747
1707823720.787374,121600.000,16651,1,SF,1,100,0.1726
1707823721.189612,121990.000,16716,1,SF,1,100,0.1706
1707823721.454676,122247.000,16766,1,SF,1,100,0.1687
1707823721.788843,122571.000,16817,1,SF,1,100,0.1667
1707823722.120947,122893.000,16865,1,SF,1,100,0.1648
1707823722.452019,123214.000,16916,1,SF,1,100,0.1629
1707823722.849100,123599.000,16981,1,SF,1,100,0.1610
1707823723.182235,123922.000,17033,1,SF,1,100,0.1591
1707823723.445237,124177.000,17082,1,SF,1,100,0.1573
1707823723.777340,124499.000,17133,1,SF,1,100,0.1555
1707823724.108413,124820.000,17185,1,SF,1,100,0.1537
1707823724.510650,125210.000,17250,1,SF,1,100,0.1519
1707823724.840692,125530.000,17298,1,SF,1,100,0.1501
1707823725.109881,125791.000,17351,1,SF,1,100,0.1484
1707823725.441985,126113.000,17399,1,SF,1,100,0.1467
1707823725.777183,126438.000,17453,1,SF,1,100,0.1450
1707823726.173233,126822.000,17521,1,SF,1,100,0.1433
1707823726.509462,127148.000,17570,1,SF,1,100,0.1417
1707823726.838472,127467.000,17621,1,SF,1,100,0.1400
1707823727.104567,127725.000,17671,1,SF,1,100,0.1384
1707823727.434608,128045.000,17720,1,SF,1,100,0.1368
1707823727.765681,128366.000,17770,1,SF,1,100,0.1352
1707823728.097785,128688.000,17821,1,SF,1,100,0.1337
1707823728.496928,129075.000,17888,1,SF,1,100,0.1321
1707823728.825938,129394.000,17938,1,SF,1,100,0.1306
1707823729.093065,129653.000,17989,1,SF,1,100,0.1291
1707823729.423106,129973.000,18037,1,SF,1,100,0.1276
1707823729.759335,130299.000,18088,1,SF,1,100,0.1261
1707823730.156416,130684.000,18154,1,SF,1,100,0.1246
1707823730.490583,131008.000,18205,1,SF,1,100,0.1232
1707823730.757710,131267.000,18254,1,SF,1,100,0.1218
1707823731.090845,131590.000,18309,1,SF,1,100,0.1204
1707823731.422949,131912.000,18360,1,SF,1,100,0.1190
1707823731.754021,132233.000,18408,1,SF,1,100,0.1176
1707823732.151102,132618.000,18475,1,SF,1,100,0.1162
1707823732.484237,132941.000,18526,1,SF,1,100,0.1149
1707823732.748270,133197.000,18574,1,SF,1,100,0.1136
1707823733.080374,133519.000,18626,1,SF,1,100,0.1122
1707823733.411447,133840.000,18675,1,SF,1,100,0.1109
1707823733.742519,134161.000,18726,1,SF,1,100,0.1097
1707823734.142694,134549.000,18793,1,SF,1,100,0.1084
1707823734.474798,134871.000,18843,1,SF,1,100,0.1071
1707823734.741925,135130.000,18894,1,SF,1,100,0.1059
1707823735.075060,135453.000,18942,1,SF,1,100,0.1047
1707823735.410258,135778.000,18993,1,SF,1,100,0.1035
1707823735.807339,136163.000,19060,1,SF,1,100,0.1023
1707823736.143568,136489.000,19108,1,SF,1,100,0.1011
1707823736.408632,136746.000,19164,1,SF,1,100,0.0999
1707823736.739705,137067.000,19214,1,SF,1,100,0.0988
1707823737.070777,137388.000,19263,1,SF,1,100,0.0976
1707823737.467858,137773.000,19328,1,SF,1,100,0.0965
1707823737.799962,138095.000,19380,1,SF,1,100,0.0954
1707823738.065026,138352.000,19429,1,SF,1,100,0.0943
1707823738.396099,138673.000,19478,1,SF,1,100,0.0932
1707823738.731297,138998.000,19532,1,SF,1,100,0.0921
1707823739.128377,139383.000,19597,1,SF,1,100,0.0910
1707823739.464607,139709.000,19645,1,SF,1,100,0.0900
1707823739.795679,140030.000,19698,1,SF,1,100,0.0889
1707823740.063838,140290.000,19746,1,SF,1,100,0.0879
1707823740.394910,140611.000,19795,1,SF,1,100,0.0869
1707823740.731140,140937.000,19847,1,SF,1,100,0.0859
1707823741.131314,141325.000,19912,1,SF,1,100,0.0849
1707823741.463418,141647.000,19963,1,SF,1,100,0.0839
1707823741.727451,141903.000,20002,1,SF,1,100,0.0829
1707823742.060586,142226.000,20053,1,SF,1,100,0.0820
1707823742.457667,142611.000,20120,1,SF,1,100,0.0810
1707823742.788740,142932.000,20168,1,SF,1,100,0.0801
1707823743.053804,143189.000,20219,1,SF,1,100,0.0792
1707823743.387970,143513.000,20269,1,SF,1,100,0.0783
1707823743.719043,143834.000,20320,1,SF,1,100,0.0774
1707823744.121281,144224.000,20387,1,SF,1,100,0.0765
1707823744.452353,144545.000,20437,1,SF,1,100,0.0756
1707823744.721543,144806.000,20486,1,SF,1,100,0.0747
1707823745.050553,145125.000,20537,1,SF,1,100,0.0738
1707823745.387813,145452.000,20587,1,SF,1,100,0.0730
1707823745.784894,145837.000,20654,1,SF,1,100,0.0721
1707823746.115966,146158.000,20702,1,SF,1,100,0.0713
1707823746.381031,146415.000,20753,1,SF,1,100,0.0705
1707823746.712103,146736.000,20803,1,SF,1,100,0.0697
1707823747.043176,147057.000,20858,1,SF,1,100,0.0689
1707823747.376311,147380.000,20907,1,SF,1,100,0.0681
1707823747.773392,147765.000,20974,1,SF,1,100,0.0673
1707823748.104464,148086.000,21023,1,SF,1,100,0.0665
1707823748.436568,148408.000,21059,1,SF,1,100,0.0657
1707823748.704726,148668.000,21110,1,SF,1,100,0.0650
1707823749.104901,149056.000,21160,1,SF,1,100,0.0642
1707823749.435974,149377.000,21211,1,SF,1,100,0.0635
1707823749.772203,149703.000,21261,1,SF,1,100,0.0627
1707823750.036236,149959.000,21310,1,SF,1,100,0.0620
1707823750.436411,150347.000,21362,1,SF,1,100,0.0613
1707823750.769546,150670.000,21411,1,SF,1,100,0.0606
1707823751.103713,150994.000,21461,1,SF,1,100,0.0599
1707823751.434785,151315.000,21512,1,SF,1,100,0.0592
1707823751.699849,151572.000,21546,1,SF,1,100,0.0585
1707823752.229978,152086.000,21616,1,SF,1,100,0.0578
1707823752.429034,152279.000,21634,1,SF,1,100,0.0572
1707823752.695130,152537.000,21682,1,SF,1,100,0.0565
1707823753.228352,153054.000,21735,1,SF,1,100,0.0558
1707823753.559425,153375.000,21753,1,SF,1,100,0.0552
1707823753.828615,153636.000,21775,1,SF,1,100,0.0546
1707823754.026639,153828.000,21809,1,SF,1,100,0.0539
1707823754.361837,154153.000,21857,1,SF,1,100,0.0533
1707823754.691878,154473.000,21910,1,SF,1,100,0.0527
1707823755.096179,154865.000,21975,1,SF,1,100,0.0521
1707823755.363306,155124.000,22023,1,SF,1,100,0.0515
1707823755.696441,155447.000,22076,1,SF,1,100,0.0509
1707823756.028545,155769.000,22124,1,SF,1,100,0.0503
1707823756.358586,156089.000,22175,1,SF,1,100,0.0497
1707823756.755667,156474.000,22240,1,SF,1,100,0.0491
1707823757.087771,156796.000,22290,1,SF,1,100,0.0486
1707823757.485883,157182.000,22348,1,SF,1,100,0.0480
1707823757.688033,157378.000,22380,1,SF,1,100,0.0474
1707823758.018074,157698.000,22432,1,SF,1,100,0.0469
1707823758.421343,158089.000,22499,1,SF,1,100,0.0464
1707823758.751384,158409.000,22548,1,SF,1,100,0.0458
1707823759.021605,158671.000,22600,1,SF,1,100,0.0453
1707823759.351646,158991.000,22649,1,SF,1,100,0.0448
1707823759.687876,159317.000,22697,1,SF,1,100,0.0442
1707823760.083925,159701.000,22764,1,SF,1,100,0.0437
1707823760.416029,160023.000,22815,1,SF,1,100,0.0432
1707823760.685219,160284.000,22865,1,SF,1,100,0.0427
1707823761.016291,160605.000,22915,1,SF,1,100,0.0422
1707823761.348395,160927.000,22964,1,SF,1,100,0.0417
1707823761.747538,161314.000,23031,1,SF,1,100,0.0413
1707823762.076548,161633.000,23080,1,SF,1,100,0.0408
1707823762.342644,161891.000,23132,1,SF,1,100,0.0403
1707823762.672685,162211.000,23186,1,SF,1,100,0.0399
1707823763.008914,162537.000,23235,1,SF,1,100,0.0394
1707823763.338955,162857.000,23287,1,SF,1,100,0.0389
1707823763.741193,163247.000,23354,1,SF,1,100,0.0385
1707823764.075360,163571.000,23404,1,SF,1,100,0.0380
1707823764.341455,163829.000,23455,1,SF,1,100,0.0376
1707823764.674590,164152.000,23503,1,SF,1,100,0.0372
1707823765.005663,164473.000,23554,1,SF,1,100,0.0367
1707823765.407901,164863.000,23620,1,SF,1,100,0.0363
1707823765.740004,165185.000,23669,1,SF,1,100,0.0359
1707823766.071077,165506.000,23720,1,SF,1,100,0.0355
1707823766.336141,165763.000,23770,1,SF,1,100,0.0351
1707823766.667214,166084.000,23819,1,SF,1,100,0.0347
1707823766.998286,166405.000,23869,1,SF,1,100,0.0343
1707823767.398461,166793.000,23934,1,SF,1,100,0.0339
1707823767.730565,167115.000,23987,1,SF,1,100,0.0335
1707823768.065763,167440.000,24040,1,SF,1,100,0.0331
1707823768.330827,167697.000,24091,1,SF,1,100,0.0327
1707823768.666025,168022.000,24143,1,SF,1,100,0.0323
1707823768.997098,168343.000,24192,1,SF,1,100,0.0319
1707823769.399335,168733.000,24259,1,SF,1,100,0.0316
1707823769.733502,169057.000,24309,1,SF,1,100,0.0312
1707823769.998566,169314.000,24360,1,SF,1,100,0.0309
1707823770.331701,169637.000,24409,1,SF,1,100,0.0305
1707823770.665868,169961.000,24459,1,SF,1,100,0.0301
1707823771.062949,170346.000,24526,1,SF,1,100,0.0298
1707823771.395053,170668.000,24576,1,SF,1,100,2.1117
1707823771.726125,170989.000,24629,1,SF,1,100,2.0873
1707823771.994283,171249.000,24677,1,SF,1,100,2.0631
1707823772.325356,171570.000,24729,1,SF,1,100,2.0393
1707823772.661585,171896.000,24778,1,SF,1,100,2.0157
1707823773.058666,172281.000,24843,1,SF,1,100,1.9924
1707823773.392833,172605.000,24901,1,SF,1,100,1.9693
1707823773.723905,172926.000,24951,1,SF,1,100,1.9465
1707823773.994126,173188.000,25002,1,SF,1,100,1.9240
1707823774.324167,173508.000,25052,1,SF,1,100,1.9017
1707823774.656271,173830.000,25101,1,SF,1,100,1.8797
1707823774.991469,174155.000,25151,1,SF,1,100,1.8580
1707823775.389581,174541.000,25216,1,SF,1,100,1.8365
1707823775.725811,174867.000,25267,1,SF,1,100,1.8153
1707823775.990875,175124.000,25317,1,SF,1,100,1.7943
1707823776.321947,175445.000,25367,1,SF,1,100,1.7735
1707823776.653020,175766.000,25416,1,SF,1,100,1.7530
1707823777.050101,176151.000,25483,1,SF,1,100,1.7327
1707823777.386330,176477.000,25532,1,SF,1,100,1.7127
1707823777.649332,176732.000,25584,1,SF,1,100,1.6929
1707823777.986592,177059.000,25633,1,SF,1,100,1.6733
1707823778.315602,177378.000,25681,1,SF,1,100,1.6539
1707823778.652863,177705.000,25741,1,SF,1,100,1.6348
1707823778.984967,178027.000,25790,1,SF,1,100,1.6159
1707823779.318102,178350.000,25840,1,SF,1,100,1.5972
1707823779.719308,178739.000,25907,1,SF,1,100,1.5787
1707823780.050381,179060.000,25955,1,SF,1,100,1.5604
1707823780.318539,179320.000,26008,1,SF,1,100,1.5424
1707823780.650643,179642.000,26056,1,SF,1,100,1.5245
1707823780.983778,179965.000,26105,1,SF,1,100,1.5069
1707823781.382922,180352.000,26172,1,SF,1,100,1.4895
1707823781.715025,180674.000,26222,1,SF,1,100,1.4723
1707823781.983184,180934.000,26273,1,SF,1,100,1.4552
1707823782.315288,181256.000,26322,1,SF,1,100,1.4384
1707823782.649454,181580.000,26372,1,SF,1,100,1.4217
1707823783.050661,181969.000,26439,1,SF,1,100,1.4053
1707823783.380702,182289.000,26489,1,SF,1,100,1.3890
1707823783.648860,182549.000,26523,1,SF,1,100,1.3730
1707823783.981995,182872.000,26581,1,SF,1,100,1.3571
1707823784.315131,183195.000,26631,1,SF,1,100,1.3414
1707823784.648266,183518.000,26682,1,SF,1,100,1.3259
1707823784.982432,183842.000,26732,1,SF,1,100,1.3105
1707823785.316599,184166.000,26781,1,SF,1,100,1.2954
1707823785.715742,184553.000,26833,1,SF,1,100,1.2804
1707823785.981838,184811.000,26882,1,SF,1,100,1.2656
1707823786.313942,185133.000,26932,1,SF,1,100,1.2509
1707823786.647077,185456.000,26983,1,SF,1,100,1.2365
1707823786.981244,185780.000,27033,1,SF,1,100,1.2222
1707823787.313348,186102.000,27082,1,SF,1,100,1.2080
1707823787.648546,186427.000,27134,1,SF,1,100,1.1941
1707823787.978587,186747.000,27183,1,SF,1,100,1.1802
1707823788.381856,187138.000,27220,1,SF,1,100,1.1666
1707823788.780999,187525.000,27240,1,SF,1,100,1.1531
1707823789.046064,187782.000,27274,1,SF,1,100,1.1398
1707823789.314222,188042.000,27329,1,SF,1,100,1.1266
1707823789.645294,188363.000,27380,1,SF,1,100,1.1135
1707823789.979461,188687.000,27428,1,SF,1,100,1.1007
1707823790.311565,189009.000,27479,1,SF,1,100,1.0879
1707823790.710708,189396.000,27545,1,SF,1,100,1.0753
1707823791.042812,189718.000,27594,1,SF,1,100,1.0629
1707823791.305814,189973.000,27645,1,SF,1,100,1.0506
1707823791.642043,190299.000,27695,1,SF,1,100,1.0384
1707823791.974147,190621.000,27746,1,SF,1,100,1.0264
1707823792.376385,191011.000,27811,1,SF,1,100,1.0146
1707823792.706426,191331.000,27860,1,SF,1,100,1.0028
1707823793.042655,191657.000,27912,1,SF,1,100,0.9912
1707823793.305657,191912.000,27960,1,SF,1,100,0.9798
1707823793.639823,192236.000,28012,1,SF,1,100,0.9684
1707823793.975021,192561.000,28063,1,SF,1,100,0.9572
1707823794.372102,192946.000,28133,1,SF,1,100,0.9461
1707823794.707300,193271.000,28184,1,SF,1,100,0.9352
1707823794.971333,193527.000,28234,1,SF,1,100,0.9244
1707823795.308594,193854.000,28283,1,SF,1,100,0.9137
1707823795.640697,194176.000,28333,1,SF,1,100,0.9031
1707823795.970739,194496.000,28384,1,SF,1,100,0.8927
1707823796.374007,194887.000,28451,1,SF,1,100,0.8823
1707823796.637009,195142.000,28499,1,SF,1,100,0.8721
1707823796.973238,195468.000,28550,1,SF,1,100,0.8621
1707823797.306374,195791.000,28600,1,SF,1,100,0.8521
1707823797.639509,196114.000,28649,1,SF,1,100,0.8422
1707823798.040715,196503.000,28716,1,SF,1,100,0.8325
1707823798.304748,196759.000,28768,1,SF,1,100,0.8228
1707823798.642009,197086.000,28817,1,SF,1,100,0.8133
1707823798.973081,197407.000,28867,1,SF,1,100,0.8039
1707823799.307248,197731.000,28918,1,SF,1,100,0.7946
1707823799.708454,198120.000,28990,1,SF,1,100,0.7854
1707823800.039527,198441.000,29038,1,SF,1,100,0.7763
1707823800.304591,198698.000,29089,1,SF,1,100,0.7674
1707823800.704766,199086.000,29139,1,SF,1,100,0.7585
1707823801.036870,199408.000,29189,1,SF,1,100,0.7497
1707823801.303997,199667.000,29239,1,SF,1,100,0.7410
1707823801.637132,199990.000,29289,1,SF,1,100,0.7325
1707823801.972330,200315.000,29338,1,SF,1,100,0.7240
1707823802.369410,200700.000,29405,1,SF,1,100,0.7156
1707823802.705640,201026.000,29454,1,SF,1,100,0.7073
1707823802.968641,201281.000,29506,1,SF,1,100,0.6992
1707823803.302808,201605.000,29555,1,SF,1,100,0.6911
1707823803.635943,201928.000,29606,1,SF,1,100,0.6831
1707823803.970110,202252.000,29658,1,SF,1,100,0.6752
1707823804.370285,202640.000,29723,1,SF,1,100,0.6674
1707823804.702389,202962.000,29771,1,SF,1,100,0.6596
1707823804.969516,203221.000,29829,1,SF,1,100,0.6520
1707823805.302651,203544.000,29877,1,SF,1,100,0.6445
1707823805.631661,203863.000,29926,1,SF,1,100,0.6370
1707823806.033898,204253.000,29993,1,SF,1,100,0.6296
1707823806.364971,204574.000,30043,1,SF,1,100,0.6224
1707823806.633129,204834.000,30094,1,SF,1,100,0.6152
1707823806.964202,205155.000,30144,1,SF,1,100,0.6080
1707823807.300431,205481.000,30193,1,SF,1,100,0.6010
1707823807.629441,205800.000,30243,1,SF,1,100,0.5941
1707823808.031678,206190.000,30308,1,SF,1,100,0.5872
1707823808.299837,206450.000,30361,1,SF,1,100,0.5804
1707823808.632972,206773.000,30411,1,SF,1,100,0.5737
1707823808.967138,207097.000,30460,1,SF,1,100,0.5670
1707823809.364219,207482.000,30528,1,SF,1,100,0.5605
1707823809.700449,207808.000,30577,1,SF,1,100,0.5540
1707823809.964481,208064.000,30626,1,SF,1,100,0.5476
1707823810.361562,208449.000,30683,1,SF,1,100,0.5413
1707823810.631783,208711.000,30732,1,SF,1,100,0.5350
1707823810.960793,209030.000,30781,1,SF,1,100,0.5288
1707823811.298054,209357.000,30833,1,SF,1,100,0.5227
1707823811.696166,209743.000,30898,1,SF,1,100,0.5166
1707823812.029301,210066.000,30948,1,SF,1,100,0.5107
1707823812.296428,210325.000,30999,1,SF,1,100,0.5048
1707823812.630595,210649.000,31047,1,SF,1,100,0.4989
1707823812.964761,210973.000,31098,1,SF,1,100,0.4931
1707823813.362873,211359.000,31166,1,SF,1,100,0.4874
1707823813.697040,211683.000,31215,1,SF,1,100,0.4818
1707823813.963136,211941.000,31266,1,SF,1,100,0.4762
1707823814.296271,212264.000,31315,1,SF,1,100,0.4707
1707823814.629406,212587.000,31365,1,SF,1,100,0.4653
1707823815.031644,212977.000,31432,1,SF,1,100,0.4599
1707823815.364779,213300.000,31480,1,SF,1,100,0.4546
1707823815.699977,213625.000,31538,1,SF,1,100,0.4493
1707823815.966073,213883.000,31586,1,SF,1,100,0.4441
1707823816.298177,214205.000,31636,1,SF,1,100,0.4390
1707823816.631312,214528.000,31687,1,SF,1,100,0.4339
1707823817.099558,214982.000,31753,1,SF,1,100,0.4289
1707823817.362559,215237.000,31786,1,SF,1,100,0.4239
1707823817.628655,215495.000,31838,1,SF,1,100,0.4190
1707823818.029861,215884.000,31886,1,SF,1,100,0.4142
1707823818.295957,216142.000,31936,1,SF,1,100,0.4094
1707823818.697163,216531.000,31987,1,SF,1,100,0.4046
1707823818.963259,216789.000,32037,1,SF,1,100,0.4000
1707823819.363433,217177.000,32087,1,SF,1,100,0.3953
1707823819.628498,217434.000,32137,1,SF,1,100,0.3908
1707823820.025578,217819.000,32185,1,SF,1,100,0.3862
1707823820.293737,218079.000,32237,1,SF,1,100,0.3818
1707823820.690817,218464.000,32286,1,SF,1,100,0.3774
1707823820.961039,218726.000,32323,1,SF,1,100,0.3730
1707823821.291080,219046.000,32375,1,SF,1,100,0.3687
1707823821.627309,219372.000,32425,1,SF,1,100,0.3644
1707823821.959413,219694.000,32460,1,SF,1,100,0.3602
1707823822.426627,220147.000,32495,1,SF,1,100,0.3560
1707823822.628778,220343.000,32512,1,SF,1,100,0.3519
1707823823.027921,220730.000,32579,1,SF,1,100,0.3478
1707823823.294017,220988.000,32628,1,SF,1,100,0.3438
1707823823.626121,221310.000,32680,1,SF,1,100,0.3398
1707823823.961319,221635.000,32731,1,SF,1,100,0.3359
1707823824.292391,221956.000,32779,1,SF,1,100,0.3320
1707823824.690503,222342.000,32844,1,SF,1,100,0.3282
1707823825.026733,222668.000,32897,1,SF,1,100,0.3244
1707823825.291797,222925.000,32945,1,SF,1,100,0.3206
1707823825.626995,223250.000,32996,1,SF,1,100,0.3169
1707823825.957036,223570.000,33046,1,SF,1,100,0.3133
1707823826.293265,223896.000,33098,1,SF,1,100,0.3096
1707823826.623306,224216.000,33149,1,SF,1,100,0.3061
1707823826.959536,224542.000,33197,1,SF,1,100,0.3025
1707823827.294734,224867.000,33250,1,SF,1,100,0.2990
1707823827.691814,225252.000,33315,1,SF,1,100,0.2956
1707823827.961004,225513.000,33363,1,SF,1,100,0.2921
1707823828.291045,225833.000,33416,1,SF,1,100,0.2888
1707823828.628306,226160.000,33466,1,SF,1,100,0.2854
1707823828.959379,226481.000,33517,1,SF,1,100,0.2821
1707823829.360585,226870.000,33582,1,SF,1,100,0.2788
1707823829.694751,227194.000,33632,1,SF,1,100,0.2756
1707823829.956722,227448.000,33683,1,SF,1,100,0.2724
1707823830.292951,227774.000,33733,1,SF,1,100,0.2693
1707823830.626086,228097.000,33784,1,SF,1,100,0.2662
1707823830.959221,228420.000,33832,1,SF,1,100,0.2631
1707823831.360428,228809.000,33897,1,SF,1,100,0.2600
1707823831.692531,229131.000,33938,1,SF,1,100,0.2570
1707823831.957596,229388.000,33987,1,SF,1,100,0.2541
1707823832.288668,229709.000,34039,1,SF,1,100,0.2511
1707823832.622835,230033.000,34088,1,SF,1,100,0.2482
1707823832.954939,230355.000,34136,1,SF,1,100,0.2453
1707823833.355114,230743.000,34205,1,SF,1,100,0.2425
1707823833.690312,231068.000,34256,1,SF,1,100,0.2397
1707823833.956407,231326.000,34306,1,SF,1,100,0.2369
1707823834.286448,231646.000,34356,1,SF,1,100,0.2342
1707823834.619584,231969.000,34405,1,SF,1,100,0.2315
1707823835.019758,232357.000,34472,1,SF,1,100,0.2288
1707823835.354956,232682.000,34521,1,SF,1,100,0.2262
1707823835.618989,232938.000,34573,1,SF,1,100,0.2235
1707823835.955219,233264.000,34622,1,SF,1,100,0.2210
1707823836.284228,233583.000,34670,1,SF,1,100,0.2184
1707823836.752474,234037.000,34743,1,SF,1,100,0.2159
1707823837.021664,234298.000,34777,1,SF,1,100,0.2134
1707823837.287760,234556.000,34827,1,SF,1,100,0.2109
1707823837.620895,234879.000,34878,1,SF,1,100,0.2085
1707823837.952999,235201.000,34926,1,SF,1,100,0.2061
1707823838.287165,235525.000,34977,1,SF,1,100,0.2037
1707823838.685277,235911.000,35044,1,SF,1,100,0.2013
1707823838.952404,236170.000,35096,1,SF,1,100,0.1990
1707823839.288634,236496.000,35145,1,SF,1,100,0.1967
1707823839.617644,236815.000,35193,1,SF,1,100,0.1944
1707823839.953873,237141.000,35246,1,SF,1,100,0.1922
1707823840.350954,237526.000,35311,1,SF,1,100,0.1899
1707823840.621175,237788.000,35359,1,SF,1,100,0.1877
1707823840.950185,238107.000,35412,1,SF,1,100,0.1856
1707823841.287445,238434.000,35460,1,SF,1,100,0.1834
1707823841.620581,238757.000,35509,1,SF,1,100,0.1813
1707823842.018693,239143.000,35581,1,SF,1,100,0.1792
1707823842.287882,239404.000,35614,1,SF,1,100,0.1771
1707823842.684963,239789.000,35681,1,SF,1,100,0.1751
1707823843.021193,240115.000,35731,1,SF,1,100,0.1731
1707823843.284194,240370.000,35780,1,SF,1,100,0.1711
1707823843.620423,240696.000,35832,1,SF,1,100,0.1691
1707823843.953559,241019.000,35883,1,SF,1,100,0.1671
1707823844.350639,241404.000,35950,1,SF,1,100,0.1652
1707823844.685837,241729.000,35998,1,SF,1,100,0.1633
1707823844.949870,241985.000,36049,1,SF,1,100,0.1614
1707823845.287131,242312.000,36099,1,SF,1,100,0.1595
1707823845.619235,242634.000,36148,1,SF,1,100,0.1577
1707823846.018378,243021.000,36216,1,SF,1,100,0.1559
1707823846.351514,243344.000,36265,1,SF,1,100,0.1540
1707823846.615546,243600.000,36314,1,SF,1,100,0.1523
1707823846.951776,243926.000,36366,1,SF,1,100,0.1505
1707823847.350919,244313.000,36420,1,SF,1,100,0.1488
1707823847.685086,244637.000,36472,1,SF,1,100,0.1470
1707823847.950150,244894.000,36521,1,SF,1,100,0.1453
1707823848.284317,245218.000,36571,1,SF,1,100,0.1437
1707823848.617452,245541.000,36624,1,SF,1,100,0.1420
1707823848.949556,245863.000,36672,1,SF,1,100,0.1404
1707823849.348699,246250.000,36737,1,SF,1,100,0.1387
1707823849.615826,246509.000,36790,1,SF,1,100,0.1371
1707823849.948962,246832.000,36838,1,SF,1,100,0.1355
1707823850.283128,247156.000,36889,1,SF,1,100,0.1340
1707823850.615232,247478.000,36939,1,SF,1,100,0.1324
1707823851.017470,247868.000,37004,1,SF,1,100,0.1309
1707823851.282534,248125.000,37055,1,SF,1,100,0.1294
1707823851.616701,248449.000,37105,1,SF,1,100,0.1279
1707823851.950867,248773.000,37137,1,SF,1,100,0.1264
1707823852.284002,249096.000,37188,1,SF,1,100,0.1249
1707823852.684177,249484.000,37243,1,SF,1,100,0.1235
1707823853.017313,249807.000,37296,1,SF,1,100,0.1221
1707823853.349416,250129.000,37346,1,SF,1,100,0.1207
1707823853.617575,250389.000,37397,1,SF,1,100,0.1193
1707823854.014656,250774.000,37447,1,SF,1,100,0.1179
1707823854.284877,251036.000,37498,1,SF,1,100,0.1165
1707823854.681957,251421.000,37548,1,SF,1,100,0.1152
1707823855.018187,251747.000,37599,1,SF,1,100,0.1138
1707823855.348228,252067.000,37647,1,SF,1,100,0.1125
1707823855.618449,252329.000,37700,1,SF,1,100,0.1112
1707823856.016561,252715.000,37748,1,SF,1,100,0.1099
1707823856.281625,252972.000,37801,1,SF,1,100,0.1087
1707823856.681800,253360.000,37833,1,SF,1,100,0.1074
1707823857.013904,253682.000,37851,1,SF,1,100,0.1062
1707823857.283094,253943.000,37871,1,SF,1,100,0.1049
1707823857.614166,254264.000,37919,1,SF,1,100,0.1037
1707823857.949364,254589.000,37977,1,SF,1,100,0.1025
1707823858.280437,254910.000,38027,1,SF,1,100,0.1013
1707823858.612541,255232.000,38078,1,SF,1,100,0.1002
1707823858.947739,255557.000,38128,1,SF,1,100,0.0990
1707823859.344819,255942.000,38193,1,SF,1,100,0.0979
1707823859.614009,256203.000,38244,1,SF,1,100,0.0967
1707823859.943019,256522.000,38294,1,SF,1,100,0.0956
1707823860.279248,256848.000,38343,1,SF,1,100,0.0945
1707823860.612384,257171.000,38393,1,SF,1,100,0.0934
1707823861.010496,257557.000,38460,1,SF,1,100,0.0923
1707823861.279685,257818.000,38509,1,SF,1,100,0.0913
1707823861.610758,258139.000,38561,1,SF,1,100,0.0902
1707823861.948019,258466.000,38610,1,SF,1,100,0.0892
1707823862.279091,258787.000,38658,1,SF,1,100,0.0881
1707823862.680297,259176.000,38725,1,SF,1,100,0.0871
1707823863.012401,259498.000,38776,1,SF,1,100,0.0861
1707823863.275403,259753.000,38813,1,SF,1,100,0.0851
1707823863.611632,260079.000,38865,1,SF,1,100,0.0841
1707823864.011807,260467.000,38930,1,SF,1,100,0.0831
1707823864.343911,260789.000,38983,1,SF,1,100,0.0822
1707823864.611038,261048.000,39031,1,SF,1,100,0.0812
1707823864.944173,261371.000,39080,1,SF,1,100,0.0803
1707823865.279371,261696.000,39132,1,SF,1,100,0.0794
1707823865.679546,262084.000,39197,1,SF,1,100,0.0784
1707823866.012681,262407.000,39246,1,SF,1,100,0.0775
1707823866.277745,262664.000,39298,1,SF,1,100,0.0766
1707823866.611912,262988.000,39347,1,SF,1,100,0.0758
1707823866.945047,263311.000,39397,1,SF,1,100,0.0749
1707823867.344191,263698.000,39463,1,SF,1,100,0.0740
1707823867.675263,264019.000,39513,1,SF,1,100,0.0732
1707823867.940328,264276.000,39563,1,SF,1,100,0.0723
1707823868.273463,264599.000,39614,1,SF,1,100,0.0715
1707823868.675700,264989.000,39671,1,SF,1,100,0.0706
1707823869.005741,265309.000,39722,1,SF,1,100,0.0698
1707823869.275963,265571.000,39770,1,SF,1,100,0.0690
1707823869.604972,265890.000,39823,1,SF,1,100,0.0682
1707823869.941202,266216.000,39871,1,SF,1,100,0.0674
1707823870.272274,266537.000,39920,1,SF,1,100,0.0667
1707823870.669355,266922.000,39987,1,SF,1,100,0.0659
1707823870.937513,267182.000,40037,1,SF,1,100,0.0651
1707823871.269617,267504.000,40086,1,SF,1,100,0.0644
1707823871.603784,267828.000,40136,1,SF,1,100,0.0636
1707823871.936919,268151.000,40187,1,SF,1,100,0.0629
1707823872.335031,268537.000,40254,1,SF,1,100,0.0622
1707823872.666104,268858.000,40302,1,SF,1,100,0.0614
1707823872.929105,269113.000,40353,1,SF,1,100,0.0607
1707823873.266366,269440.000,40403,1,SF,1,100,0.0600
1707823873.597438,269761.000,40454,1,SF,1,100,0.0593
1707823873.933668,270087.000,40507,1,SF,1,100,0.0586
1707823874.262677,270406.000,40559,1,SF,1,100,0.0580
1707823874.599938,270733.000,40608,1,SF,1,100,0.0573
1707823874.998050,271119.000,40675,1,SF,1,100,0.0566
1707823875.331186,271442.000,40724,1,SF,1,100,0.0560
1707823875.667415,271768.000,40774,1,SF,1,100,0.0553
1707823875.932479,272025.000,40825,1,SF,1,100,0.0547
1707823876.266646,272349.000,40873,1,SF,1,100,0.0541
1707823876.596687,272669.000,40924,1,SF,1,100,0.0534
1707823876.995830,273056.000,40991,1,SF,1,100,0.0528
1707823877.327934,273378.000,41039,1,SF,1,100,0.0522
1707823877.591967,273634.000,41092,1,SF,1,100,0.0516
1707823877.929228,273961.000,41140,1,SF,1,100,0.0510
1707823878.259269,274281.000,41189,1,SF,1,100,0.0504
1707823878.661507,274671.000,41259,1,SF,1,100,0.0498
1707823878.996705,274996.000,41308,1,SF,1,100,0.0493
1707823879.262800,275254.000,41349,1,SF,1,100,0.0487
1707823879.594904,275576.000,41398,1,SF,1,100,0.0481
1707823879.994048,275963.000,41464,1,SF,1,100,0.0476
1707823880.328214,276287.000,41515,1,SF,1,100,0.0470
1707823880.594310,276545.000,41564,1,SF,1,100,0.0465
1707823880.927445,276868.000,41614,1,SF,1,100,0.0459
1707823881.260580,277191.000,41665,1,SF,1,100,0.0454
1707823881.593716,277514.000,41713,1,SF,1,100,0.0449
1707823881.991828,277900.000,41780,1,SF,1,100,0.0444
1707823882.322900,278221.000,41831,1,SF,1,100,0.0438
1707823882.587964,278478.000,41879,1,SF,1,100,0.0433
1707823882.920068,278800.000,41931,1,SF,1,100,0.0428
1707823883.253204,279123.000,41980,1,SF,1,100,0.0423
1707823883.655441,279513.000,42049,1,SF,1,100,0.0418
1707823883.984451,279832.000,42098,1,SF,1,100,0.0414
1707823884.254672,280094.000,42148,1,SF,1,100,0.0409
1707823884.584713,280414.000,42189,1,SF,1,100,0.0404
1707823884.918880,280738.000,42238,1,SF,1,100,0.0399
1707823885.253046,281062.000,42290,1,SF,1,100,0.0395
1707823885.652190,281449.000,42355,1,SF,1,100,0.0390
1707823885.920348,281709.000,42404,1,SF,1,100,0.0386
1707823886.319492,282096.000,42456,1,SF,1,100,0.0381
1707823886.648501,282415.000,42505,1,SF,1,100,0.0377
1707823886.980605,282737.000,42557,1,SF,1,100,0.0373
1707823887.310646,283057.000,42606,1,SF,1,100,0.0368
1707823887.647907,283384.000,42656,1,SF,1,100,0.0364
1707823887.977948,283704.000,42707,1,SF,1,100,0.0360
1707823888.247138,283965.000,42740,1,SF,1,100,0.0356
1707823888.644219,284350.000,42809,1,SF,1,100,0.0351
1707823888.914440,284612.000,42843,1,SF,1,100,0.0347
1707823889.380623,285064.000,42910,1,SF,1,100,0.0343
1707823889.580710,285258.000,42942,1,SF,1,100,0.0339
1707823889.914877,285582.000,42995,1,SF,1,100,0.0335
1707823890.312989,285968.000,43048,1,SF,1,100,0.0332
1707823890.582179,286229.000,43096,1,SF,1,100,0.0328
1707823891.113339,286744.000,43133,1,SF,1,100,0.0324
1707823891.377372,287000.000,43151,1,SF,1,100,0.0320
1707823891.576428,287193.000,43185,1,SF,1,100,0.0317
1707823891.908532,287515.000,43235,1,SF,1,100,0.0313
1707823892.241667,287838.000,43284,1,SF,1,100,0.0309
1707823892.571708,288158.000,43334,1,SF,1,100,0.0306
1707823892.974977,288549.000,43401,1,SF,1,100,0.0302
1707823893.306049,288870.000,43452,1,SF,1,100,0.0299
1707823893.574208,289130.000,43504,1,SF,1,100,0.0295
1707823893.907343,289453.000,43553,1,SF,1,100,0.0292
1707823894.240478,289776.000,43601,1,SF,1,100,0.0288
1707823894.637559,290161.000,43668,1,SF,1,100,0.0285
1707823895.037734,290549.000,43722,1,SF,1,100,0.0282
1707823895.238853,290744.000,43758,1,SF,1,100,0.0279
1707823895.570956,291066.000,43806,1,SF,1,100,0.0275
1707823895.968037,291451.000,43873,1,SF,1,100,0.0272
1707823896.300141,291773.000,43924,1,SF,1,100,0.0269
1707823896.564174,292029.000,43972,1,SF,1,100,0.0266
1707823896.895246,292350.000,44024,1,SF,1,100,0.0263
1707823897.228382,292673.000,44073,1,SF,1,100,0.0260
1707823897.627525,293060.000,44140,1,SF,1,100,0.0257
1707823897.962723,293385.000,44189,1,SF,1,100,0.0254
1707823898.227787,293642.000,44239,1,SF,1,100,0.0251
1707823898.562985,293967.000,44292,1,SF,1,100,0.0248
1707823898.894058,294288.000,44340,1,SF,1,100,0.0245
1707823899.230287,294614.000,44391,1,SF,1,100,0.0242
1707823899.630462,295002.000,44458,1,SF,1,100,0.0239
1707823899.961535,295323.000,44506,1,SF,1,100,0.0237
1707823900.358615,295708.000,44564,1,SF,1,100,0.0234
1707823900.558703,295902.000,44598,1,SF,1,100,0.0231
1707823900.889775,296223.000,44650,1,SF,1,100,0.0229
1707823901.220848,296544.000,44699,1,SF,1,100,0.0226
1707823901.551920,296865.000,44747,1,SF,1,100,0.0223
1707823901.954158,297255.000,44814,1,SF,1,100,0.0221
1707823902.284199,297575.000,44865,1,SF,1,100,0.0218
1707823902.554420,297837.000,44915,1,SF,1,100,0.0216
1707823902.883430,298156.000,44964,1,SF,1,100,0.0213
1707823903.220691,298483.000,45014,1,SF,1,100,0.0211
1707823903.551763,298804.000,45067,1,SF,1,100,0.0208
1707823903.954001,299194.000,45132,1,SF,1,100,0.0206
1707823904.220096,299452.000,45182,1,SF,1,100,0.0203
1707823904.552200,299774.000,45233,1,SF,1,100,0.0201
1707823904.883273,300095.000,45281,1,SF,1,100,0.0199
1707823905.216408,300418.000,45334,1,SF,1,100,0.0196
1707823905.679497,300867.000,45390,1,SF,1,100,0.0194
1707823905.878553,301060.000,45424,1,SF,1,100,0.0192
1707823906.209625,301381.000,45474,1,SF,1,100,0.0190
1707823906.606706,301766.000,45540,1,SF,1,100,0.0188
1707823906.937778,302087.000,45592,1,SF,1,100,0.0185
1707823907.208000,302349.000,45640,1,SF,1,100,0.0183
1707823907.537009,302668.000,45691,1,SF,1,100,0.0181
1707823907.874270,302995.000,45741,1,SF,1,100,0.0179
1707823908.204311,303315.000,45790,1,SF,1,100,0.0177
1707823908.606549,303705.000,45859,1,SF,1,100,0.0175
1707823908.873676,303964.000,45909,1,SF,1,100,0.0173
1707823909.206811,304287.000,45958,1,SF,1,100,0.0171
1707823909.537884,304608.000,46008,1,SF,1,100,0.0169
1707823909.868956,304929.000,46059,1,SF,1,100,0.0167
1707823910.266037,305314.000,46126,1,SF,1,100,0.0165
