LocalTimestamp,EmotiBitTimestamp,PacketNumber,DataLength,TypeTag,ProtocolVersion,DataReliability,TH
1707823975.108381,368152.000,56415,1,TH,1,100,28.685
1707823975.241367,368281.000,56432,1,TH,1,100,28.659
1707823975.372292,368408.000,56451,1,TH,1,100,28.659
1707823975.508371,368540.000,56467,1,TH,1,100,28.716
1707823975.642388,368670.000,56499,1,TH,1,100,28.716
1707823975.774344,368798.000,56516,1,TH,1,100,28.675
1707823975.907330,368927.000,56533,1,TH,1,100,28.675
1707823976.038255,369054.000,56564,1,TH,1,100,28.692
1707823976.174334,369186.000,56582,1,TH,1,100,28.692
1707823976.307320,369315.000,56600,1,TH,1,100,28.726
1707823976.440307,369444.000,56617,1,TH,1,100,28.733
1707823976.573293,369573.000,56649,1,TH,1,100,28.659
1707823976.707310,369703.000,56665,1,TH,1,100,28.659
1707823976.842358,369834.000,56682,1,TH,1,100,28.720
1707823976.974314,369962.000,56699,1,TH,1,100,28.720
1707823977.107300,370091.000,56730,1,TH,1,100,28.684
1707823977.238225,370218.000,56750,1,TH,1,100,28.684
1707823977.371211,370347.000,56766,1,TH,1,100,28.726
1707823977.504198,370476.000,56798,1,TH,1,100,28.725
1707823977.636153,370604.000,56815,1,TH,1,100,28.762
1707823977.769139,370733.000,56831,1,TH,1,100,28.762
1707823977.901095,370861.000,56849,1,TH,1,100,28.712
1707823978.033050,370989.000,56882,1,TH,1,100,28.712
1707823978.166037,371118.000,56898,1,TH,1,100,28.707
1707823978.299023,371247.000,56918,1,TH,1,100,28.707
1707823978.435102,371379.000,56934,1,TH,1,100,28.727
1707823978.568089,371508.000,56966,1,TH,1,100,28.735
1707823978.700044,371636.000,56983,1,TH,1,100,28.677
1707823978.832000,371764.000,57001,1,TH,1,100,28.677
1707823978.966017,371894.000,57033,1,TH,1,100,28.687
1707823979.102096,372026.000,57050,1,TH,1,100,28.687
1707823979.234051,372154.000,57067,1,TH,1,100,28.745
1707823979.364976,372281.000,57084,1,TH,1,100,28.745
1707823979.498993,372411.000,57123,2,TH,1,100,28.653
1707823979.633011,372541.000,57123,2,TH,1,100,28.653
1707823979.768059,372672.000,57156,1,TH,1,100,28.752
1707823979.901045,372801.000,57173,1,TH,1,100,28.752
1707823980.035062,372931.000,57190,1,TH,1,100,28.731
1707823980.170111,373062.000,57206,1,TH,1,100,28.731
1707823980.302066,373190.000,57238,1,TH,1,100,28.731
1707823980.435052,373319.000,57257,1,TH,1,100,28.738
1707823980.567008,373447.000,57274,1,TH,1,100,28.630
1707823980.701025,373577.000,57305,1,TH,1,100,28.631
1707823980.835042,373707.000,57323,1,TH,1,100,28.733
1707823980.968029,373836.000,57339,1,TH,1,100,28.733
1707823981.099984,373964.000,57356,1,TH,1,100,28.733
1707823981.232971,374093.000,57390,1,TH,1,100,28.733
1707823981.369050,374225.000,57406,1,TH,1,100,28.798
1707823981.502036,374354.000,57423,1,TH,1,100,28.798
1707823981.635023,374483.000,57455,1,TH,1,100,28.746
1707823981.768009,374612.000,57471,1,TH,1,100,28.746
1707823981.899964,374740.000,57489,1,TH,1,100,28.795
1707823982.035013,374871.000,57507,1,TH,1,100,28.795
1707823982.169030,375001.000,57539,1,TH,1,100,28.803
1707823982.300985,375129.000,57556,1,TH,1,100,28.803
1707823982.433972,375258.000,57572,1,TH,1,100,28.693
1707823982.565927,375386.000,57590,1,TH,1,100,28.693
1707823982.696852,375513.000,57623,1,TH,1,100,28.753
1707823982.829838,375642.000,57639,1,TH,1,100,28.760
1707823982.964886,375773.000,57657,1,TH,1,100,28.768
1707823983.099934,375904.000,57688,1,TH,1,100,28.768
1707823983.233952,376034.000,57707,1,TH,1,100,28.739
1707823983.364876,376161.000,57724,1,TH,1,100,28.739
1707823983.497863,376290.000,57740,1,TH,1,100,28.657
1707823983.633942,376422.000,57774,1,TH,1,100,28.657
1707823983.766928,376551.000,57791,1,TH,1,100,28.739
1707823983.898884,376679.000,57808,1,TH,1,100,28.739
1707823984.030839,376807.000,57839,1,TH,1,100,28.720
1707823984.165372,376937.500,57857,2,TH,1,100,28.720
1707823984.299905,377068.000,57857,2,TH,1,100,28.752
1707823984.432891,377197.000,57873,1,TH,1,100,28.752
1707823984.563816,377324.000,57893,1,TH,1,100,28.687
1707823984.696802,377453.000,57924,1,TH,1,100,28.687
1707823984.830819,377583.000,57946,1,TH,1,100,28.710
1707823984.964836,377713.000,57963,2,TH,1,100,28.717
1707823985.098854,377843.000,57963,2,TH,1,100,28.732
1707823985.230809,377971.000,57995,1,TH,1,100,28.732
1707823985.365857,378102.000,58011,1,TH,1,100,28.787
1707823985.499875,378232.000,58028,1,TH,1,100,28.787
1707823985.632346,378360.500,58063,2,TH,1,100,28.823
1707823985.764817,378489.000,58063,2,TH,1,100,28.823
1707823985.897803,378618.000,58080,1,TH,1,100,28.711
1707823986.031820,378748.000,58111,1,TH,1,100,28.712
1707823986.164807,378877.000,58128,1,TH,1,100,28.771
1707823986.297793,379006.000,58145,1,TH,1,100,28.771
1707823986.429748,379134.000,58162,1,TH,1,100,28.771
1707823986.563766,379264.000,58181,1,TH,1,100,28.771
1707823986.695721,379392.000,58212,1,TH,1,100,28.766
1707823986.827677,379520.000,58229,1,TH,1,100,28.766
1707823986.960663,379649.000,58246,1,TH,1,100,28.802
1707823987.093649,379778.000,58263,1,TH,1,100,28.809
1707823987.224574,379905.000,58280,1,TH,1,100,28.848
1707823987.357560,380034.000,58311,1,TH,1,100,28.848
1707823987.490547,380163.000,58331,1,TH,1,100,28.791
1707823987.622502,380291.000,58347,1,TH,1,100,28.791
1707823987.755489,380420.000,58364,1,TH,1,100,28.874
1707823987.886413,380547.000,58381,1,TH,1,100,28.874
1707823988.019400,380676.000,58412,1,TH,1,100,28.838
1707823988.153417,380806.000,58430,1,TH,1,100,28.838
1707823988.288465,380937.000,58448,1,TH,1,100,28.773
1707823988.421451,381066.000,58467,1,TH,1,100,28.773
1707823988.552376,381193.000,58484,1,TH,1,100,28.879
1707823988.684331,381321.000,58515,1,TH,1,100,28.879
1707823988.821441,381454.000,58532,1,TH,1,100,28.719
1707823988.955459,381584.000,58549,1,TH,1,100,28.719
1707823989.086899,381711.500,58567,2,TH,1,100,28.780
1707823989.218339,381839.000,58567,2,TH,1,100,28.787
1707823989.352872,381969.500,58586,2,TH,1,100,28.763
1707823989.487404,382100.000,58586,2,TH,1,100,28.763
1707823989.620391,382229.000,58604,1,TH,1,100,28.768
1707823989.752346,382357.000,58619,1,TH,1,100,28.768
1707823989.885332,382486.000,58637,1,TH,1,100,28.907
1707823990.020381,382617.000,58653,1,TH,1,100,28.907
1707823990.155429,382748.000,58676,1,TH,1,100,28.770
1707823990.287384,382876.000,58692,1,TH,1,100,28.770
1707823990.420371,383005.000,58709,1,TH,1,100,28.774
1707823990.551295,383132.000,58726,1,TH,1,100,28.774
1707823990.684282,383261.000,58757,1,TH,1,100,28.868
1707823990.817268,383390.000,58774,1,TH,1,100,28.868
1707823990.949223,383518.000,58791,1,TH,1,100,28.802
1707823991.082210,383647.000,58808,1,TH,1,100,28.802
1707823991.214165,383775.000,58842,1,TH,1,100,28.843
1707823991.346121,383903.000,58858,1,TH,1,100,28.851
1707823991.479107,384032.000,58875,1,TH,1,100,28.856
1707823991.612094,384161.000,58907,1,TH,1,100,28.856
1707823991.744049,384289.000,58923,1,TH,1,100,28.905
1707823991.876005,384417.000,58941,1,TH,1,100,28.905
1707823992.008991,384546.000,58959,1,TH,1,100,28.821
1707823992.141977,384675.000,58991,1,TH,1,100,28.821
1707823992.274964,384804.000,59008,1,TH,1,100,28.793
1707823992.407950,384933.000,59024,1,TH,1,100,28.793
1707823992.538875,385060.000,59042,1,TH,1,100,28.798
1707823992.671861,385189.000,59073,1,TH,1,100,28.798
1707823992.804847,385318.000,59091,1,TH,1,100,28.800
1707823992.936803,385446.000,59109,1,TH,1,100,28.800
1707823993.068758,385574.000,59140,1,TH,1,100,28.900
1707823993.202776,385704.000,59159,1,TH,1,100,28.900
1707823993.336793,385834.000,59176,1,TH,1,100,28.905
1707823993.471841,385965.000,59192,1,TH,1,100,28.912
1707823993.603797,386093.000,59226,1,TH,1,100,28.766
1707823993.734721,386220.000,59243,1,TH,1,100,28.766
1707823993.866677,386348.000,59260,1,TH,1,100,28.856
1707823994.000694,386478.000,59277,1,TH,1,100,28.856
1707823994.134711,386608.000,59309,1,TH,1,100,28.794
1707823994.267698,386737.000,59325,1,TH,1,100,28.794
1707823994.399653,386865.000,59344,1,TH,1,100,28.846
1707823994.532639,386994.000,59376,1,TH,1,100,28.846
1707823994.668718,387126.000,59392,1,TH,1,100,28.802
1707823994.801705,387255.000,59409,1,TH,1,100,28.802
1707823994.934691,387384.000,59426,1,TH,1,100,28.883
1707823995.067678,387513.000,59457,1,TH,1,100,28.883
1707823995.199633,387641.000,59477,1,TH,1,100,28.773
1707823995.334681,387772.000,59493,1,TH,1,100,28.780
1707823995.468699,387902.000,59518,1,TH,1,100,28.796
1707823995.600654,388030.000,59534,1,TH,1,100,28.796
1707823995.733640,388159.000,59551,1,TH,1,100,28.907
1707823995.865596,388287.000,59583,1,TH,1,100,28.907
1707823995.998582,388416.000,59599,1,TH,1,100,28.822
1707823996.131569,388545.000,59618,1,TH,1,100,28.822
1707823996.263524,388673.000,59635,1,TH,1,100,28.855
1707823996.395480,388801.000,59666,1,TH,1,100,28.855
1707823996.529497,388931.000,59684,1,TH,1,100,28.855
1707823996.661452,389059.000,59700,1,TH,1,100,28.855
1707823996.794439,389188.000,59732,1,TH,1,100,28.881
1707823996.927425,389317.000,59751,1,TH,1,100,28.881
1707823997.058350,389444.000,59767,1,TH,1,100,28.798
1707823997.191336,389573.000,59785,1,TH,1,100,28.798
1707823997.324322,389702.000,59816,1,TH,1,100,28.834
1707823997.456278,389830.000,59833,1,TH,1,100,28.841
1707823997.589264,389959.000,59850,1,TH,1,100,28.854
1707823997.721220,390087.000,59866,1,TH,1,100,28.854
1707823997.852144,390214.000,59900,1,TH,1,100,28.864
1707823997.985131,390343.000,59917,1,TH,1,100,28.864
1707823998.119148,390473.000,59933,1,TH,1,100,28.854
1707823998.254196,390604.000,59967,1,TH,1,100,28.854
1707823998.387183,390733.000,59984,1,TH,1,100,28.903
1707823998.518107,390860.000,60001,1,TH,1,100,28.903
1707823998.650063,390988.000,60020,1,TH,1,100,28.833
1707823998.784080,391118.000,60052,1,TH,1,100,28.833
1707823998.916035,391246.000,60068,1,TH,1,100,28.927
1707823999.049022,391375.000,60085,1,TH,1,100,28.927
1707823999.182008,391504.000,60102,1,TH,1,100,28.927
1707823999.316025,391634.000,60133,1,TH,1,100,28.927
1707823999.449012,391763.000,60152,1,TH,1,100,28.824
1707823999.581998,391892.000,60169,1,TH,1,100,28.831
1707823999.712923,392019.000,60200,1,TH,1,100,28.903
1707823999.850033,392152.000,60218,1,TH,1,100,28.903
1707823999.984050,392282.000,60234,1,TH,1,100,28.938
1707824000.116005,392410.000,60251,1,TH,1,100,28.938
1707824000.248992,392539.000,60285,1,TH,1,100,28.896
1707824000.380947,392667.000,60301,1,TH,1,100,28.896
1707824000.515996,392798.000,60319,1,TH,1,100,28.865
1707824000.648982,392927.000,60354,2,TH,1,100,28.865
1707824000.781968,393056.000,60354,2,TH,1,100,28.969
1707824000.913924,393184.000,60371,1,TH,1,100,28.969
1707824001.046910,393313.000,60404,1,TH,1,100,28.933
1707824001.181958,393444.000,60422,1,TH,1,100,28.940
1707824001.313914,393572.000,60438,1,TH,1,100,28.882
1707824001.446900,393701.000,60470,1,TH,1,100,28.882
1707824001.578856,393829.000,60487,1,TH,1,100,28.877
1707824001.711842,393958.000,60504,1,TH,1,100,28.877
1707824001.842767,394085.000,60522,1,TH,1,100,28.924
1707824001.974722,394213.000,60538,1,TH,1,100,28.924
1707824002.111832,394346.000,60555,1,TH,1,100,28.973
1707824002.245849,394476.000,60587,1,TH,1,100,28.973
1707824002.377805,394604.000,60603,1,TH,1,100,28.994
1707824002.508729,394731.000,60621,1,TH,1,100,28.994
1707824002.641716,394860.000,60656,1,TH,1,100,28.839
1707824002.777795,394992.000,60675,1,TH,1,100,28.839
1707824002.910781,395121.000,60692,1,TH,1,100,28.895
1707824003.042737,395249.000,60710,1,TH,1,100,28.895
1707824003.175723,395378.000,60744,1,TH,1,100,28.916
1707824003.310771,395509.000,60763,1,TH,1,100,28.916
1707824003.445819,395640.000,60781,1,TH,1,100,28.850
1707824003.577775,395768.000,60815,1,TH,1,100,28.850
1707824003.708699,395895.000,60834,1,TH,1,100,28.996
1707824003.841686,396024.000,60851,1,TH,1,100,29.003
1707824003.976734,396155.000,60870,1,TH,1,100,28.850
1707824004.110751,396285.000,60904,1,TH,1,100,28.850
1707824004.242707,396413.000,60920,1,TH,1,100,28.878
1707824004.375693,396542.000,60937,1,TH,1,100,28.878
1707824004.510741,396673.000,60954,1,TH,1,100,28.897
1707824004.642697,396801.000,60985,1,TH,1,100,28.897
1707824004.775683,396930.000,61002,1,TH,1,100,28.967
1707824004.907639,397058.000,61021,1,TH,1,100,28.966
1707824005.043718,397190.000,61038,1,TH,1,100,28.930
1707824005.176704,397319.000,61070,1,TH,1,100,28.930
1707824005.309691,397448.000,61086,1,TH,1,100,28.852
1707824005.442677,397577.000,61103,1,TH,1,100,28.852
1707824005.575663,397706.000,61135,1,TH,1,100,28.963
1707824005.708650,397835.000,61153,1,TH,1,100,28.970
1707824005.839574,397962.000,61171,1,TH,1,100,28.827
1707824005.972561,398091.000,61193,1,TH,1,100,28.827
1707824006.105547,398220.000,61210,1,TH,1,100,28.950
1707824006.237502,398348.000,61227,1,TH,1,100,28.950
1707824006.369458,398476.000,61243,1,TH,1,100,28.915
1707824006.503475,398606.000,61277,1,TH,1,100,28.915
1707824006.635431,398734.000,61294,1,TH,1,100,28.986
1707824006.768417,398863.000,61311,1,TH,1,100,28.986
1707824006.900373,398991.000,61328,1,TH,1,100,28.889
1707824007.031297,399118.000,61344,1,TH,1,100,28.889
1707824007.164284,399247.000,61362,1,TH,1,100,28.997
1707824007.299332,399378.000,61395,1,TH,1,100,28.996
1707824007.433349,399508.000,61411,1,TH,1,100,28.915
1707824007.566335,399637.000,61429,1,TH,1,100,28.915
1707824007.696229,399763.000,61460,1,TH,1,100,28.905
1707824007.830246,399893.000,61477,1,TH,1,100,28.905
1707824007.966325,400025.000,61494,1,TH,1,100,29.025
1707824008.099312,400154.000,61510,1,TH,1,100,29.025
1707824008.231267,400282.000,61546,1,TH,1,100,28.899
1707824008.364254,400411.000,61563,1,TH,1,100,28.906
1707824008.498271,400541.000,61580,1,TH,1,100,29.011
1707824008.633319,400672.000,61611,1,TH,1,100,29.011
1707824008.767336,400802.000,61629,1,TH,1,100,29.000
1707824008.897230,400928.000,61645,1,TH,1,100,29.000
1707824009.030216,401057.000,61662,1,TH,1,100,28.943
1707824009.165265,401188.000,61696,1,TH,1,100,28.943
1707824009.299282,401318.000,61712,1,TH,1,100,28.908
1707824009.432268,401447.000,61729,1,TH,1,100,28.908
1707824009.564224,401575.000,61761,1,TH,1,100,28.937
1707824009.696179,401703.000,61777,1,TH,1,100,28.944
1707824009.830197,401833.000,61795,1,TH,1,100,28.942
1707824009.962152,401961.000,61813,1,TH,1,100,28.935
1707824010.095138,402090.000,61845,1,TH,1,100,28.926
1707824010.228125,402219.000,61862,1,TH,1,100,28.933
1707824010.359049,402346.000,61878,1,TH,1,100,28.900
1707824010.492036,402475.000,61896,1,TH,1,100,28.900
1707824010.625022,402604.000,61927,1,TH,1,100,28.928
1707824010.756978,402732.000,61943,1,TH,1,100,28.928
1707824010.889964,402861.000,61963,1,TH,1,100,28.959
1707824011.021919,402989.000,61979,1,TH,1,100,28.959
1707824011.154390,403117.500,62013,2,TH,1,100,29.022
1707824011.286861,403246.000,62013,2,TH,1,100,29.022
1707824011.419848,403375.000,62029,1,TH,1,100,28.987
1707824011.550772,403502.000,62061,1,TH,1,100,28.987
1707824011.683759,403631.000,62080,1,TH,1,100,29.024
1707824011.816745,403760.000,62097,1,TH,1,100,29.024
1707824011.948700,403888.000,62114,1,TH,1,100,29.116
1707824012.082718,404018.000,62146,1,TH,1,100,29.116
1707824012.214673,404146.000,62162,1,TH,1,100,28.982
1707824012.346629,404274.000,62179,1,TH,1,100,28.989
1707824012.481677,404405.000,62196,1,TH,1,100,28.974
1707824012.615694,404535.000,62229,1,TH,1,100,28.974
1707824012.748681,404664.000,62246,1,TH,1,100,28.945
1707824012.880636,404792.000,62263,1,TH,1,100,28.945
1707824013.012591,404920.000,62294,1,TH,1,100,28.958
1707824013.149701,405053.000,62312,1,TH,1,100,28.958
1707824013.283719,405183.000,62330,1,TH,1,100,28.953
1707824013.415674,405311.000,62347,1,TH,1,100,28.953
1707824013.548661,405440.000,62381,1,TH,1,100,28.906
1707824013.680616,405568.000,62397,1,TH,1,100,28.906
1707824013.815664,405699.000,62415,1,TH,1,100,28.970
1707824013.948651,405828.000,62446,1,TH,1,100,28.970
1707824014.081637,405957.000,62463,1,TH,1,100,29.067
1707824014.213592,406085.000,62480,1,TH,1,100,29.075
1707824014.346579,406214.000,62496,1,TH,1,100,29.101
1707824014.481627,406345.000,62530,1,TH,1,100,29.101
1707824014.613583,406473.000,62547,1,TH,1,100,28.983
1707824014.746569,406602.000,62563,1,TH,1,100,28.983
1707824014.878524,406730.000,62595,1,TH,1,100,29.017
1707824015.012542,406860.000,62612,1,TH,1,100,29.017
1707824015.145528,406989.000,62629,1,TH,1,100,29.002
1707824015.277484,407117.000,62648,1,TH,1,100,29.002
1707824015.411501,407247.000,62680,1,TH,1,100,29.052
1707824015.543456,407375.000,62696,1,TH,1,100,29.052
1707824015.675412,407503.000,62713,1,TH,1,100,29.024
1707824015.808398,407632.000,62730,1,TH,1,100,29.024
1707824015.941384,407761.000,62761,1,TH,1,100,29.032
1707824016.073340,407889.000,62778,1,TH,1,100,29.032
1707824016.205295,408017.000,62797,1,TH,1,100,28.977
1707824016.338282,408146.000,62814,1,TH,1,100,28.977
1707824016.471268,408275.000,62851,2,TH,1,100,28.946
1707824016.604255,408404.000,62851,2,TH,1,100,28.946
1707824016.736210,408532.000,62867,1,TH,1,100,28.988
1707824016.868166,408660.000,62899,1,TH,1,100,28.988
1707824017.001152,408789.000,62916,1,TH,1,100,28.964
1707824017.134138,408918.000,62935,1,TH,1,100,28.964
1707824017.269186,409049.000,62966,1,TH,1,100,28.953
1707824017.403204,409179.000,62984,1,TH,1,100,28.960
1707824017.536190,409308.000,63000,1,TH,1,100,28.960
1707824017.666084,409434.000,63017,1,TH,1,100,28.960
1707824017.800101,409564.000,63049,1,TH,1,100,29.125
1707824017.932057,409692.000,63065,1,TH,1,100,29.125
1707824018.065043,409821.000,63084,1,TH,1,100,28.960
1707824018.196998,409949.000,63103,1,TH,1,100,28.960
1707824018.331531,410079.500,63135,2,TH,1,100,28.992
1707824018.466064,410210.000,63135,2,TH,1,100,28.992
1707824018.599050,410339.000,63166,1,TH,1,100,28.976
1707824018.732037,410468.000,63184,1,TH,1,100,28.976
1707824018.863992,410596.000,63200,1,TH,1,100,29.041
1707824019.000071,410728.000,63219,1,TH,1,100,29.041
1707824019.132027,410856.000,63236,1,TH,1,100,29.028
1707824019.265013,410985.000,63267,1,TH,1,100,29.028
1707824019.397999,411114.000,63285,1,TH,1,100,29.025
1707824019.532017,411244.000,63301,1,TH,1,100,29.025
1707824019.667065,411375.000,63318,1,TH,1,100,29.030
1707824019.801082,411505.000,63335,1,TH,1,100,29.030
1707824019.933038,411633.000,63368,1,TH,1,100,29.041
1707824020.064993,411761.000,63386,1,TH,1,100,29.048
1707824020.200041,411892.000,63402,1,TH,1,100,28.954
1707824020.333028,412021.000,63419,1,TH,1,100,28.954
1707824020.466014,412150.000,63436,1,TH,1,100,29.037
1707824020.597970,412278.000,63467,1,TH,1,100,29.037
1707824020.729925,412406.000,63484,1,TH,1,100,28.985
1707824020.862911,412535.000,63503,1,TH,1,100,28.985
1707824020.994867,412663.000,63520,1,TH,1,100,29.100
1707824021.128884,412793.000,63537,1,TH,1,100,29.100
1707824021.264963,412925.000,63568,1,TH,1,100,29.071
1707824021.397950,413054.000,63585,1,TH,1,100,29.071
1707824021.529905,413182.000,63602,1,TH,1,100,29.000
1707824021.663407,413311.500,63643,2,TH,1,100,29.000
1707824021.796909,413441.000,63643,2,TH,1,100,29.039
1707824021.931957,413572.000,63659,1,TH,1,100,29.039
1707824022.065974,413702.000,63677,1,TH,1,100,29.024
1707824022.195868,413828.000,63693,1,TH,1,100,29.024
1707824022.328854,413957.000,63710,1,TH,1,100,29.019
1707824022.463902,414088.000,63727,1,TH,1,100,29.019
1707824022.597920,414218.000,63760,1,TH,1,100,28.972
1707824022.730906,414347.000,63778,1,TH,1,100,28.972
1707824022.862862,414475.000,63794,1,TH,1,100,29.165
1707824022.994817,414603.000,63811,1,TH,1,100,29.172
1707824023.131927,414736.000,63829,1,TH,1,100,29.031
1707824023.264398,414864.500,63851,2,TH,1,100,29.031
1707824023.396869,414993.000,63851,2,TH,1,100,28.984
1707824023.530543,415122.667,63869,3,TH,1,100,28.984
1707824023.664216,415252.333,63869,3,TH,1,100,29.015
1707824023.797890,415382.000,63869,3,TH,1,100,29.015
1707824023.930876,415511.000,63885,1,TH,1,100,29.018
1707824024.061801,415638.000,63917,1,TH,1,100,29.018
1707824024.197880,415770.000,63936,1,TH,1,100,29.052
1707824024.330866,415899.000,63952,1,TH,1,100,29.052
1707824024.462822,416027.000,63970,1,TH,1,100,29.101
1707824024.595808,416156.000,64001,1,TH,1,100,29.101
1707824024.728794,416285.000,64017,1,TH,1,100,29.022
1707824024.863843,416416.000,64035,1,TH,1,100,29.022
1707824024.996829,416545.000,64066,1,TH,1,100,29.059
1707824025.129815,416674.000,64085,1,TH,1,100,29.059
1707824025.261771,416802.000,64102,1,TH,1,100,29.033
1707824025.395788,416932.000,64118,1,TH,1,100,29.040
1707824025.527744,417060.000,64150,1,TH,1,100,29.099
1707824025.659699,417188.000,64167,1,TH,1,100,29.099
1707824025.792686,417317.000,64184,1,TH,1,100,28.983
1707824025.924641,417445.000,64201,1,TH,1,100,28.983
1707824026.057627,417574.000,64235,1,TH,1,100,29.073
1707824026.189583,417702.000,64251,1,TH,1,100,29.073
1707824026.321538,417830.000,64268,1,TH,1,100,29.026
1707824026.458648,417963.000,64300,1,TH,1,100,29.026
1707824026.592666,418093.000,64316,1,TH,1,100,29.052
1707824026.723590,418220.000,64333,1,TH,1,100,29.052
1707824026.855546,418348.000,64350,1,TH,1,100,29.102
1707824026.990078,418478.500,64390,2,TH,1,100,29.102
1707824027.124611,418609.000,64390,2,TH,1,100,29.063
1707824027.257597,418738.000,64406,1,TH,1,100,29.063
1707824027.388522,418865.000,64423,1,TH,1,100,29.049
1707824027.520478,418993.000,64455,1,TH,1,100,29.049
1707824027.655526,419124.000,64471,1,TH,1,100,29.005
1707824027.790574,419255.000,64491,1,TH,1,100,29.005
1707824027.922529,419383.000,64507,1,TH,1,100,29.086
1707824028.054485,419511.000,64539,1,TH,1,100,29.086
1707824028.187471,419640.000,64558,1,TH,1,100,29.062
1707824028.322004,419770.500,64576,2,TH,1,100,29.062
1707824028.456537,419901.000,64576,2,TH,1,100,29.070
1707824028.588492,420029.000,64609,1,TH,1,100,29.070
1707824028.721479,420158.000,64626,1,TH,1,100,29.060
1707824028.853434,420286.000,64643,1,TH,1,100,29.067
1707824028.985389,420414.000,64659,1,TH,1,100,29.074
1707824029.118376,420543.000,64691,1,TH,1,100,29.074
1707824029.251362,420672.000,64708,1,TH,1,100,29.077
1707824029.383318,420800.000,64724,1,TH,1,100,29.077
1707824029.515273,420928.000,64758,1,TH,1,100,29.098
1707824029.648260,421057.000,64775,1,TH,1,100,29.098
1707824029.781246,421186.000,64792,1,TH,1,100,29.072
1707824029.914232,421315.000,64809,1,TH,1,100,29.072
1707824030.046188,421443.000,64825,1,TH,1,100,29.100
1707824030.178143,421571.000,64857,1,TH,1,100,29.100
1707824030.311130,421700.000,64874,1,TH,1,100,29.093
1707824030.444116,421829.000,64893,1,TH,1,100,29.093
1707824030.576072,421957.000,64910,1,TH,1,100,29.048
1707824030.708027,422085.000,64942,1,TH,1,100,29.048
1707824030.841013,422214.000,64958,1,TH,1,100,29.065
1707824030.972969,422342.000,64975,1,TH,1,100,29.065
1707824031.105955,422471.000,64992,1,TH,1,100,29.058
1707824031.238942,422600.000,65025,1,TH,1,100,29.058
1707824031.369866,422727.000,65042,1,TH,1,100,29.152
1707824031.502853,422856.000,65059,1,TH,1,100,29.159
1707824031.638932,422988.000,65091,1,TH,1,100,29.117
1707824031.771918,423117.000,65108,1,TH,1,100,29.117
1707824031.903874,423245.000,65124,1,TH,1,100,29.036
1707824032.035829,423373.000,65141,1,TH,1,100,29.036
1707824032.169846,423503.000,65160,1,TH,1,100,29.107
1707824032.303864,423633.000,65198,2,TH,1,100,29.107
1707824032.437881,423763.000,65198,2,TH,1,100,29.091
1707824032.570867,423892.000,65229,1,TH,1,100,29.091
1707824032.703854,424021.000,65246,1,TH,1,100,29.073
1707824032.837871,424151.000,65263,1,TH,1,100,29.073
1707824032.972919,424282.000,65281,1,TH,1,100,29.146
1707824033.106936,424412.000,65315,1,TH,1,100,29.146
1707824033.238892,424540.000,65332,1,TH,1,100,29.175
1707824033.370847,424668.000,65348,1,TH,1,100,29.175
1707824033.505895,424799.000,65366,1,TH,1,100,29.071
1707824033.638882,424928.000,65397,1,TH,1,100,29.071
1707824033.771868,425057.000,65414,1,TH,1,100,29.005
1707824033.904855,425186.000,65433,1,TH,1,100,29.012
1707824034.035779,425313.000,65465,1,TH,1,100,29.168
1707824034.171858,425445.000,65481,1,TH,1,100,29.168
1707824034.303814,425573.000,65498,1,TH,1,100,29.129
1707824034.436800,425702.000,65515,1,TH,1,100,29.129
1707824034.569786,425831.000,10,1,TH,1,100,29.158
1707824034.700711,425958.000,29,1,TH,1,100,29.158
1707824034.833697,426087.000,46,1,TH,1,100,29.111
1707824034.966684,426216.000,77,1,TH,1,100,29.111
1707824035.098639,426344.000,95,1,TH,1,100,29.080
1707824035.230595,426472.000,111,1,TH,1,100,29.080
1707824035.364612,426602.000,128,1,TH,1,100,29.059
1707824035.496568,426730.000,162,1,TH,1,100,29.059
1707824035.629554,426859.000,178,1,TH,1,100,29.054
1707824035.762540,426988.000,196,1,TH,1,100,29.054
1707824035.893465,427115.000,212,1,TH,1,100,29.165
1707824036.026451,427244.000,244,1,TH,1,100,29.165
1707824036.159438,427373.000,261,1,TH,1,100,29.056
1707824036.291393,427501.000,277,1,TH,1,100,29.056
1707824036.428503,427634.000,311,1,TH,1,100,29.118
1707824036.562520,427764.000,328,1,TH,1,100,29.118
1707824036.693445,427891.000,344,1,TH,1,100,29.071
1707824036.825400,428019.000,362,1,TH,1,100,29.071
1707824036.959418,428149.000,393,1,TH,1,100,29.204
1707824037.092404,428278.000,410,1,TH,1,100,29.204
1707824037.225390,428407.000,429,1,TH,1,100,29.144
1707824037.356315,428534.000,445,1,TH,1,100,29.151
1707824037.492394,428666.000,477,1,TH,1,100,29.086
1707824037.625380,428795.000,499,1,TH,1,100,29.086
1707824037.757336,428923.000,516,1,TH,1,100,29.117
1707824037.890322,429052.000,533,1,TH,1,100,29.117
1707824038.023309,429181.000,567,1,TH,1,100,29.039
1707824038.158357,429312.000,585,1,TH,1,100,29.039
1707824038.291343,429441.000,602,1,TH,1,100,29.174
1707824038.424330,429570.000,634,1,TH,1,100,29.174
1707824038.555254,429697.000,650,1,TH,1,100,29.086
1707824038.691333,429829.000,667,1,TH,1,100,29.086
1707824038.825351,429959.000,684,1,TH,1,100,29.108
1707824038.957306,430087.000,717,1,TH,1,100,29.108
1707824039.090292,430216.000,735,1,TH,1,100,29.181
1707824039.221217,430343.000,751,1,TH,1,100,29.181
1707824039.357296,430475.000,783,1,TH,1,100,29.070
1707824039.490282,430604.000,800,1,TH,1,100,29.077
1707824039.623269,430733.000,816,1,TH,1,100,29.192
1707824039.756255,430862.000,836,1,TH,1,100,29.185
1707824039.888211,430990.000,867,1,TH,1,100,29.161
1707824040.020166,431118.000,883,1,TH,1,100,29.161
1707824040.152122,431246.000,901,1,TH,1,100,29.145
1707824040.286139,431376.000,917,1,TH,1,100,29.145
1707824040.421187,431507.000,949,1,TH,1,100,29.134
1707824040.554174,431636.000,968,1,TH,1,100,29.142
1707824040.685098,431763.000,984,1,TH,1,100,29.107
1707824040.817054,431891.000,1016,1,TH,1,100,29.107
1707824040.952102,432022.000,1033,1,TH,1,100,29.162
1707824041.087150,432153.000,1050,1,TH,1,100,29.162
1707824041.219105,432281.000,1067,1,TH,1,100,29.131
1707824041.351061,432409.000,1101,1,TH,1,100,29.131
1707824041.484047,432538.000,1117,1,TH,1,100,29.102
1707824041.620126,432670.000,1134,1,TH,1,100,29.102
1707824041.753113,432799.000,1151,1,TH,1,100,29.142
1707824041.885068,432927.000,1182,1,TH,1,100,29.142
1707824042.017024,433055.000,1199,1,TH,1,100,29.131
1707824042.151041,433185.000,1216,1,TH,1,100,29.131
1707824042.287120,433317.000,1235,1,TH,1,100,29.164
1707824042.419076,433445.000,1267,1,TH,1,100,29.164
1707824042.550000,433572.000,1283,1,TH,1,100,29.105
1707824042.686079,433704.000,1300,1,TH,1,100,29.105
1707824042.819066,433833.000,1337,1,TH,1,100,29.079
1707824042.952052,433962.000,1355,1,TH,1,100,29.086
1707824043.085038,434091.000,1373,1,TH,1,100,29.148
1707824043.219056,434221.000,1391,1,TH,1,100,29.148
1707824043.354104,434352.000,1408,1,TH,1,100,29.217
1707824043.486059,434480.000,1440,1,TH,1,100,29.217
1707824043.619046,434609.000,1456,1,TH,1,100,29.244
1707824043.751001,434737.000,1474,1,TH,1,100,29.244
1707824043.882957,434865.000,1507,1,TH,1,100,29.106
1707824044.014912,434993.000,1524,1,TH,1,100,29.106
1707824044.147898,435122.000,1541,1,TH,1,100,29.142
1707824044.279854,435250.000,1557,1,TH,1,100,29.142
1707824044.412840,435379.000,1589,1,TH,1,100,29.156
1707824044.545827,435508.000,1606,1,TH,1,100,29.156
1707824044.676751,435635.000,1622,1,TH,1,100,29.142
1707824044.809738,435764.000,1642,1,TH,1,100,29.142
1707824044.942724,435893.000,1673,1,TH,1,100,29.172
1707824045.074679,436021.000,1690,1,TH,1,100,29.172
1707824045.206635,436149.000,1707,1,TH,1,100,29.127
1707824045.339621,436278.000,1739,1,TH,1,100,29.134
1707824045.473639,436408.000,1757,1,TH,1,100,29.243
1707824045.609718,436540.000,1774,1,TH,1,100,29.243
1707824045.741673,436668.000,1791,1,TH,1,100,29.131
1707824045.872598,436795.000,1822,1,TH,1,100,29.131
1707824046.005584,436924.000,1839,1,TH,1,100,29.141
1707824046.140632,437055.000,1856,1,TH,1,100,29.141
1707824046.275680,437186.000,1873,1,TH,1,100,29.189
1707824046.409698,437316.000,1907,1,TH,1,100,29.189
1707824046.540622,437443.000,1923,1,TH,1,100,29.233
1707824046.673609,437572.000,1940,1,TH,1,100,29.233
1707824046.809688,437704.000,1957,1,TH,1,100,29.271
1707824046.942674,437833.000,1988,1,TH,1,100,29.271
1707824047.074630,437961.000,2006,1,TH,1,100,29.250
1707824047.206585,438089.000,2024,1,TH,1,100,29.250
1707824047.339572,438218.000,2056,1,TH,1,100,29.214
1707824047.475651,438350.000,2073,1,TH,1,100,29.214
1707824047.608637,438479.000,2089,1,TH,1,100,29.219
1707824047.740592,438607.000,2107,1,TH,1,100,29.219
1707824047.873579,438736.000,2140,1,TH,1,100,29.179
1707824048.006565,438865.000,2156,1,TH,1,100,29.187
1707824048.139552,438994.000,2181,1,TH,1,100,29.226
1707824048.272538,439123.000,2198,1,TH,1,100,29.226
1707824048.404493,439251.000,2215,1,TH,1,100,29.195
1707824048.536449,439379.000,2248,1,TH,1,100,29.195
1707824048.670466,439509.000,2266,1,TH,1,100,29.211
1707824048.802422,439637.000,2282,1,TH,1,100,29.211
1707824048.935408,439766.000,2299,1,TH,1,100,29.169
1707824049.068394,439895.000,2331,1,TH,1,100,29.169
1707824049.199319,440022.000,2347,1,TH,1,100,29.231
1707824049.332305,440151.000,2366,1,TH,1,100,29.231
1707824049.465292,440280.000,2383,1,TH,1,100,29.216
1707824049.597247,440408.000,2414,1,TH,1,100,29.216
1707824049.731265,440538.000,2432,1,TH,1,100,29.275
1707824049.863220,440666.000,2448,1,TH,1,100,29.275
1707824049.995175,440794.000,2480,1,TH,1,100,29.228
1707824050.128162,440923.000,2499,1,TH,1,100,29.228
1707824050.261148,441052.000,2515,1,TH,1,100,29.230
1707824050.392073,441179.000,2533,1,TH,1,100,29.230
1707824050.525059,441308.000,2564,1,TH,1,100,29.116
1707824050.658046,441437.000,2581,1,TH,1,100,29.116
1707824050.790001,441565.000,2598,1,TH,1,100,29.194
1707824050.922987,441694.000,2614,1,TH,1,100,29.194
1707824051.053912,441821.000,2648,1,TH,1,100,29.235
1707824051.186898,441950.000,2665,1,TH,1,100,29.235
1707824051.319885,442079.000,2681,1,TH,1,100,29.157
1707824051.454933,442210.000,2713,1,TH,1,100,29.157
1707824051.587919,442339.000,2730,1,TH,1,100,29.194
1707824051.720906,442468.000,2747,1,TH,1,100,29.201
1707824051.851830,442595.000,2764,1,TH,1,100,29.196
1707824051.987909,442727.000,2798,1,TH,1,100,29.196
1707824052.121927,442857.000,2814,1,TH,1,100,29.170
1707824052.253882,442985.000,2831,1,TH,1,100,29.170
1707824052.386868,443114.000,2848,1,TH,1,100,29.175
1707824052.517793,443241.000,2879,1,TH,1,100,29.175
1707824052.653872,443373.000,2896,1,TH,1,100,29.239
1707824052.786859,443502.000,2913,1,TH,1,100,29.239
1707824052.919845,443631.000,2932,1,TH,1,100,29.123
1707824053.052831,443760.000,2951,1,TH,1,100,29.123
1707824053.186849,443890.000,2968,1,TH,1,100,29.185
1707824053.321897,444021.000,2984,1,TH,1,100,29.185
1707824053.453852,444149.000,3005,1,TH,1,100,29.216
1707824053.586839,444278.000,3021,1,TH,1,100,29.216
1707824053.717763,444405.000,3041,1,TH,1,100,29.203
1707824053.850750,444534.000,3057,1,TH,1,100,29.203
1707824053.983736,444663.000,3074,1,TH,1,100,29.262
1707824054.115691,444791.000,3091,1,TH,1,100,29.262
1707824054.248678,444920.000,3122,1,TH,1,100,29.213
1707824054.380633,445048.000,3140,1,TH,1,100,29.220
1707824054.512589,445176.000,3158,1,TH,1,100,29.205
1707824054.645575,445305.000,3175,1,TH,1,100,29.198
1707824054.778561,445434.000,3192,1,TH,1,100,29.229
1707824054.913610,445565.000,3223,1,TH,1,100,29.236
1707824055.046596,445694.000,3241,1,TH,1,100,29.155
1707824055.178552,445822.000,3257,1,TH,1,100,29.155
1707824055.310507,445950.000,3274,1,TH,1,100,29.215
1707824055.444524,446080.000,3293,1,TH,1,100,29.215
1707824055.580603,446212.000,3324,1,TH,1,100,29.231
1707824055.712559,446340.000,3342,1,TH,1,100,29.231
1707824055.843483,446467.000,3358,1,TH,1,100,29.189
1707824055.976470,446596.000,3375,1,TH,1,100,29.189
1707824056.111518,446727.000,3392,1,TH,1,100,29.248
1707824056.246566,446858.000,3425,1,TH,1,100,29.248
1707824056.380583,446988.000,3443,1,TH,1,100,29.176
1707824056.513570,447117.000,3459,1,TH,1,100,29.176
1707824056.648618,447248.000,3476,1,TH,1,100,29.165
1707824056.780573,447376.000,3508,1,TH,1,100,29.165
1707824056.913560,447505.000,3524,1,TH,1,100,29.127
1707824057.045515,447633.000,3544,1,TH,1,100,29.127
1707824057.179533,447763.000,3560,1,TH,1,100,29.174
1707824057.313550,447893.000,3577,1,TH,1,100,29.174
1707824057.446536,448022.000,3609,1,TH,1,100,29.233
1707824057.578492,448150.000,3625,1,TH,1,100,29.240
1707824057.713024,448280.500,3645,2,TH,1,100,29.245
1707824057.847557,448411.000,3645,2,TH,1,100,29.245
1707824057.980544,448540.000,3663,2,TH,1,100,29.224
1707824058.113530,448669.000,3663,2,TH,1,100,29.224
1707824058.246001,448797.500,3683,2,TH,1,100,29.284
1707824058.378472,448926.000,3683,2,TH,1,100,29.284
1707824058.513520,449057.000,3699,1,TH,1,100,29.188
1707824058.646506,449186.000,3726,2,TH,1,100,29.188
1707824058.779493,449315.000,3726,2,TH,1,100,29.294
1707824058.912479,449444.000,3757,1,TH,1,100,29.294
1707824059.045466,449573.000,3774,1,TH,1,100,29.258
1707824059.176390,449700.000,3791,1,TH,1,100,29.258
1707824059.309376,449829.000,3823,1,TH,1,100,29.162
1707824059.444425,449960.000,3839,1,TH,1,100,29.162
1707824059.579473,450091.000,3858,1,TH,1,100,29.183
1707824059.713490,450221.000,3875,1,TH,1,100,29.183
1707824059.844415,450348.000,3906,1,TH,1,100,29.211
1707824059.977401,450477.000,3923,1,TH,1,100,29.211
1707824060.113480,450609.000,3940,1,TH,1,100,29.169
1707824060.246467,450738.000,3971,1,TH,1,100,29.169
1707824060.378422,450866.000,3989,1,TH,1,100,29.242
1707824060.510377,450994.000,4007,1,TH,1,100,29.249
1707824060.643364,451123.000,4024,1,TH,1,100,29.306
1707824060.779443,451255.000,4056,1,TH,1,100,29.306
1707824060.912429,451384.000,4072,1,TH,1,100,29.162
1707824061.043354,451511.000,4090,1,TH,1,100,29.163
1707824061.176340,451640.000,4106,1,TH,1,100,29.204
1707824061.310358,451770.000,4140,1,TH,1,100,29.204
1707824061.445406,451901.000,4157,1,TH,1,100,29.241
1707824061.578392,452030.000,4173,1,TH,1,100,29.241
1707824061.709317,452157.000,4205,1,TH,1,100,29.215
1707824061.841272,452285.000,4222,1,TH,1,100,29.215
1707824061.978382,452418.000,4238,1,TH,1,100,29.230
1707824062.111369,452547.000,4256,1,TH,1,100,29.230
1707824062.244355,452676.000,4289,1,TH,1,100,29.279
1707824062.377341,452805.000,4306,1,TH,1,100,29.279
1707824062.508266,452932.000,4323,1,TH,1,100,29.251
1707824062.641252,453061.000,4339,1,TH,1,100,29.251
1707824062.774239,453190.000,4371,1,TH,1,100,29.217
1707824062.906194,453318.000,4388,1,TH,1,100,29.217
1707824063.040211,453448.000,4407,1,TH,1,100,29.228
1707824063.172167,453576.000,4440,1,TH,1,100,29.228
1707824063.304122,453704.000,4458,1,TH,1,100,29.300
1707824063.437109,453833.000,4474,1,TH,1,100,29.307
1707824063.570095,453962.000,4491,1,TH,1,100,29.258
1707824063.701020,454089.000,4508,1,TH,1,100,29.258
1707824063.834006,454218.000,4525,1,TH,1,100,29.279
1707824063.966992,454347.000,4564,1,TH,1,100,29.279
1707824064.098948,454475.000,4580,1,TH,1,100,29.198
1707824064.231934,454604.000,4597,1,TH,1,100,29.198
1707824064.363890,454732.000,4629,1,TH,1,100,29.310
1707824064.495845,454860.000,4645,1,TH,1,100,29.310
1707824064.628832,454989.000,4662,1,TH,1,100,29.213
1707824064.761818,455118.000,4681,1,TH,1,100,29.213
1707824064.893773,455246.000,4712,1,TH,1,100,29.255
1707824065.024698,455373.000,4730,1,TH,1,100,29.255
1707824065.156653,455501.000,4746,1,TH,1,100,29.286
1707824065.293763,455634.000,4763,1,TH,1,100,29.286
1707824065.427781,455764.000,4780,1,TH,1,100,29.161
1707824065.559736,455892.000,4797,1,TH,1,100,29.161
1707824065.690661,456019.000,4831,1,TH,1,100,29.288
1707824065.823647,456148.000,4847,1,TH,1,100,29.288
1707824065.959726,456280.000,4864,1,TH,1,100,29.291
1707824066.092713,456409.000,4896,1,TH,1,100,29.291
1707824066.225699,456538.000,4912,1,TH,1,100,29.255
1707824066.358685,456667.000,4930,1,TH,1,100,29.255
1707824066.492703,456797.000,4946,1,TH,1,100,29.286
1707824066.627751,456928.000,4980,1,TH,1,100,29.286
1707824066.759706,457056.000,4997,1,TH,1,100,29.257
1707824066.892693,457185.000,5013,1,TH,1,100,29.264
1707824067.024648,457313.000,5031,1,TH,1,100,29.344
1707824067.158665,457443.000,5062,1,TH,1,100,29.344
1707824067.292683,457573.000,5079,1,TH,1,100,29.248
1707824067.425669,457702.000,5098,1,TH,1,100,29.248
1707824067.557625,457830.000,5114,1,TH,1,100,29.285
1707824067.689580,457958.000,5146,1,TH,1,100,29.285
1707824067.821536,458086.000,5163,1,TH,1,100,29.207
1707824067.954522,458215.000,5179,1,TH,1,100,29.207
1707824068.087508,458344.000,5199,1,TH,1,100,29.269
1707824068.219464,458472.000,5232,1,TH,1,100,29.269
1707824068.351419,458600.000,5249,1,TH,1,100,29.170
1707824068.484406,458729.000,5266,1,TH,1,100,29.170
1707824068.617392,458858.000,5298,1,TH,1,100,29.339
1707824068.750378,458987.000,5314,1,TH,1,100,29.339
1707824068.883365,459116.000,5331,1,TH,1,100,29.276
1707824069.014289,459243.000,5348,1,TH,1,100,29.276
1707824069.147276,459372.000,5381,1,TH,1,100,29.347
1707824069.280262,459501.000,5404,1,TH,1,100,29.347
1707824069.412218,459629.000,5420,1,TH,1,100,29.288
1707824069.546235,459759.000,5437,1,TH,1,100,29.288
1707824069.680252,459889.000,5454,1,TH,1,100,29.228
1707824069.811177,460016.000,5471,1,TH,1,100,29.228
1707824069.944163,460145.000,5505,1,TH,1,100,29.344
1707824070.080242,460277.000,5521,1,TH,1,100,29.344
1707824070.213229,460406.000,5538,1,TH,1,100,29.278
1707824070.345184,460534.000,5570,1,TH,1,100,29.278
1707824070.478170,460663.000,5586,1,TH,1,100,29.313
1707824070.612188,460793.000,5603,1,TH,1,100,29.320
1707824070.745174,460922.000,5622,1,TH,1,100,29.289
1707824070.877130,461050.000,5653,1,TH,1,100,29.289
1707824071.010116,461179.000,5671,1,TH,1,100,29.249
1707824071.146195,461311.000,5687,1,TH,1,100,29.249
1707824071.279181,461440.000,5704,1,TH,1,100,29.315
1707824071.412168,461569.000,5736,1,TH,1,100,29.315
1707824071.545154,461698.000,5754,1,TH,1,100,29.291
1707824071.677110,461826.000,5772,1,TH,1,100,29.291
1707824071.812158,461957.000,5803,1,TH,1,100,29.288
1707824071.946175,462087.000,5820,1,TH,1,100,29.288
1707824072.078131,462215.000,5837,1,TH,1,100,29.338
1707824072.211117,462344.000,5853,1,TH,1,100,29.338
1707824072.344103,462473.000,5887,1,TH,1,100,29.320
1707824072.478121,462603.000,5904,1,TH,1,100,29.320
1707824072.611107,462732.000,5920,1,TH,1,100,29.343
1707824072.744093,462861.000,5952,1,TH,1,100,29.343
1707824072.875018,462988.000,5969,1,TH,1,100,29.280
1707824073.012128,463121.000,5986,1,TH,1,100,29.280
1707824073.146145,463251.000,6005,1,TH,1,100,29.353
1707824073.278101,463379.000,6039,1,TH,1,100,29.353
1707824073.414180,463511.000,6055,1,TH,1,100,29.213
1707824073.547166,463640.000,6072,1,TH,1,100,29.220
1707824073.679122,463768.000,6104,1,TH,1,100,29.243
1707824073.811077,463896.000,6120,1,TH,1,100,29.243
1707824073.944063,464025.000,6139,1,TH,1,100,29.279
1707824074.080143,464157.000,6156,1,TH,1,100,29.279
1707824074.213129,464286.000,6187,1,TH,1,100,29.375
1707824074.344054,464413.000,6205,1,TH,1,100,29.375
1707824074.477040,464542.000,6221,1,TH,1,100,29.248
1707824074.611057,464672.000,6243,1,TH,1,100,29.248
1707824074.746105,464803.000,6260,1,TH,1,100,29.282
1707824074.879092,464932.000,6293,1,TH,1,100,29.282
1707824075.010016,465059.000,6311,1,TH,1,100,29.310
1707824075.141972,465187.000,6327,1,TH,1,100,29.310
1707824075.279082,465320.000,6359,1,TH,1,100,29.258
1707824075.413099,465450.000,6376,1,TH,1,100,29.258
1707824075.545055,465578.000,6392,1,TH,1,100,29.336
1707824075.675979,465705.000,6410,1,TH,1,100,29.336
1707824075.808965,465834.000,6443,1,TH,1,100,29.357
1707824075.945045,465966.000,6459,1,TH,1,100,29.357
1707824076.078031,466095.000,6477,1,TH,1,100,29.234
1707824076.208956,466222.000,6508,1,TH,1,100,29.234
1707824076.346066,466355.000,6525,1,TH,1,100,29.331
1707824076.480083,466485.000,6542,1,TH,1,100,29.331
1707824076.612038,466613.000,6560,1,TH,1,100,29.317
1707824076.745025,466742.000,6592,1,TH,1,100,29.325
1707824076.876980,466870.000,6609,1,TH,1,100,29.371
1707824077.007905,466997.000,6626,1,TH,1,100,29.371
1707824077.140891,467126.000,6643,1,TH,1,100,29.354
1707824077.273877,467255.000,6675,1,TH,1,100,29.354
1707824077.405833,467383.000,6693,1,TH,1,100,29.366
1707824077.538819,467512.000,6710,1,TH,1,100,29.366
1707824077.670775,467640.000,6727,1,TH,1,100,29.371
1707824077.802730,467768.000,6758,1,TH,1,100,29.371
1707824077.935717,467897.000,6775,1,TH,1,100,29.314
1707824078.068703,468026.000,6794,1,TH,1,100,29.314
1707824078.200658,468154.000,6827,1,TH,1,100,29.366
1707824078.332614,468282.000,6845,1,TH,1,100,29.366
1707824078.465600,468411.000,6861,1,TH,1,100,29.312
1707824078.598587,468540.000,6878,1,TH,1,100,29.312
1707824078.731573,468669.000,6910,1,TH,1,100,29.347
1707824078.863529,468797.000,6926,1,TH,1,100,29.347
1707824078.994453,468924.000,6944,1,TH,1,100,29.436
1707824079.127440,469053.000,6960,1,TH,1,100,29.436
1707824079.263519,469185.000,6994,1,TH,1,100,29.285
1707824079.396505,469314.000,7011,1,TH,1,100,29.285
1707824079.528460,469442.000,7027,1,TH,1,100,29.280
1707824079.661447,469571.000,7059,1,TH,1,100,29.280
1707824079.796495,469702.000,7081,1,TH,1,100,29.257
1707824079.931543,469833.000,7097,1,TH,1,100,29.264
1707824080.063499,469961.000,7115,1,TH,1,100,29.438
1707824080.194423,470088.000,7133,1,TH,1,100,29.431
1707824080.327410,470217.000,7165,1,TH,1,100,29.316
1707824080.462458,470348.000,7182,1,TH,1,100,29.323
1707824080.596475,470478.000,7198,1,TH,1,100,29.443
1707824080.729461,470607.000,7230,1,TH,1,100,29.443
1707824080.861417,470735.000,7247,1,TH,1,100,29.328
1707824080.994403,470864.000,7266,1,TH,1,100,29.329
1707824081.130482,470996.000,7283,1,TH,1,100,29.407
1707824081.263469,471125.000,7315,1,TH,1,100,29.406
1707824081.396455,471254.000,7331,1,TH,1,100,29.355
1707824081.529442,471383.000,7348,1,TH,1,100,29.355
1707824081.660366,471510.000,7380,1,TH,1,100,29.331
1707824081.793353,471639.000,7396,1,TH,1,100,29.331
1707824081.926339,471768.000,7415,1,TH,1,100,29.355
1707824082.059325,471897.000,7432,1,TH,1,100,29.355
1707824082.192312,472026.000,7463,1,TH,1,100,29.370
1707824082.323236,472153.000,7481,1,TH,1,100,29.370
1707824082.456223,472282.000,7497,1,TH,1,100,29.370
1707824082.589209,472411.000,7514,1,TH,1,100,29.370
1707824082.721164,472539.000,7546,1,TH,1,100,29.329
1707824082.853120,472667.000,7564,1,TH,1,100,29.329
1707824082.987137,472797.000,7582,1,TH,1,100,29.310
1707824083.119093,472925.000,7615,1,TH,1,100,29.310
1707824083.252079,473054.000,7632,1,TH,1,100,29.412
1707824083.385065,473183.000,7649,1,TH,1,100,29.419
1707824083.515990,473310.000,7665,1,TH,1,100,29.322
1707824083.648976,473439.000,7683,1,TH,1,100,29.315
1707824083.781963,473568.000,7716,1,TH,1,100,29.379
1707824083.913918,473696.000,7732,1,TH,1,100,29.386
1707824084.046905,473825.000,7750,1,TH,1,100,29.345
1707824084.178860,473953.000,7781,1,TH,1,100,29.345
1707824084.309785,474080.000,7798,1,TH,1,100,29.360
1707824084.442771,474209.000,7817,1,TH,1,100,29.360
1707824084.574727,474337.000,7833,1,TH,1,100,29.374
1707824084.707713,474466.000,7865,1,TH,1,100,29.374
1707824084.840699,474595.000,7882,1,TH,1,100,29.314
1707824084.972655,474723.000,7899,1,TH,1,100,29.314
1707824085.107703,474854.000,7921,1,TH,1,100,29.407
1707824085.241720,474984.000,7953,1,TH,1,100,29.407
1707824085.373676,475112.000,7971,1,TH,1,100,29.379
1707824085.506662,475241.000,7988,1,TH,1,100,29.379
1707824085.639648,475370.000,8005,1,TH,1,100,29.350
1707824085.773666,475500.000,8036,1,TH,1,100,29.350
1707824085.906652,475629.000,8053,1,TH,1,100,29.369
1707824086.039638,475758.000,8070,1,TH,1,100,29.369
1707824086.170563,475885.000,8103,1,TH,1,100,29.402
1707824086.307673,476018.000,8121,1,TH,1,100,29.402
1707824086.441690,476148.000,8137,1,TH,1,100,29.402
1707824086.573646,476276.000,8154,1,TH,1,100,29.402
1707824086.706632,476405.000,8186,1,TH,1,100,29.368
1707824086.838588,476533.000,8202,1,TH,1,100,29.375
1707824086.973636,476664.000,8220,1,TH,1,100,29.396
1707824087.106622,476793.000,8238,1,TH,1,100,29.396
1707824087.239609,476922.000,8270,1,TH,1,100,29.347
1707824087.371564,477050.000,8287,1,TH,1,100,29.347
1707824087.503520,477178.000,8303,1,TH,1,100,29.331
1707824087.635475,477306.000,8335,1,TH,1,100,29.331
1707824087.768461,477435.000,8352,1,TH,1,100,29.420
1707824087.902479,477565.000,8370,1,TH,1,100,29.419
1707824088.037527,477696.000,8390,1,TH,1,100,29.416
1707824088.170513,477825.000,8406,1,TH,1,100,29.416
1707824088.301438,477952.000,8424,1,TH,1,100,29.434
1707824088.433393,478080.000,8455,1,TH,1,100,29.434
1707824088.570503,478213.000,8471,1,TH,1,100,29.401
1707824088.704521,478343.000,8491,1,TH,1,100,29.401
1707824088.836476,478471.000,8507,1,TH,1,100,29.333
1707824088.967401,478598.000,8525,1,TH,1,100,29.333
1707824089.100387,478727.000,8541,1,TH,1,100,29.401
1707824089.236466,478859.000,8573,1,TH,1,100,29.401
1707824089.369452,478988.000,8590,1,TH,1,100,29.342
1707824089.501408,479116.000,8606,1,TH,1,100,29.342
1707824089.634394,479245.000,8624,1,TH,1,100,29.321
1707824089.769443,479376.000,8642,1,TH,1,100,29.321
1707824089.904491,479507.000,8674,1,TH,1,100,29.422
1707824090.036446,479635.000,8691,1,TH,1,100,29.422
1707824090.167371,479762.000,8707,1,TH,1,100,29.416
1707824090.300357,479891.000,8725,1,TH,1,100,29.416
1707824090.433343,480020.000,8744,1,TH,1,100,29.354
1707824090.566330,480149.000,8763,1,TH,1,100,29.354
1707824090.698285,480277.000,8780,1,TH,1,100,29.437
1707824090.831272,480406.000,8797,1,TH,1,100,29.444
1707824090.966320,480537.000,8829,1,TH,1,100,29.434
1707824091.098275,480665.000,8845,1,TH,1,100,29.434
1707824091.231262,480794.000,8862,1,TH,1,100,29.342
1707824091.364248,480923.000,8879,1,TH,1,100,29.342
1707824091.496204,481051.000,8898,1,TH,1,100,29.386
1707824091.628159,481179.000,8930,1,TH,1,100,29.386
1707824091.761145,481308.000,8946,1,TH,1,100,29.363
1707824091.894132,481437.000,8963,1,TH,1,100,29.363
1707824092.027118,481566.000,8980,1,TH,1,100,29.403
1707824092.160105,481695.000,8997,1,TH,1,100,29.403
1707824092.291029,481822.000,9014,1,TH,1,100,29.405
1707824092.424016,481951.000,9047,1,TH,1,100,29.405
1707824092.557002,482080.000,9065,1,TH,1,100,29.394
1707824092.688957,482208.000,9081,1,TH,1,100,29.394
1707824092.820913,482336.000,9098,1,TH,1,100,29.360
1707824092.953899,482465.000,9118,2,TH,1,100,29.360
1707824093.086886,482594.000,9118,2,TH,1,100,29.410
1707824093.220387,482723.500,9138,2,TH,1,100,29.410
1707824093.353889,482853.000,9138,2,TH,1,100,29.350
1707824093.484814,482980.000,9154,1,TH,1,100,29.357
1707824093.617800,483109.000,9172,1,TH,1,100,29.388
1707824093.752848,483240.000,9188,1,TH,1,100,29.388
1707824093.886866,483370.000,9220,1,TH,1,100,29.403
1707824094.019852,483499.000,9237,1,TH,1,100,29.403
1707824094.149746,483625.000,9255,1,TH,1,100,29.453
1707824094.283763,483755.000,9273,1,TH,1,100,29.453
1707824094.419842,483887.000,9304,1,TH,1,100,29.365
1707824094.552829,484016.000,9320,1,TH,1,100,29.365
1707824094.684784,484144.000,9338,1,TH,1,100,29.429
1707824094.817770,484273.000,9354,1,TH,1,100,29.429
1707824094.949726,484401.000,9388,1,TH,1,100,29.393
1707824095.084774,484532.000,9405,1,TH,1,100,29.393
1707824095.218791,484662.000,9421,1,TH,1,100,29.377
1707824095.350747,484790.000,9453,1,TH,1,100,29.377
1707824095.483733,484919.000,9470,1,TH,1,100,29.395
1707824095.617235,485048.500,9495,2,TH,1,100,29.395
1707824095.750737,485178.000,9495,2,TH,1,100,29.440
1707824095.883723,485307.000,9511,1,TH,1,100,29.440
1707824096.015679,485435.000,9543,1,TH,1,100,29.421
1707824096.147634,485563.000,9560,1,TH,1,100,29.421
1707824096.281651,485693.000,9577,1,TH,1,100,29.395
1707824096.413607,485821.000,9594,1,TH,1,100,29.395
1707824096.546593,485950.000,9626,1,TH,1,100,29.343
1707824096.679580,486079.000,9644,1,TH,1,100,29.343
1707824096.810504,486206.000,9661,1,TH,1,100,29.435
1707824096.943491,486335.000,9678,1,TH,1,100,29.435
1707824097.076477,486464.000,9709,1,TH,1,100,29.435
1707824097.208432,486592.000,9726,1,TH,1,100,29.435
1707824097.341419,486721.000,9743,1,TH,1,100,29.405
1707824097.473374,486849.000,9776,1,TH,1,100,29.405
1707824097.605330,486977.000,9794,1,TH,1,100,29.442
1707824097.738316,487106.000,9810,1,TH,1,100,29.449
1707824097.871303,487235.000,9827,1,TH,1,100,29.397
1707824098.002227,487362.000,9861,1,TH,1,100,29.397
1707824098.135214,487491.000,9876,1,TH,1,100,29.508
1707824098.268200,487620.000,9894,1,TH,1,100,29.508
1707824098.400155,487748.000,9912,1,TH,1,100,29.402
1707824098.537265,487881.000,9929,1,TH,1,100,29.402
1707824098.671283,488011.000,9961,1,TH,1,100,29.394
1707824098.803238,488139.000,9977,1,TH,1,100,29.394
1707824098.936224,488268.000,9995,1,TH,1,100,29.390
1707824099.070242,488398.000,10026,1,TH,1,100,29.390
1707824099.203228,488527.000,10043,1,TH,1,100,29.454
1707824099.336215,488656.000,10062,1,TH,1,100,29.454
1707824099.467139,488783.000,10078,1,TH,1,100,29.430
1707824099.604249,488916.000,10095,1,TH,1,100,29.430
1707824099.737235,489045.000,10127,2,TH,1,100,29.397
1707824099.870222,489174.000,10127,2,TH,1,100,29.397
1707824100.003208,489303.000,10159,1,TH,1,100,29.381
1707824100.135164,489431.000,10175,1,TH,1,100,29.381
1707824100.270212,489562.000,10195,1,TH,1,100,29.399
1707824100.403198,489691.000,10226,1,TH,1,100,29.399
1707824100.536185,489820.000,10242,1,TH,1,100,29.381
1707824100.668140,489948.000,10260,1,TH,1,100,29.381
1707824100.801126,490077.000,10276,1,TH,1,100,29.415
1707824100.936175,490208.000,10311,1,TH,1,100,29.422
1707824101.068130,490336.000,10329,1,TH,1,100,29.448
1707824101.201117,490465.000,10346,1,TH,1,100,29.448
1707824101.333072,490593.000,10363,1,TH,1,100,29.458
1707824101.469151,490725.000,10379,1,TH,1,100,29.458
1707824101.602137,490854.000,10397,1,TH,1,100,29.396
1707824101.734093,490982.000,10428,1,TH,1,100,29.396
1707824101.868110,491112.000,10445,1,TH,1,100,29.453
1707824102.000066,491240.000,10462,1,TH,1,100,29.453
1707824102.132021,491368.000,10480,1,TH,1,100,29.458
1707824102.262946,491495.000,10512,1,TH,1,100,29.458
1707824102.395932,491624.000,10529,1,TH,1,100,29.455
1707824102.532011,491756.000,10545,1,TH,1,100,29.455
1707824102.664998,491885.000,10563,1,TH,1,100,29.403
1707824102.796953,492013.000,10594,1,TH,1,100,29.403
1707824102.929939,492142.000,10613,1,TH,1,100,29.387
1707824103.064988,492273.000,10632,1,TH,1,100,29.387
1707824103.200036,492404.000,10664,1,TH,1,100,29.327
1707824103.331991,492532.000,10680,1,TH,1,100,29.327
1707824103.462916,492659.000,10697,1,TH,1,100,29.413
1707824103.595902,492788.000,10714,1,TH,1,100,29.413
1707824103.730950,492919.000,10747,1,TH,1,100,29.405
1707824103.864968,493049.000,10764,1,TH,1,100,29.405
1707824103.997954,493178.000,10781,1,TH,1,100,29.512
1707824104.127848,493304.000,10812,1,TH,1,100,29.512
1707824104.261865,493434.000,10830,1,TH,1,100,29.458
1707824104.396913,493565.000,10846,1,TH,1,100,29.458
1707824104.529900,493694.000,10863,1,TH,1,100,29.389
1707824104.661855,493822.000,10897,1,TH,1,100,29.396
1707824104.797934,493954.000,10913,1,TH,1,100,29.379
1707824104.930921,494083.000,10931,1,TH,1,100,29.379
1707824105.063907,494212.000,10947,1,TH,1,100,29.394
1707824105.196893,494341.000,10979,1,TH,1,100,29.394
1707824105.328849,494469.000,10996,1,TH,1,100,29.516
1707824105.464928,494601.000,11012,1,TH,1,100,29.516
1707824105.596883,494729.000,11046,1,TH,1,100,29.477
1707824105.729870,494858.000,11063,1,TH,1,100,29.478
1707824105.862856,494987.000,11079,1,TH,1,100,29.471
1707824105.994812,495115.000,11097,1,TH,1,100,29.471
1707824106.127798,495244.000,11136,2,TH,1,100,29.428
1707824106.260784,495373.000,11136,2,TH,1,100,29.428
1707824106.392740,495501.000,11169,1,TH,1,100,29.412
1707824106.525726,495630.000,11186,1,TH,1,100,29.412
1707824106.658713,495759.000,11203,1,TH,1,100,29.381
1707824106.789637,495886.000,11219,1,TH,1,100,29.381
1707824106.922623,496015.000,11251,1,TH,1,100,29.391
1707824107.055610,496144.000,11268,1,TH,1,100,29.391
1707824107.187565,496272.000,11286,1,TH,1,100,29.430
1707824107.320552,496401.000,11304,1,TH,1,100,29.430
1707824107.450445,496527.000,11335,1,TH,1,100,29.386
1707824107.584463,496657.000,11352,1,TH,1,100,29.386
1707824107.720542,496789.000,11369,1,TH,1,100,29.407
1707824107.853528,496918.000,11401,1,TH,1,100,29.407
1707824107.985484,497046.000,11419,1,TH,1,100,29.438
1707824108.118470,497175.000,11438,1,TH,1,100,29.438
1707824108.252487,497305.000,11455,1,TH,1,100,29.490
1707824108.387535,497436.000,11486,1,TH,1,100,29.490
1707824108.521553,497566.000,11503,1,TH,1,100,29.456
1707824108.651446,497692.000,11520,1,TH,1,100,29.463
1707824108.784433,497821.000,11537,1,TH,1,100,29.473
1707824108.919481,497952.000,11571,1,TH,1,100,29.473
1707824109.053498,498082.000,11587,1,TH,1,100,29.426
1707824109.186485,498211.000,11604,1,TH,1,100,29.426
1707824109.318440,498339.000,11636,1,TH,1,100,29.419
1707824109.449365,498466.000,11652,1,TH,1,100,29.419
1707824109.586475,498599.000,11670,1,TH,1,100,29.520
1707824109.720492,498729.000,11686,1,TH,1,100,29.520
1707824109.852447,498857.000,11720,1,TH,1,100,29.485
1707824109.985434,498986.000,11737,1,TH,1,100,29.485
1707824110.116358,499113.000,11753,1,TH,1,100,29.499
1707824110.249345,499242.000,11785,1,TH,1,100,29.499
1707824110.382331,499371.000,11802,1,TH,1,100,29.478
1707824110.514287,499499.000,11818,1,TH,1,100,29.478
1707824110.647273,499628.000,11836,1,TH,1,100,29.494
1707824110.779228,499756.000,11869,1,TH,1,100,29.494
1707824110.911184,499884.000,11886,1,TH,1,100,29.454
1707824111.044170,500013.000,11903,1,TH,1,100,29.454
1707824111.177157,500142.000,11919,1,TH,1,100,29.402
1707824111.308081,500269.000,11951,1,TH,1,100,29.402
1707824111.441068,500398.000,11974,2,TH,1,100,29.473
1707824111.574054,500527.000,11974,2,TH,1,100,29.473
1707824111.706010,500655.000,11991,1,TH,1,100,29.543
1707824111.840027,500785.000,12007,1,TH,1,100,29.543
1707824111.971982,500913.000,12039,1,TH,1,100,29.423
1707824112.103938,501041.000,12056,1,TH,1,100,29.423
1707824112.236924,501170.000,12073,1,TH,1,100,29.408
1707824112.369910,501299.000,12090,1,TH,1,100,29.408
1707824112.501866,501427.000,12124,1,TH,1,100,29.506
1707824112.633821,501555.000,12140,1,TH,1,100,29.513
1707824112.766808,501684.000,12157,1,TH,1,100,29.529
1707824112.901856,501815.000,12174,1,TH,1,100,29.529
1707824113.035873,501945.000,12207,1,TH,1,100,29.449
1707824113.167829,502073.000,12224,1,TH,1,100,29.449
1707824113.300815,502202.000,12243,1,TH,1,100,29.480
1707824113.432771,502330.000,12274,1,TH,1,100,29.480
1707824113.567819,502461.000,12292,1,TH,1,100,29.493
1707824113.700805,502590.000,12308,1,TH,1,100,29.493
1707824113.833792,502719.000,12325,1,TH,1,100,29.516
1707824113.965747,502847.000,12357,1,TH,1,100,29.516
1707824114.098733,502976.000,12375,1,TH,1,100,29.409
1707824114.233782,503107.000,12393,1,TH,1,100,29.409
1707824114.365737,503235.000,12424,1,TH,1,100,29.461
1707824114.498723,503364.000,12441,1,TH,1,100,29.461
1707824114.630679,503492.000,12458,1,TH,1,100,29.510
1707824114.766758,503624.000,12474,1,TH,1,100,29.510
1707824114.899744,503753.000,12506,1,TH,1,100,29.487
1707824115.032731,503882.000,12525,1,TH,1,100,29.487
1707824115.165717,504011.000,12541,1,TH,1,100,29.417
1707824115.297673,504139.000,12573,1,TH,1,100,29.417
1707824115.433752,504271.000,12590,1,TH,1,100,29.446
1707824115.565707,504399.000,12607,1,TH,1,100,29.446
1707824115.698694,504528.000,12624,1,TH,1,100,29.406
1707824115.830649,504656.000,12658,1,TH,1,100,29.413
1707824115.962605,504784.000,12674,1,TH,1,100,29.486
1707824116.095591,504913.000,12691,1,TH,1,100,29.479
1707824116.228577,505042.000,12708,1,TH,1,100,29.500
1707824116.361564,505171.000,12739,1,TH,1,100,29.507
1707824116.493519,505299.000,12756,1,TH,1,100,29.499
1707824116.625475,505427.000,12775,1,TH,1,100,29.499
1707824116.756399,505554.000,12799,1,TH,1,100,29.512
1707824116.889386,505683.000,12817,1,TH,1,100,29.512
1707824117.024434,505814.000,12833,1,TH,1,100,29.504
1707824117.158451,505944.000,12850,1,TH,1,100,29.504
1707824117.291437,506073.000,12882,1,TH,1,100,29.432
1707824117.421331,506199.000,12900,1,TH,1,100,29.432
1707824117.555348,506329.000,12918,1,TH,1,100,29.479
1707824117.691427,506461.000,12934,1,TH,1,100,29.479
1707824117.824414,506590.000,12966,1,TH,1,100,29.574
1707824117.956369,506718.000,12985,1,TH,1,100,29.574
1707824118.089356,506847.000,13001,1,TH,1,100,29.462
1707824118.223373,506977.000,13035,1,TH,1,100,29.462
1707824118.358421,507108.000,13052,1,TH,1,100,29.514
1707824118.491408,507237.000,13068,1,TH,1,100,29.514
1707824118.623363,507365.000,13086,1,TH,1,100,29.486
1707824118.759442,507497.000,13117,1,TH,1,100,29.486
1707824118.891398,507625.000,13134,1,TH,1,100,29.467
1707824119.024384,507754.000,13151,1,TH,1,100,29.467
1707824119.157370,507883.000,13185,1,TH,1,100,29.407
1707824119.291388,508013.000,13201,1,TH,1,100,29.407
1707824119.426436,508144.000,13218,1,TH,1,100,29.564
1707824119.560453,508274.000,13235,1,TH,1,100,29.564
1707824119.692409,508402.000,13266,1,TH,1,100,29.473
1707824119.824364,508530.000,13283,1,TH,1,100,29.473
1707824119.959412,508661.000,13300,1,TH,1,100,29.457
1707824120.092399,508790.000,13333,1,TH,1,100,29.464
1707824120.225385,508919.000,13351,1,TH,1,100,29.502
1707824120.358371,509048.000,13367,1,TH,1,100,29.502
1707824120.490327,509176.000,13384,1,TH,1,100,29.534
1707824120.623313,509305.000,13416,1,TH,1,100,29.534
1707824120.755269,509433.000,13432,1,TH,1,100,29.528
1707824120.887224,509561.000,13450,1,TH,1,100,29.528
1707824121.020211,509690.000,13468,1,TH,1,100,29.474
1707824121.153197,509819.000,13500,1,TH,1,100,29.474
1707824121.284121,509946.000,13517,1,TH,1,100,29.477
1707824121.417108,510075.000,13533,1,TH,1,100,29.477
1707824121.551125,510205.000,13565,1,TH,1,100,29.547
1707824121.686173,510336.000,13582,1,TH,1,100,29.547
1707824121.820191,510466.000,13600,1,TH,1,100,29.459
1707824121.950084,510592.000,13618,1,TH,1,100,29.459
1707824122.083071,510721.000,13654,1,TH,1,100,29.530
1707824122.218119,510852.000,13671,1,TH,1,100,29.530
1707824122.352136,510982.000,13688,1,TH,1,100,29.492
1707824122.485122,511111.000,13704,1,TH,1,100,29.492
1707824122.617078,511239.000,13722,1,TH,1,100,29.508
1707824122.749033,511367.000,13738,1,TH,1,100,29.508
1707824122.886143,511500.000,13774,1,TH,1,100,29.433
1707824123.020161,511630.000,13791,1,TH,1,100,29.440
1707824123.151085,511757.000,13807,1,TH,1,100,29.461
1707824123.283041,511885.000,13825,1,TH,1,100,29.454
1707824123.417058,512015.000,13856,1,TH,1,100,29.492
1707824123.552106,512146.000,13873,1,TH,1,100,29.499
1707824123.685093,512275.000,13892,1,TH,1,100,29.537
1707824123.817048,512403.000,13908,1,TH,1,100,29.537
1707824123.949004,512531.000,13926,1,TH,1,100,29.610
1707824124.081990,512660.000,13957,1,TH,1,100,29.610
1707824124.213945,512788.000,13974,1,TH,1,100,29.494
1707824124.346932,512917.000,13991,1,TH,1,100,29.494
1707824124.479918,513046.000,14007,1,TH,1,100,29.551
1707824124.610843,513173.000,14027,1,TH,1,100,29.544
1707824124.743829,513302.000,14058,1,TH,1,100,29.399
1707824124.876815,513431.000,14075,1,TH,1,100,29.406
1707824125.008771,513559.000,14092,1,TH,1,100,29.562
1707824125.142788,513689.000,14108,1,TH,1,100,29.561
1707824125.274744,513817.000,14126,1,TH,1,100,29.550
1707824125.406699,513945.000,14159,1,TH,1,100,29.550
1707824125.539686,514074.000,14176,1,TH,1,100,29.574
1707824125.672672,514203.000,14193,1,TH,1,100,29.574
1707824125.804627,514331.000,14209,1,TH,1,100,29.541
1707824125.936583,514459.000,14227,1,TH,1,100,29.541
1707824126.069569,514588.000,14258,1,TH,1,100,29.442
1707824126.202556,514717.000,14277,1,TH,1,100,29.442
1707824126.335542,514846.000,14294,1,TH,1,100,29.556
1707824126.467498,514974.000,14310,1,TH,1,100,29.556
1707824126.599453,515102.000,14328,1,TH,1,100,29.569
1707824126.732439,515231.000,14359,1,TH,1,100,29.569
1707824126.864910,515359.500,14377,2,TH,1,100,29.520
1707824126.997381,515488.000,14377,2,TH,1,100,29.520
1707824127.128821,515615.500,14402,2,TH,1,100,29.444
1707824127.260261,515743.000,14402,2,TH,1,100,29.444
1707824127.394279,515873.000,14420,3,TH,1,100,29.553
1707824127.528296,516003.000,14420,3,TH,1,100,29.553
1707824127.662313,516133.000,14420,3,TH,1,100,29.558
1707824127.795299,516262.000,14452,1,TH,1,100,29.565
1707824127.927255,516390.000,14472,1,TH,1,100,29.531
1707824128.063334,516522.000,14489,1,TH,1,100,29.531
1707824128.196320,516651.000,14506,1,TH,1,100,29.612
1707824128.329307,516780.000,14537,1,TH,1,100,29.612
1707824128.462293,516909.000,14554,1,TH,1,100,29.586
1707824128.594249,517037.000,14571,1,TH,1,100,29.586
1707824128.730328,517169.000,14588,1,TH,1,100,29.508
1707824128.862283,517297.000,14622,1,TH,1,100,29.508
1707824128.995270,517426.000,14638,1,TH,1,100,29.539
1707824129.128256,517555.000,14655,1,TH,1,100,29.539
1707824129.262273,517685.000,14687,1,TH,1,100,29.604
1707824129.397321,517816.000,14703,1,TH,1,100,29.604
1707824129.531339,517946.000,14721,1,TH,1,100,29.472
1707824129.663294,518074.000,14739,1,TH,1,100,29.472
1707824129.795250,518202.000,14771,1,TH,1,100,29.510
1707824129.927205,518330.000,14788,1,TH,1,100,29.510
1707824130.060192,518459.000,14804,1,TH,1,100,29.576
1707824130.193178,518588.000,14836,1,TH,1,100,29.576
1707824130.325133,518716.000,14853,1,TH,1,100,29.617
1707824130.457089,518844.000,14871,1,TH,1,100,29.617
1707824130.590075,518973.000,14889,1,TH,1,100,29.528
1707824130.722031,519101.000,14920,1,TH,1,100,29.528
1707824130.855017,519230.000,14937,1,TH,1,100,29.619
1707824130.988003,519359.000,14954,1,TH,1,100,29.619
1707824131.119959,519487.000,14970,1,TH,1,100,29.575
1707824131.251914,519615.000,15004,1,TH,1,100,29.575
1707824131.384901,519744.000,15021,1,TH,1,100,29.564
1707824131.518918,519874.000,15038,1,TH,1,100,29.564
1707824131.653966,520005.000,15069,1,TH,1,100,29.573
1707824131.787984,520135.000,15087,1,TH,1,100,29.573
1707824131.917877,520261.000,15103,1,TH,1,100,29.490
1707824132.050864,520390.000,15120,1,TH,1,100,29.490
1707824132.185912,520521.000,15154,1,TH,1,100,29.476
1707824132.319929,520651.000,15170,1,TH,1,100,29.476
1707824132.452915,520780.000,15187,1,TH,1,100,29.464
1707824132.584871,520908.000,15208,1,TH,1,100,29.471
1707824132.719919,521039.000,15224,1,TH,1,100,29.637
1707824132.853936,521169.000,15244,1,TH,1,100,29.637
1707824132.985892,521297.000,15260,1,TH,1,100,29.519
1707824133.117847,521425.000,15279,1,TH,1,100,29.519
1707824133.252896,521556.000,15311,1,TH,1,100,29.608
1707824133.385882,521685.000,15327,1,TH,1,100,29.608
1707824133.518868,521814.000,15345,1,TH,1,100,29.564
1707824133.651855,521943.000,15376,1,TH,1,100,29.564
1707824133.782779,522070.000,15393,1,TH,1,100,29.488
1707824133.918858,522202.000,15410,1,TH,1,100,29.488
1707824134.051845,522331.000,15428,1,TH,1,100,29.618
1707824134.183800,522459.000,15460,1,TH,1,100,29.618
1707824134.316787,522588.000,15477,1,TH,1,100,29.525
1707824134.449773,522717.000,15493,1,TH,1,100,29.525
1707824134.584821,522848.000,15511,1,TH,1,100,29.639
1707824134.717807,522977.000,15542,1,TH,1,100,29.639
1707824134.850794,523106.000,15561,1,TH,1,100,29.599
1707824134.982749,523234.000,15578,1,TH,1,100,29.599
1707824135.116767,523364.000,15610,1,TH,1,100,29.610
1707824135.248722,523492.000,15626,1,TH,1,100,29.610
1707824135.380678,523620.000,15643,1,TH,1,100,29.530
1707824135.515726,523751.000,15660,1,TH,1,100,29.530
1707824135.649743,523881.000,15693,1,TH,1,100,29.565
1707824135.782729,524010.000,15710,1,TH,1,100,29.565
1707824135.914685,524138.000,15727,1,TH,1,100,29.553
1707824136.046640,524266.000,15758,1,TH,1,100,29.553
1707824136.183750,524399.000,15776,1,TH,1,100,29.514
1707824136.317768,524529.000,15792,1,TH,1,100,29.521
1707824136.448692,524656.000,15809,1,TH,1,100,29.557
1707824136.580648,524784.000,15843,1,TH,1,100,29.557
1707824136.714665,524914.000,15859,1,TH,1,100,29.527
1707824136.849713,525045.000,15877,1,TH,1,100,29.519
1707824136.982700,525174.000,15893,1,TH,1,100,29.532
1707824137.113624,525301.000,15925,1,TH,1,100,29.539
1707824137.245580,525429.000,15942,1,TH,1,100,29.487
1707824137.380628,525560.000,15958,1,TH,1,100,29.487
1707824137.515676,525691.000,15992,1,TH,1,100,29.503
1707824137.647631,525819.000,16009,1,TH,1,100,29.503
1707824137.779587,525947.000,16025,1,TH,1,100,29.541
1707824137.912573,526076.000,16050,1,TH,1,100,29.541
1707824138.047106,526206.500,16067,2,TH,1,100,29.605
1707824138.181639,526337.000,16067,2,TH,1,100,29.605
1707824138.313594,526465.000,16100,1,TH,1,100,29.518
1707824138.447611,526595.000,16118,1,TH,1,100,29.518
1707824138.579567,526723.000,16134,1,TH,1,100,29.650
1707824138.711522,526851.000,16151,1,TH,1,100,29.650
1707824138.844509,526980.000,16183,1,TH,1,100,29.466
1707824138.977495,527109.000,16199,1,TH,1,100,29.466
1707824139.109451,527237.000,16218,1,TH,1,100,29.531
1707824139.241406,527365.000,16250,1,TH,1,100,29.531
1707824139.374393,527494.000,16266,1,TH,1,100,29.546
1707824139.507379,527623.000,16284,1,TH,1,100,29.546
1707824139.640365,527752.000,16300,1,TH,1,100,29.520
1707824139.772321,527880.000,16332,1,TH,1,100,29.520
1707824139.904276,528008.000,16351,1,TH,1,100,29.525
1707824140.037263,528137.000,16367,1,TH,1,100,29.525
1707824140.170249,528266.000,16385,1,TH,1,100,29.557
1707824140.302204,528394.000,16416,1,TH,1,100,29.557
1707824140.434160,528522.000,16433,1,TH,1,100,29.546
1707824140.567146,528651.000,16450,1,TH,1,100,29.546
1707824140.699102,528779.000,16466,1,TH,1,100,29.507
1707824140.832088,528908.000,16500,1,TH,1,100,29.514
1707824140.965075,529037.000,16517,1,TH,1,100,29.652
1707824141.095999,529164.000,16533,1,TH,1,100,29.652
1707824141.228985,529293.000,16551,1,TH,1,100,29.533
1707824141.365065,529425.000,16582,1,TH,1,100,29.533
1707824141.498051,529554.000,16599,1,TH,1,100,29.449
1707824141.630006,529682.000,16618,1,TH,1,100,29.449
1707824141.761962,529810.000,16650,1,TH,1,100,29.590
1707824141.895979,529940.000,16666,1,TH,1,100,29.590
1707824142.032058,530072.000,16683,1,TH,1,100,29.623
1707824142.164014,530200.000,16700,1,TH,1,100,29.623
1707824142.297000,530329.000,16731,1,TH,1,100,29.581
1707824142.429987,530458.000,16751,1,TH,1,100,29.581
1707824142.564004,530588.000,16767,1,TH,1,100,29.571
1707824142.699052,530719.000,16784,1,TH,1,100,29.571
1707824142.833069,530849.000,16818,1,TH,1,100,29.590
1707824142.965025,530977.000,16834,1,TH,1,100,29.590
1707824143.096980,531105.000,16851,1,TH,1,100,29.607
1707824143.232028,531236.000,16878,1,TH,1,100,29.607
1707824143.365015,531365.000,16894,1,TH,1,100,29.612
1707824143.498001,531494.000,16912,1,TH,1,100,29.612
1707824143.630988,531623.000,16928,1,TH,1,100,29.623
1707824143.761912,531750.000,16945,1,TH,1,100,29.623
1707824143.897991,531882.000,16977,1,TH,1,100,29.535
1707824144.029947,532010.000,16993,1,TH,1,100,29.542
1707824144.162933,532139.000,17011,1,TH,1,100,29.575
1707824144.295919,532268.000,17044,1,TH,1,100,29.575
1707824144.426844,532395.000,17061,1,TH,1,100,29.606
1707824144.559830,532524.000,17078,1,TH,1,100,29.599
1707824144.692817,532653.000,17094,1,TH,1,100,29.640
1707824144.824772,532781.000,17126,1,TH,1,100,29.640
1707824144.956728,532909.000,17143,1,TH,1,100,29.640
1707824145.090745,533039.000,17161,1,TH,1,100,29.647
1707824145.222700,533167.000,17179,1,TH,1,100,29.578
1707824145.355687,533296.000,17210,1,TH,1,100,29.578
1707824145.488673,533425.000,17227,1,TH,1,100,29.606
1707824145.621660,533554.000,17244,1,TH,1,100,29.606
1707824145.754646,533683.000,17278,1,TH,1,100,29.656
1707824145.886601,533811.000,17294,1,TH,1,100,29.656
1707824146.018557,533939.000,17311,1,TH,1,100,29.533
1707824146.155667,534072.000,17328,1,TH,1,100,29.533
1707824146.289684,534202.000,17359,1,TH,1,100,29.627
1707824146.420609,534329.000,17376,1,TH,1,100,29.627
1707824146.552564,534457.000,17393,1,TH,1,100,29.616
1707824146.686582,534587.000,17410,1,TH,1,100,29.616
1707824146.821630,534718.000,17444,1,TH,1,100,29.598
1707824146.954616,534847.000,17460,1,TH,1,100,29.598
1707824147.085541,534974.000,17477,1,TH,1,100,29.528
1707824147.221620,535106.000,17509,1,TH,1,100,29.528
1707824147.354606,535235.000,17525,1,TH,1,100,29.554
1707824147.486562,535363.000,17543,1,TH,1,100,29.554
1707824147.619548,535492.000,17561,1,TH,1,100,29.611
1707824147.752534,535621.000,17593,1,TH,1,100,29.618
1707824147.887583,535752.000,17612,1,TH,1,100,29.589
1707824148.020569,535881.000,17628,1,TH,1,100,29.582
1707824148.153555,536010.000,17660,1,TH,1,100,29.523
1707824148.284480,536137.000,17677,1,TH,1,100,29.530
1707824148.420559,536269.000,17695,1,TH,1,100,29.662
1707824148.554576,536399.000,17716,1,TH,1,100,29.662
1707824148.686532,536527.000,17732,1,TH,1,100,29.605
1707824148.819518,536656.000,17764,1,TH,1,100,29.605
1707824148.950443,536783.000,17781,1,TH,1,100,29.646
1707824149.084460,536913.000,17797,1,TH,1,100,29.646
1707824149.216415,537041.000,17815,1,TH,1,100,29.644
1707824149.349402,537170.000,17848,1,TH,1,100,29.644
1707824149.482388,537299.000,17865,1,TH,1,100,29.648
1707824149.615375,537428.000,17882,1,TH,1,100,29.648
1707824149.747330,537556.000,17914,1,TH,1,100,29.636
1707824149.879285,537684.000,17930,1,TH,1,100,29.636
1707824150.013303,537814.000,17947,1,TH,1,100,29.657
1707824150.148351,537945.000,17966,1,TH,1,100,29.657
1707824150.281337,538074.000,17997,1,TH,1,100,29.657
1707824150.412262,538201.000,18014,1,TH,1,100,29.657
1707824150.544217,538329.000,18031,1,TH,1,100,29.662
1707824150.679266,538460.000,18048,1,TH,1,100,29.662
1707824150.814314,538591.000,18080,1,TH,1,100,29.629
1707824150.946269,538719.000,18096,1,TH,1,100,29.629
1707824151.078225,538847.000,18115,1,TH,1,100,29.625
1707824151.211211,538976.000,18147,1,TH,1,100,29.625
1707824151.347290,539108.000,18163,1,TH,1,100,29.617
1707824151.480277,539237.000,18181,1,TH,1,100,29.617
1707824151.612232,539365.000,18197,1,TH,1,100,29.641
1707824151.744187,539493.000,18231,1,TH,1,100,29.641
1707824151.878205,539623.000,18248,1,TH,1,100,29.579
1707824152.014284,539755.000,18264,1,TH,1,100,29.586
1707824152.146239,539883.000,18296,1,TH,1,100,29.619
1707824152.277164,540010.000,18313,1,TH,1,100,29.619
1707824152.410150,540139.000,18329,1,TH,1,100,29.593
1707824152.545198,540270.000,18347,1,TH,1,100,29.593
1707824152.680247,540401.000,18380,1,TH,1,100,29.578
1707824152.813233,540530.000,18397,1,TH,1,100,29.578
1707824152.946219,540659.000,18416,1,TH,1,100,29.614
1707824153.078175,540787.000,18448,1,TH,1,100,29.614
1707824153.210130,540915.000,18464,1,TH,1,100,29.567
1707824153.343117,541044.000,18481,1,TH,1,100,29.567
1707824153.476103,541173.000,18500,1,TH,1,100,29.640
1707824153.608059,541301.000,18531,1,TH,1,100,29.640
1707824153.740014,541429.000,18548,1,TH,1,100,29.695
1707824153.873000,541558.000,18568,1,TH,1,100,29.695
1707824154.004956,541686.000,18585,1,TH,1,100,29.619
1707824154.137942,541815.000,18602,1,TH,1,100,29.619
1707824154.270929,541944.000,18621,1,TH,1,100,29.650
1707824154.401853,542071.000,18653,1,TH,1,100,29.650
1707824154.534840,542200.000,18669,1,TH,1,100,29.645
1707824154.667826,542329.000,18686,1,TH,1,100,29.645
1707824154.799781,542457.000,18703,1,TH,1,100,29.637
1707824154.931737,542585.000,18734,1,TH,1,100,29.637
1707824155.065754,542715.000,18753,1,TH,1,100,29.590
1707824155.197710,542843.000,18770,1,TH,1,100,29.590
1707824155.330696,542972.000,18801,1,TH,1,100,29.723
1707824155.463682,543101.000,18819,1,TH,1,100,29.723
1707824155.594607,543228.000,18835,1,TH,1,100,29.671
1707824155.727593,543357.000,18852,1,TH,1,100,29.678
1707824155.862642,543488.000,18886,1,TH,1,100,29.607
1707824155.997690,543619.000,18902,1,TH,1,100,29.600
1707824156.131707,543749.000,18920,1,TH,1,100,29.728
1707824156.263663,543877.000,18951,1,TH,1,100,29.735
1707824156.397164,544006.500,18969,2,TH,1,100,29.654
1707824156.530666,544136.000,18969,2,TH,1,100,29.654
1707824156.663653,544265.000,18985,1,TH,1,100,29.678
1707824156.796639,544394.000,19019,1,TH,1,100,29.678
1707824156.929625,544523.000,19036,1,TH,1,100,29.664
1707824157.060550,544650.000,19052,1,TH,1,100,29.664
1707824157.196629,544782.000,19070,1,TH,1,100,29.644
1707824157.329615,544911.000,19086,1,TH,1,100,29.644
1707824157.461571,545039.000,19120,1,TH,1,100,29.656
1707824157.594557,545168.000,19137,1,TH,1,100,29.656
1707824157.727544,545297.000,19153,1,TH,1,100,29.625
1707824157.862592,545428.000,19173,1,TH,1,100,29.625
1707824157.995578,545557.000,19189,1,TH,1,100,29.589
1707824158.128565,545686.000,19221,1,TH,1,100,29.589
1707824158.259489,545813.000,19238,1,TH,1,100,29.628
1707824158.395568,545945.000,19257,1,TH,1,100,29.628
1707824158.528555,546074.000,19274,1,TH,1,100,29.584
1707824158.661541,546203.000,19290,1,TH,1,100,29.584
1707824158.794527,546332.000,19322,1,TH,1,100,29.682
1707824158.925452,546459.000,19339,1,TH,1,100,29.682
1707824159.058438,546588.000,19362,2,TH,1,100,29.635
1707824159.191425,546717.000,19362,2,TH,1,100,29.635
1707824159.323380,546845.000,19378,1,TH,1,100,29.635
1707824159.458428,546976.000,19398,1,TH,1,100,29.635
1707824159.592446,547106.000,19429,1,TH,1,100,29.609
1707824159.723370,547233.000,19446,1,TH,1,100,29.609
1707824159.855326,547361.000,19463,1,TH,1,100,29.734
1707824159.989343,547491.000,19479,1,TH,1,100,29.741
1707824160.124391,547622.000,19497,1,TH,1,100,29.708
1707824160.257378,547751.000,19530,1,TH,1,100,29.708
1707824160.388302,547878.000,19547,1,TH,1,100,29.637
1707824160.520258,548006.000,19564,1,TH,1,100,29.630
1707824160.655306,548137.000,19580,1,TH,1,100,29.689
1707824160.790354,548268.000,19598,1,TH,1,100,29.696
1707824160.922309,548396.000,19629,1,TH,1,100,29.559
1707824161.054780,548524.500,19647,2,TH,1,100,29.559
1707824161.187251,548653.000,19647,2,TH,1,100,29.665
1707824161.323330,548785.000,19666,1,TH,1,100,29.665
1707824161.455286,548913.000,19684,2,TH,1,100,29.681
1707824161.587241,549041.000,19684,2,TH,1,100,29.681
1707824161.722289,549172.000,19702,2,TH,1,100,29.681
1707824161.857338,549303.000,19702,2,TH,1,100,29.681
1707824161.989293,549431.000,19733,1,TH,1,100,29.681
1707824162.122280,549560.000,19752,1,TH,1,100,29.681
1707824162.253204,549687.000,19769,1,TH,1,100,29.655
1707824162.389283,549819.000,19785,1,TH,1,100,29.655
1707824162.522270,549948.000,19817,1,TH,1,100,29.699
1707824162.655256,550077.000,19834,1,TH,1,100,29.699
1707824162.788242,550206.000,19851,1,TH,1,100,29.658
1707824162.922260,550336.000,19884,1,TH,1,100,29.658
1707824163.054215,550464.000,19904,1,TH,1,100,29.652
1707824163.186171,550592.000,19920,1,TH,1,100,29.652
1707824163.319157,550721.000,19937,1,TH,1,100,29.719
1707824163.452143,550850.000,19969,1,TH,1,100,29.719
1707824163.584099,550978.000,19985,1,TH,1,100,29.613
1707824163.716054,551106.000,20002,1,TH,1,100,29.613
1707824163.849041,551235.000,20019,1,TH,1,100,29.662
1707824163.980996,551363.000,20052,1,TH,1,100,29.662
1707824164.113982,551492.000,20070,1,TH,1,100,29.686
1707824164.246969,551621.000,20086,1,TH,1,100,29.693
1707824164.378924,551749.000,20124,2,TH,1,100,29.640
1707824164.510880,551877.000,20124,2,TH,1,100,29.640
1707824164.646959,552009.000,20141,1,TH,1,100,29.695
1707824164.779945,552138.000,20175,1,TH,1,100,29.695
1707824164.911901,552266.000,20191,1,TH,1,100,29.643
1707824165.043856,552394.000,20208,1,TH,1,100,29.643
1707824165.177874,552524.000,20225,1,TH,1,100,29.729
1707824165.313953,552656.000,20256,1,TH,1,100,29.729
1707824165.445908,552784.000,20274,1,TH,1,100,29.612
1707824165.576833,552911.000,20292,1,TH,1,100,29.612
1707824165.709819,553040.000,20309,1,TH,1,100,29.711
1707824165.844867,553171.000,20341,1,TH,1,100,29.711
1707824165.979915,553302.000,20357,1,TH,1,100,29.757
1707824166.113933,553432.000,20375,1,TH,1,100,29.757
1707824166.244857,553559.000,20391,1,TH,1,100,29.607
1707824166.377844,553688.000,20423,1,TH,1,100,29.607
1707824166.513923,553820.000,20442,1,TH,1,100,29.645
1707824166.646909,553949.000,20458,1,TH,1,100,29.645
1707824166.779895,554078.000,20490,1,TH,1,100,29.674
1707824166.912882,554207.000,20507,1,TH,1,100,29.674
1707824167.043806,554334.000,20523,1,TH,1,100,29.650
1707824167.179886,554466.000,20541,1,TH,1,100,29.650
1707824167.311841,554594.000,20574,1,TH,1,100,29.747
1707824167.444827,554723.000,20591,1,TH,1,100,29.754
1707824167.577814,554852.000,20608,1,TH,1,100,29.709
1707824167.708738,554979.000,20625,1,TH,1,100,29.709
1707824167.841725,555108.000,20644,1,TH,1,100,29.681
1707824167.974711,555237.000,20660,1,TH,1,100,29.681
1707824168.106667,555365.000,20694,1,TH,1,100,29.671
1707824168.238622,555493.000,20711,1,TH,1,100,29.671
1707824168.372639,555623.000,20727,1,TH,1,100,29.647
1707824168.504595,555751.000,20759,1,TH,1,100,29.640
1707824168.637581,555880.000,20776,1,TH,1,100,29.685
1707824168.770568,556009.000,20793,1,TH,1,100,29.692
1707824168.901492,556136.000,20812,1,TH,1,100,29.671
1707824169.034478,556265.000,20844,1,TH,1,100,29.671
1707824169.167465,556394.000,20859,1,TH,1,100,29.673
1707824169.299420,556522.000,20876,1,TH,1,100,29.673
1707824169.433438,556652.000,20893,1,TH,1,100,29.694
1707824169.565393,556780.000,20910,1,TH,1,100,29.694
1707824169.697349,556908.000,20935,1,TH,1,100,29.689
1707824169.830335,557037.000,20953,1,TH,1,100,29.689
1707824169.964352,557167.000,20984,1,TH,1,100,29.730
1707824170.099400,557298.000,21001,1,TH,1,100,29.730
1707824170.232387,557427.000,21018,1,TH,1,100,29.722
1707824170.363311,557554.000,21050,1,TH,1,100,29.722
1707824170.499390,557686.000,21068,1,TH,1,100,29.660
1707824170.632377,557815.000,21085,1,TH,1,100,29.660
1707824170.764332,557943.000,21102,1,TH,1,100,29.717
1707824170.897319,558072.000,21133,1,TH,1,100,29.717
1707824171.030305,558201.000,21150,1,TH,1,100,29.756
1707824171.165353,558332.000,21167,1,TH,1,100,29.756
1707824171.298340,558461.000,21200,1,TH,1,100,29.713
1707824171.431326,558590.000,21218,1,TH,1,100,29.721
1707824171.562251,558717.000,21234,1,TH,1,100,29.667
1707824171.698330,558849.000,21251,1,TH,1,100,29.667
1707824171.832347,558979.000,21283,1,TH,1,100,29.747
1707824171.964302,559107.000,21299,1,TH,1,100,29.746
1707824172.097289,559236.000,21317,1,TH,1,100,29.760
1707824172.228213,559363.000,21335,1,TH,1,100,29.760
1707824172.364292,559495.000,21367,1,TH,1,100,29.785
1707824172.497279,559624.000,21384,1,TH,1,100,29.785
1707824172.630265,559753.000,21400,1,TH,1,100,29.719
1707824172.763252,559882.000,21434,1,TH,1,100,29.719
1707824172.897269,560012.000,21451,1,TH,1,100,29.630
1707824173.032317,560143.000,21469,1,TH,1,100,29.630
1707824173.164273,560271.000,21487,1,TH,1,100,29.591
1707824173.297259,560400.000,21518,1,TH,1,100,29.591
1707824173.431276,560530.000,21535,1,TH,1,100,29.669
1707824173.564263,560659.000,21552,1,TH,1,100,29.669
1707824173.695187,560786.000,21584,1,TH,1,100,29.717
1707824173.827143,560914.000,21602,1,TH,1,100,29.717
1707824173.962191,561045.000,21619,1,TH,1,100,29.667
1707824174.097239,561176.000,21636,1,TH,1,100,29.667
1707824174.229194,561304.000,21667,1,TH,1,100,29.743
1707824174.361150,561432.000,21684,1,TH,1,100,29.743
1707824174.494136,561561.000,21701,1,TH,1,100,29.695
1707824174.630215,561693.000,21734,1,TH,1,100,29.695
1707824174.763202,561822.000,21752,1,TH,1,100,29.741
1707824174.895157,561950.000,21768,1,TH,1,100,29.741
1707824175.027113,562078.000,21790,1,TH,1,100,29.774
1707824175.161130,562208.000,21822,1,TH,1,100,29.774
1707824175.297209,562340.000,21838,1,TH,1,100,29.764
1707824175.429165,562468.000,21856,1,TH,1,100,29.771
1707824175.560089,562595.000,21874,1,TH,1,100,29.683
1707824175.693076,562724.000,21906,1,TH,1,100,29.683
1707824175.828124,562855.000,21923,1,TH,1,100,29.738
1707824175.963172,562986.000,21939,1,TH,1,100,29.738
1707824176.096158,563115.000,21971,1,TH,1,100,29.727
1707824176.230176,563245.000,21988,1,TH,1,100,29.727
1707824176.365224,563376.000,22006,1,TH,1,100,29.725
1707824176.497179,563504.000,22024,1,TH,1,100,29.725
1707824176.630166,563633.000,22055,1,TH,1,100,29.697
1707824176.762121,563761.000,22072,1,TH,1,100,29.697
1707824176.894077,563889.000,22089,1,TH,1,100,29.727
1707824177.026032,564017.000,22105,1,TH,1,100,29.727
1707824177.159018,564146.000,22137,1,TH,1,100,29.662
1707824177.290974,564274.000,22156,1,TH,1,100,29.662
1707824177.423960,564403.000,22173,1,TH,1,100,29.719
1707824177.556947,564532.000,22204,1,TH,1,100,29.719
1707824177.687871,564659.000,22222,1,TH,1,100,29.730
1707824177.820858,564788.000,22240,1,TH,1,100,29.730
1707824177.953844,564917.000,22257,1,TH,1,100,29.709
1707824178.085799,565045.000,22291,1,TH,1,100,29.716
1707824178.217755,565173.000,22307,1,TH,1,100,29.685
1707824178.351772,565303.000,22324,1,TH,1,100,29.685
1707824178.483728,565431.000,22341,1,TH,1,100,29.745
1707824178.616714,565560.000,22372,1,TH,1,100,29.745
1707824178.749700,565689.000,22390,1,TH,1,100,29.703
1707824178.880625,565816.000,22406,1,TH,1,100,29.703
1707824179.013611,565945.000,22440,1,TH,1,100,29.638
1707824179.148660,566076.000,22457,1,TH,1,100,29.638
1707824179.283708,566207.000,22473,1,TH,1,100,29.765
1707824179.417725,566337.000,22491,1,TH,1,100,29.765
1707824179.548650,566464.000,22522,1,TH,1,100,29.749
1707824179.681636,566593.000,22538,1,TH,1,100,29.749
1707824179.817715,566725.000,22556,1,TH,1,100,29.723
1707824179.950701,566854.000,22589,1,TH,1,100,29.723
1707824180.082657,566982.000,22606,1,TH,1,100,29.796
1707824180.214612,567110.000,22628,1,TH,1,100,29.796
1707824180.346568,567238.000,22644,1,TH,1,100,29.754
1707824180.482647,567370.000,22662,1,TH,1,100,29.754
1707824180.615633,567499.000,22693,1,TH,1,100,29.775
1707824180.747589,567627.000,22712,1,TH,1,100,29.775
1707824180.880575,567756.000,22729,1,TH,1,100,29.754
1707824181.013562,567885.000,22745,1,TH,1,100,29.754
1707824181.148610,568016.000,22777,1,TH,1,100,29.734
1707824181.281596,568145.000,22794,1,TH,1,100,29.734
1707824181.414582,568274.000,22811,1,TH,1,100,29.793
1707824181.545507,568401.000,22844,1,TH,1,100,29.800
1707824181.681586,568533.000,22861,1,TH,1,100,29.705
1707824181.815603,568663.000,22878,1,TH,1,100,29.705
1707824181.947559,568791.000,22895,1,TH,1,100,29.774
1707824182.080545,568920.000,22927,1,TH,1,100,29.774
1707824182.211470,569047.000,22945,1,TH,1,100,29.699
1707824182.344456,569176.000,22962,1,TH,1,100,29.699
1707824182.477443,569305.000,22979,1,TH,1,100,29.743
1707824182.609398,569433.000,23010,1,TH,1,100,29.743
1707824182.743415,569563.000,23028,1,TH,1,100,29.696
1707824182.875371,569691.000,23046,1,TH,1,100,29.696
1707824183.007326,569819.000,23080,1,TH,1,100,29.857
1707824183.140313,569948.000,23097,1,TH,1,100,29.857
1707824183.273299,570077.000,23113,1,TH,1,100,29.748
1707824183.404224,570204.000,23131,1,TH,1,100,29.748
1707824183.537210,570333.000,23162,1,TH,1,100,29.764
1707824183.670196,570462.000,23179,1,TH,1,100,29.764
1707824183.802152,570590.000,23196,1,TH,1,100,29.734
1707824183.937200,570721.000,23214,1,TH,1,100,29.735
1707824184.072248,570852.000,23246,1,TH,1,100,29.657
1707824184.204204,570980.000,23263,1,TH,1,100,29.657
1707824184.336159,571108.000,23279,1,TH,1,100,29.745
1707824184.469146,571237.000,23311,1,TH,1,100,29.745
1707824184.605225,571369.000,23328,1,TH,1,100,29.707
1707824184.738211,571498.000,23347,1,TH,1,100,29.707
1707824184.870167,571626.000,23364,1,TH,1,100,29.766
1707824185.003153,571755.000,23396,1,TH,1,100,29.773
1707824185.137170,571885.000,23412,1,TH,1,100,29.791
1707824185.269126,572013.000,23429,1,TH,1,100,29.791
1707824185.402112,572142.000,23463,1,TH,1,100,29.752
1707824185.533037,572269.000,23484,1,TH,1,100,29.752
1707824185.669116,572401.000,23501,1,TH,1,100,29.783
1707824185.802102,572530.000,23518,1,TH,1,100,29.783
1707824185.935088,572659.000,23549,1,TH,1,100,29.685
1707824186.068075,572788.000,23567,1,TH,1,100,29.685
1707824186.202092,572918.000,23583,1,TH,1,100,29.757
1707824186.337140,573049.000,23600,1,TH,1,100,29.757
1707824186.469096,573177.000,23634,1,TH,1,100,29.687
1707824186.602082,573306.000,23650,1,TH,1,100,29.687
1707824186.734038,573434.000,23668,1,TH,1,100,29.768
1707824186.868055,573564.000,23684,1,TH,1,100,29.767
1707824187.002072,573694.000,23716,1,TH,1,100,29.666
1707824187.135059,573823.000,23733,1,TH,1,100,29.666
1707824187.267014,573951.000,23751,1,TH,1,100,29.775
1707824187.400000,574080.000,23783,1,TH,1,100,29.782
1707824187.532987,574209.000,23800,1,TH,1,100,29.723
1707824187.663911,574336.000,23816,1,TH,1,100,29.716
1707824187.796898,574465.000,23836,1,TH,1,100,29.852
1707824187.929884,574594.000,23867,1,TH,1,100,29.859
1707824188.062871,574723.000,23884,1,TH,1,100,29.668
1707824188.194826,574851.000,23903,1,TH,1,100,29.668
1707824188.326781,574979.000,23935,1,TH,1,100,29.821
1707824188.460799,575109.000,23951,1,TH,1,100,29.821
1707824188.596878,575241.000,23968,1,TH,1,100,29.676
1707824188.728833,575369.000,23985,1,TH,1,100,29.676
1707824188.859758,575496.000,24016,1,TH,1,100,29.754
1707824188.992744,575625.000,24033,1,TH,1,100,29.754
1707824189.127792,575756.000,24052,1,TH,1,100,29.773
1707824189.262841,575887.000,24069,1,TH,1,100,29.773
1707824189.396858,576017.000,24101,1,TH,1,100,29.784
1707824189.527782,576144.000,24117,1,TH,1,100,29.784
1707824189.660769,576273.000,24134,1,TH,1,100,29.803
1707824189.796848,576405.000,24166,1,TH,1,100,29.803
1707824189.929834,576534.000,24184,1,TH,1,100,29.744
1707824190.061790,576662.000,24202,1,TH,1,100,29.744
1707824190.193745,576790.000,24218,1,TH,1,100,29.844
1707824190.326732,576919.000,24250,1,TH,1,100,29.844
1707824190.462811,577051.000,24267,1,TH,1,100,29.768
1707824190.595797,577180.000,24284,1,TH,1,100,29.775
1707824190.728268,577308.500,24308,2,TH,1,100,29.750
1707824190.860739,577437.000,24308,2,TH,1,100,29.742
1707824190.991664,577564.000,24340,1,TH,1,100,29.830
1707824191.124650,577693.000,24357,1,TH,1,100,29.838
1707824191.257636,577822.000,24373,1,TH,1,100,29.762
1707824191.389592,577950.000,24391,1,TH,1,100,29.762
1707824191.521547,578078.000,24407,1,TH,1,100,29.765
1707824191.655565,578208.000,24424,1,TH,1,100,29.765
1707824191.787520,578336.000,24458,1,TH,1,100,29.796
1707824191.920506,578465.000,24474,1,TH,1,100,29.796
1707824192.053493,578594.000,24492,1,TH,1,100,29.803
1707824192.184417,578721.000,24508,1,TH,1,100,29.803
1707824192.317404,578850.000,24525,1,TH,1,100,29.781
1707824192.450390,578979.000,24557,1,TH,1,100,29.781
1707824192.582346,579107.000,24575,1,TH,1,100,29.798
1707824192.716363,579237.000,24593,1,TH,1,100,29.798
1707824192.848318,579365.000,24611,1,TH,1,100,29.855
1707824192.980274,579493.000,24628,1,TH,1,100,29.855
1707824193.113260,579622.000,24660,1,TH,1,100,29.757
1707824193.246247,579751.000,24678,1,TH,1,100,29.757
1707824193.377171,579878.000,24696,1,TH,1,100,29.834
1707824193.510158,580007.000,24712,1,TH,1,100,29.834
1707824193.643144,580136.000,24729,1,TH,1,100,29.879
1707824193.775099,580264.000,24761,1,TH,1,100,29.879
1707824193.908086,580393.000,24777,1,TH,1,100,29.788
1707824194.040041,580521.000,24795,1,TH,1,100,29.788
1707824194.173028,580650.000,24813,1,TH,1,100,29.754
1707824194.306014,580779.000,24830,1,TH,1,100,29.761
1707824194.441062,580910.000,24862,1,TH,1,100,29.844
1707824194.574049,581039.000,24878,1,TH,1,100,29.844
1707824194.707035,581168.000,24896,1,TH,1,100,29.852
1707824194.837959,581295.000,24912,1,TH,1,100,29.852
1707824194.974039,581427.000,24946,1,TH,1,100,29.852
1707824195.108056,581557.000,24963,1,TH,1,100,29.852
1707824195.240011,581685.000,24979,1,TH,1,100,29.833
1707824195.371967,581813.000,24997,2,TH,1,100,29.833
1707824195.503922,581941.000,24997,2,TH,1,100,29.769
1707824195.638455,582071.500,25015,2,TH,1,100,29.769
1707824195.772988,582202.000,25015,2,TH,1,100,29.818
1707824195.905974,582331.000,25034,1,TH,1,100,29.818
1707824196.039476,582460.500,25056,2,TH,1,100,29.844
1707824196.172978,582590.000,25056,2,TH,1,100,29.844
1707824196.308026,582721.000,25088,1,TH,1,100,29.795
1707824196.439981,582849.000,25105,1,TH,1,100,29.795
1707824196.572968,582978.000,25123,1,TH,1,100,29.802
1707824196.703892,583105.000,25141,1,TH,1,100,29.802
1707824196.836879,583234.000,25172,1,TH,1,100,29.797
1707824196.969865,583363.000,25188,1,TH,1,100,29.797
1707824197.101821,583491.000,25206,1,TH,1,100,29.887
1707824197.234807,583620.000,25222,1,TH,1,100,29.894
1707824197.366762,583748.000,25254,1,TH,1,100,29.811
1707824197.498718,583876.000,25273,1,TH,1,100,29.811
1707824197.630673,584004.000,25289,1,TH,1,100,29.884
1707824197.763660,584133.000,25323,1,TH,1,100,29.884
1707824197.899739,584265.000,25340,1,TH,1,100,29.811
1707824198.032725,584394.000,25357,1,TH,1,100,29.811
1707824198.164681,584522.000,25374,1,TH,1,100,29.741
1707824198.296636,584650.000,25408,1,TH,1,100,29.741
1707824198.430654,584780.000,25424,1,TH,1,100,29.794
1707824198.566733,584912.000,25441,1,TH,1,100,29.794
1707824198.698688,585040.000,25473,1,TH,1,100,29.837
1707824198.829613,585167.000,25489,1,TH,1,100,29.837
1707824198.962599,585296.000,25506,1,TH,1,100,29.879
1707824199.097647,585427.000,25525,1,TH,1,100,29.879
1707824199.232695,585558.000,25556,1,TH,1,100,29.894
1707824199.366713,585688.000,25574,1,TH,1,100,29.894
1707824199.497637,585815.000,25590,1,TH,1,100,29.879
1707824199.630624,585944.000,25607,1,TH,1,100,29.879
1707824199.762579,586072.000,25639,1,TH,1,100,29.842
1707824199.895565,586201.000,25657,1,TH,1,100,29.849
1707824200.027521,586329.000,25675,1,TH,1,100,29.857
1707824200.161538,586459.000,25706,1,TH,1,100,29.857
1707824200.295556,586589.000,25723,1,TH,1,100,29.908
1707824200.428542,586718.000,25740,1,TH,1,100,29.901
1707824200.560497,586846.000,25756,1,TH,1,100,29.793
1707824200.693484,586975.000,25790,1,TH,1,100,29.800
1707824200.829563,587107.000,25807,1,TH,1,100,29.815
1707824200.962549,587236.000,25823,1,TH,1,100,29.815
1707824201.095536,587365.000,25855,1,TH,1,100,29.805
1707824201.228522,587494.000,25872,1,TH,1,100,29.805
1707824201.360477,587622.000,25889,1,TH,1,100,29.828
1707824201.492433,587750.000,25913,1,TH,1,100,29.828
1707824201.626450,587880.000,25929,1,TH,1,100,29.854
1707824201.758406,588008.000,25961,1,TH,1,100,29.854
1707824201.891392,588137.000,25978,1,TH,1,100,29.879
1707824202.024378,588266.000,25995,1,TH,1,100,29.879
1707824202.155303,588393.000,26026,1,TH,1,100,29.817
1707824202.288289,588522.000,26046,1,TH,1,100,29.817
1707824202.421276,588651.000,26062,1,TH,1,100,29.893
1707824202.553231,588779.000,26079,1,TH,1,100,29.893
1707824202.687249,588909.000,26113,1,TH,1,100,29.877
1707824202.818173,589036.000,26129,1,TH,1,100,29.877
1707824202.951159,589165.000,26146,1,TH,1,100,29.812
1707824203.087239,589297.000,26165,1,TH,1,100,29.812
1707824203.220225,589426.000,26196,1,TH,1,100,29.861
1707824203.352180,589554.000,26214,1,TH,1,100,29.861
1707824203.484136,589682.000,26230,1,TH,1,100,29.848
1707824203.617122,589811.000,26247,1,TH,1,100,29.855
1707824203.753201,589943.000,26279,1,TH,1,100,29.826
1707824203.886188,590072.000,26297,1,TH,1,100,29.826
1707824204.017112,590199.000,26315,1,TH,1,100,29.928
1707824204.150099,590328.000,26346,1,TH,1,100,29.928
1707824204.284116,590458.000,26363,1,TH,1,100,29.855
1707824204.419164,590589.000,26380,1,TH,1,100,29.855
1707824204.552151,590718.000,26396,1,TH,1,100,29.899
1707824204.685137,590847.000,26430,1,TH,1,100,29.899
1707824204.816061,590974.000,26447,1,TH,1,100,29.909
1707824204.952141,591106.000,26463,1,TH,1,100,29.909
1707824205.086158,591236.000,26495,1,TH,1,100,29.891
1707824205.218113,591364.000,26512,1,TH,1,100,29.891
1707824205.351100,591493.000,26529,1,TH,1,100,29.811
1707824205.482024,591620.000,26546,1,TH,1,100,29.811
1707824205.615011,591749.000,26580,1,TH,1,100,29.814
1707824205.747997,591878.000,26596,1,TH,1,100,29.821
1707824205.879952,592006.000,26613,1,TH,1,100,29.880
1707824206.013970,592136.000,26630,1,TH,1,100,29.873
1707824206.145925,592264.000,26661,1,TH,1,100,29.839
1707824206.277881,592392.000,26678,1,TH,1,100,29.846
1707824206.410867,592521.000,26695,1,TH,1,100,29.826
1707824206.543853,592650.000,26712,1,TH,1,100,29.826
1707824206.674778,592777.000,26751,1,TH,1,100,29.834
1707824206.807764,592906.000,26767,1,TH,1,100,29.834
1707824206.940751,593035.000,26784,1,TH,1,100,29.889
1707824207.072706,593163.000,26801,1,TH,1,100,29.889
1707824207.205693,593292.000,26832,1,TH,1,100,29.825
1707824207.337648,593420.000,26850,1,TH,1,100,29.825
1707824207.469604,593548.000,26866,1,TH,1,100,29.877
1707824207.602590,593677.000,26883,1,TH,1,100,29.877
1707824207.735576,593806.000,26917,1,TH,1,100,29.851
1707824207.871655,593938.000,26933,1,TH,1,100,29.851
1707824208.004642,594067.000,26951,1,TH,1,100,29.830
1707824208.136597,594195.000,26967,1,TH,1,100,29.838
1707824208.268553,594323.000,26984,1,TH,1,100,29.948
1707824208.402570,594453.000,27016,1,TH,1,100,29.948
1707824208.536587,594583.000,27032,1,TH,1,100,29.837
1707824208.669574,594712.000,27050,1,TH,1,100,29.838
1707824208.800498,594839.000,27081,1,TH,1,100,29.907
1707824208.936577,594971.000,27098,1,TH,1,100,29.907
1707824209.069564,595100.000,27115,1,TH,1,100,29.891
1707824209.202550,595229.000,27131,1,TH,1,100,29.891
1707824209.335537,595358.000,27163,1,TH,1,100,29.891
1707824209.469554,595488.000,27182,1,TH,1,100,29.891
1707824209.604602,595619.000,27198,1,TH,1,100,29.914
1707824209.736557,595747.000,27216,1,TH,1,100,29.914
1707824209.869544,595876.000,27247,1,TH,1,100,29.907
1707824210.001499,596004.000,27264,1,TH,1,100,29.907
1707824210.135517,596134.000,27281,1,TH,1,100,29.979
1707824210.269534,596264.000,27313,1,TH,1,100,29.979
1707824210.402520,596393.000,27329,1,TH,1,100,29.886
1707824210.534476,596521.000,27346,1,TH,1,100,29.886
1707824210.667462,596650.000,27363,1,TH,1,100,29.842
1707824210.803541,596782.000,27396,1,TH,1,100,29.849
1707824210.936528,596911.000,27413,1,TH,1,100,29.997
1707824211.069514,597040.000,27430,1,TH,1,100,29.997
1707824211.202500,597169.000,27461,1,TH,1,100,29.900
1707824211.334456,597297.000,27479,1,TH,1,100,29.900
1707824211.466411,597425.000,27495,1,TH,1,100,29.823
1707824211.598367,597553.000,27514,1,TH,1,100,29.823
1707824211.732384,597683.000,27546,1,TH,1,100,29.944
1707824211.868463,597815.000,27562,1,TH,1,100,29.944
1707824212.000419,597943.000,27583,1,TH,1,100,29.844
1707824212.131343,598070.000,27602,1,TH,1,100,29.844
1707824212.264330,598199.000,27621,1,TH,1,100,29.802
1707824212.399378,598330.000,27638,1,TH,1,100,29.802
1707824212.534426,598461.000,27656,1,TH,1,100,29.833
1707824212.668443,598591.000,27692,1,TH,1,100,29.833
1707824212.799368,598718.000,27709,1,TH,1,100,29.902
1707824212.932354,598847.000,27729,1,TH,1,100,29.902
1707824213.068433,598979.000,27761,1,TH,1,100,29.820
1707824213.201420,599108.000,27778,1,TH,1,100,29.820
1707824213.333375,599236.000,27795,1,TH,1,100,29.880
1707824213.465331,599364.000,27812,1,TH,1,100,29.887
1707824213.598317,599493.000,27844,1,TH,1,100,29.886
1707824213.734396,599625.000,27862,1,TH,1,100,29.886
1707824213.867382,599754.000,27879,1,TH,1,100,30.028
1707824213.998307,599881.000,27911,1,TH,1,100,30.028
1707824214.131293,600010.000,27927,1,TH,1,100,29.941
1707824214.265311,600140.000,27944,1,TH,1,100,29.941
1707824214.400359,600271.000,27961,1,TH,1,100,29.889
1707824214.533345,600400.000,27994,1,TH,1,100,29.889
1707824214.664270,600527.000,28012,1,TH,1,100,29.997
1707824214.796225,600655.000,28028,1,TH,1,100,29.997
1707824214.930243,600785.000,28045,1,TH,1,100,29.901
1707824215.062198,600913.000,28077,1,TH,1,100,29.901
1707824215.195184,601042.000,28093,1,TH,1,100,29.894
1707824215.328171,601171.000,28113,1,TH,1,100,29.894
1707824215.459095,601298.000,28144,1,TH,1,100,29.886
1707824215.592082,601427.000,28161,1,TH,1,100,29.893
1707824215.725068,601556.000,28178,1,TH,1,100,29.978
1707824215.857024,601684.000,28194,1,TH,1,100,29.978
1707824215.991041,601814.000,28228,1,TH,1,100,30.001
1707824216.122996,601942.000,28245,1,TH,1,100,30.001
1707824216.254952,602070.000,28261,1,TH,1,100,29.916
1707824216.387938,602199.000,28279,1,TH,1,100,29.916
1707824216.520925,602328.000,28310,1,TH,1,100,29.919
1707824216.651849,602455.000,28327,1,TH,1,100,29.919
1707824216.784836,602584.000,28344,1,TH,1,100,29.857
1707824216.917822,602713.000,28360,1,TH,1,100,29.857
1707824217.049777,602841.000,28394,1,TH,1,100,29.916
1707824217.182764,602970.000,28411,1,TH,1,100,29.916
1707824217.314719,603098.000,28434,1,TH,1,100,29.900
1707824217.446675,603226.000,28450,1,TH,1,100,29.900
1707824217.580692,603356.000,28467,1,TH,1,100,29.921
1707824217.715740,603487.000,28486,1,TH,1,100,29.921
1707824217.848727,603616.000,28519,1,TH,1,100,29.941
1707824217.979651,603743.000,28537,1,TH,1,100,29.949
1707824218.110576,603870.000,28553,1,TH,1,100,29.943
1707824218.246655,604002.000,28570,1,TH,1,100,29.943
1707824218.380672,604132.000,28602,1,TH,1,100,29.993
1707824218.512628,604260.000,28618,1,TH,1,100,29.993
1707824218.645614,604389.000,28638,1,TH,1,100,29.985
1707824218.776538,604516.000,28654,1,TH,1,100,29.985
1707824218.912618,604648.000,28686,1,TH,1,100,30.002
1707824219.045604,604777.000,28703,1,TH,1,100,30.002
1707824219.178590,604906.000,28719,1,TH,1,100,29.909
1707824219.311577,605035.000,28751,1,TH,1,100,29.909
1707824219.445594,605165.000,28770,1,TH,1,100,30.018
