LocalTimestamp,EmotiBitTimestamp,PacketNumber,DataLength,TypeTag,ProtocolVersion,DataReliability,T1
1707823975.094979,368139.000,56399,1,T1,1,100,28.689
1707823975.227966,368268.000,56431,1,T1,1,100,28.582
1707823975.359921,368396.000,56450,1,T1,1,100,28.713
1707823975.493938,368526.000,56466,1,T1,1,100,28.769
1707823975.627956,368656.000,56498,1,T1,1,100,28.794
1707823975.761973,368786.000,56515,1,T1,1,100,28.840
1707823975.893928,368914.000,56532,1,T1,1,100,28.789
1707823976.025884,369042.000,56549,1,T1,1,100,28.838
1707823976.160932,369173.000,56581,1,T1,1,100,28.788
1707823976.293918,369302.000,56599,1,T1,1,100,28.802
1707823976.426905,369431.000,56616,1,T1,1,100,28.772
1707823976.559891,369560.000,56648,1,T1,1,100,28.831
1707823976.692878,369689.000,56664,1,T1,1,100,28.785
1707823976.827926,369820.000,56681,1,T1,1,100,28.694
1707823976.961943,369950.000,56698,1,T1,1,100,28.797
1707823977.093898,370078.000,56729,1,T1,1,100,28.664
1707823977.226885,370207.000,56749,1,T1,1,100,28.713
1707823977.357809,370334.000,56765,1,T1,1,100,28.805
1707823977.490796,370463.000,56782,1,T1,1,100,28.774
1707823977.623782,370592.000,56814,1,T1,1,100,28.796
1707823977.754707,370719.000,56830,1,T1,1,100,28.770
1707823977.886662,370847.000,56848,1,T1,1,100,28.829
1707823978.020680,370977.000,56881,1,T1,1,100,28.926
1707823978.152635,371105.000,56897,1,T1,1,100,28.791
1707823978.285621,371234.000,56917,1,T1,1,100,28.909
1707823978.421700,371366.000,56933,1,T1,1,100,28.890
1707823978.554687,371495.000,56965,1,T1,1,100,28.952
1707823978.686642,371623.000,56982,1,T1,1,100,28.767
1707823978.818598,371751.000,57000,1,T1,1,100,28.828
1707823978.951584,371880.000,57032,1,T1,1,100,28.748
1707823979.088694,372013.000,57049,1,T1,1,100,28.891
1707823979.221681,372142.000,57066,1,T1,1,100,28.917
1707823979.352605,372269.000,57083,1,T1,1,100,28.929
1707823979.486107,372398.500,57122,2,T1,1,100,28.827
1707823979.619609,372528.000,57122,2,T1,1,100,28.819
1707823979.754657,372659.000,57155,1,T1,1,100,28.780
1707823979.887643,372788.000,57172,1,T1,1,100,28.834
1707823980.020630,372917.000,57189,1,T1,1,100,28.751
1707823980.155678,373048.000,57205,1,T1,1,100,28.857
1707823980.289695,373178.000,57237,1,T1,1,100,28.938
1707823980.421651,373306.000,57256,1,T1,1,100,28.796
1707823980.554637,373435.000,57273,1,T1,1,100,28.663
1707823980.687623,373564.000,57304,1,T1,1,100,28.571
1707823980.821641,373694.000,57322,1,T1,1,100,28.602
1707823980.954627,373823.000,57338,1,T1,1,100,28.615
1707823981.086583,373951.000,57355,1,T1,1,100,28.692
1707823981.218538,374079.000,57389,1,T1,1,100,28.725
1707823981.355648,374212.000,57405,1,T1,1,100,28.739
1707823981.489665,374342.000,57422,1,T1,1,100,28.887
1707823981.621621,374470.000,57439,1,T1,1,100,28.809
1707823981.754607,374599.000,57470,1,T1,1,100,28.811
1707823981.886563,374727.000,57488,1,T1,1,100,28.812
1707823982.021611,374858.000,57506,1,T1,1,100,28.706
1707823982.154597,374987.000,57538,1,T1,1,100,28.766
1707823982.287584,375116.000,57555,1,T1,1,100,28.899
1707823982.420570,375245.000,57571,1,T1,1,100,28.885
1707823982.553556,375374.000,57589,1,T1,1,100,28.879
1707823982.684481,375501.000,57622,1,T1,1,100,28.912
1707823982.816436,375629.000,57638,1,T1,1,100,28.962
1707823982.951485,375760.000,57656,1,T1,1,100,28.913
1707823983.086533,375891.000,57672,1,T1,1,100,28.891
1707823983.219519,376020.000,57706,1,T1,1,100,28.882
1707823983.351475,376148.000,57723,1,T1,1,100,28.878
1707823983.483430,376276.000,57739,1,T1,1,100,28.947
1707823983.620540,376409.000,57773,1,T1,1,100,28.977
1707823983.754557,376539.000,57790,1,T1,1,100,28.990
1707823983.886513,376667.000,57807,1,T1,1,100,28.854
1707823984.017437,376794.000,57824,1,T1,1,100,28.866
1707823984.151970,376924.500,57856,2,T1,1,100,28.800
1707823984.286503,377055.000,57856,2,T1,1,100,28.807
1707823984.418458,377183.000,57872,1,T1,1,100,28.846
1707823984.550414,377311.000,57892,1,T1,1,100,28.827
1707823984.683400,377440.000,57923,1,T1,1,100,28.854
1707823984.817417,377570.000,57945,1,T1,1,100,28.653
1707823984.951435,377700.000,57962,2,T1,1,100,28.815
1707823985.085452,377830.000,57962,2,T1,1,100,28.742
1707823985.217408,377958.000,57994,1,T1,1,100,28.782
1707823985.352456,378089.000,58010,1,T1,1,100,28.799
1707823985.485442,378218.000,58027,1,T1,1,100,28.665
1707823985.618428,378347.000,58046,1,T1,1,100,28.678
1707823985.751415,378476.000,58062,1,T1,1,100,28.612
1707823985.884401,378605.000,58079,1,T1,1,100,28.726
1707823986.019449,378736.000,58110,1,T1,1,100,28.846
1707823986.151405,378864.000,58127,1,T1,1,100,28.862
1707823986.284391,378993.000,58144,1,T1,1,100,28.940
1707823986.417378,379122.000,58161,1,T1,1,100,28.868
1707823986.549333,379250.000,58180,1,T1,1,100,28.836
1707823986.681289,379378.000,58211,1,T1,1,100,28.929
1707823986.814275,379507.000,58228,1,T1,1,100,28.828
1707823986.947261,379636.000,58245,1,T1,1,100,28.961
1707823987.080248,379765.000,58262,1,T1,1,100,28.912
1707823987.213234,379894.000,58279,1,T1,1,100,28.856
1707823987.344159,380021.000,58296,1,T1,1,100,28.867
1707823987.477145,380150.000,58330,1,T1,1,100,28.836
1707823987.610131,380279.000,58346,1,T1,1,100,28.823
1707823987.741056,380406.000,58363,1,T1,1,100,28.817
1707823987.873011,380534.000,58380,1,T1,1,100,28.885
1707823988.005998,380663.000,58397,1,T1,1,100,28.702
1707823988.140015,380793.000,58429,1,T1,1,100,28.658
1707823988.276094,380925.000,58447,1,T1,1,100,28.639
1707823988.408050,381053.000,58466,1,T1,1,100,28.773
1707823988.538974,381180.000,58483,1,T1,1,100,28.831
1707823988.671961,381309.000,58514,1,T1,1,100,28.891
1707823988.807009,381440.000,58531,1,T1,1,100,28.953
1707823988.941026,381570.000,58548,1,T1,1,100,28.838
1707823989.072982,381698.000,58566,2,T1,1,100,28.859
1707823989.204937,381826.000,58566,2,T1,1,100,28.726
1707823989.339470,381956.500,58585,2,T1,1,100,28.740
1707823989.474003,382087.000,58585,2,T1,1,100,28.746
1707823989.606473,382215.500,58603,2,T1,1,100,28.642
1707823989.738944,382344.000,58603,2,T1,1,100,28.703
1707823989.871931,382473.000,58636,1,T1,1,100,28.623
1707823990.005948,382603.000,58652,1,T1,1,100,28.518
1707823990.140996,382734.000,58675,1,T1,1,100,28.543
1707823990.275013,382864.000,58691,1,T1,1,100,28.625
1707823990.406969,382992.000,58708,1,T1,1,100,28.696
1707823990.539955,383121.000,58725,1,T1,1,100,28.656
1707823990.670880,383248.000,58756,1,T1,1,100,28.745
1707823990.803866,383377.000,58773,1,T1,1,100,28.819
1707823990.936853,383506.000,58790,1,T1,1,100,28.886
1707823991.067777,383633.000,58807,1,T1,1,100,28.809
1707823991.199733,383761.000,58841,1,T1,1,100,28.740
1707823991.333750,383891.000,58857,1,T1,1,100,28.675
1707823991.465705,384019.000,58874,1,T1,1,100,28.788
1707823991.598692,384148.000,58891,1,T1,1,100,28.838
1707823991.731678,384277.000,58922,1,T1,1,100,28.717
1707823991.862603,384404.000,58940,1,T1,1,100,28.629
1707823991.995589,384533.000,58958,1,T1,1,100,28.627
1707823992.128576,384662.000,58990,1,T1,1,100,28.626
1707823992.260531,384790.000,59007,1,T1,1,100,28.661
1707823992.394548,384920.000,59023,1,T1,1,100,28.747
1707823992.526504,385048.000,59041,1,T1,1,100,28.713
1707823992.658459,385176.000,59072,1,T1,1,100,28.734
1707823992.791446,385305.000,59090,1,T1,1,100,28.672
1707823992.924432,385434.000,59108,1,T1,1,100,28.681
1707823993.055357,385561.000,59124,1,T1,1,100,28.685
1707823993.188343,385690.000,59158,1,T1,1,100,28.651
1707823993.322360,385820.000,59175,1,T1,1,100,28.707
1707823993.457408,385951.000,59191,1,T1,1,100,28.696
1707823993.591426,386081.000,59225,1,T1,1,100,28.691
1707823993.721319,386207.000,59242,1,T1,1,100,28.654
1707823993.854306,386336.000,59259,1,T1,1,100,28.637
1707823993.987292,386465.000,59276,1,T1,1,100,28.630
1707823994.121309,386595.000,59308,1,T1,1,100,28.663
1707823994.254296,386724.000,59324,1,T1,1,100,28.712
1707823994.386251,386852.000,59343,1,T1,1,100,28.805
1707823994.518207,386980.000,59375,1,T1,1,100,28.774
1707823994.655317,387113.000,59391,1,T1,1,100,28.760
1707823994.789334,387243.000,59408,1,T1,1,100,28.754
1707823994.921290,387371.000,59425,1,T1,1,100,28.716
1707823995.054276,387500.000,59456,1,T1,1,100,28.771
1707823995.186231,387628.000,59476,1,T1,1,100,28.724
1707823995.321280,387759.000,59492,1,T1,1,100,28.632
1707823995.454266,387888.000,59517,1,T1,1,100,28.664
1707823995.587252,388017.000,59533,1,T1,1,100,28.748
1707823995.720239,388146.000,59550,1,T1,1,100,28.607
1707823995.853225,388275.000,59582,1,T1,1,100,28.688
1707823995.985181,388403.000,59598,1,T1,1,100,28.865
1707823996.118167,388532.000,59617,1,T1,1,100,28.764
1707823996.251153,388661.000,59634,1,T1,1,100,28.756
1707823996.382078,388788.000,59665,1,T1,1,100,28.824
1707823996.515064,388917.000,59683,1,T1,1,100,28.853
1707823996.648051,389046.000,59699,1,T1,1,100,28.830
1707823996.780006,389174.000,59716,1,T1,1,100,28.891
1707823996.914023,389304.000,59750,1,T1,1,100,28.776
1707823997.045979,389432.000,59766,1,T1,1,100,28.761
1707823997.177934,389560.000,59784,1,T1,1,100,28.897
1707823997.310921,389689.000,59815,1,T1,1,100,28.743
1707823997.443907,389818.000,59832,1,T1,1,100,28.782
1707823997.575863,389946.000,59849,1,T1,1,100,28.870
1707823997.706787,390073.000,59865,1,T1,1,100,28.838
1707823997.838743,390201.000,59899,1,T1,1,100,28.788
1707823997.971729,390330.000,59916,1,T1,1,100,28.766
1707823998.105746,390460.000,59932,1,T1,1,100,28.793
1707823998.241825,390592.000,59952,1,T1,1,100,28.697
1707823998.373781,390720.000,59983,1,T1,1,100,28.692
1707823998.504705,390847.000,60000,1,T1,1,100,28.796
1707823998.636661,390975.000,60019,1,T1,1,100,28.876
1707823998.769647,391104.000,60051,1,T1,1,100,28.840
1707823998.902634,391233.000,60067,1,T1,1,100,28.789
1707823999.035620,391362.000,60084,1,T1,1,100,28.767
1707823999.168606,391491.000,60101,1,T1,1,100,28.793
1707823999.303655,391622.000,60132,1,T1,1,100,28.875
1707823999.435610,391750.000,60151,1,T1,1,100,28.839
1707823999.568596,391879.000,60168,1,T1,1,100,28.860
1707823999.700552,392007.000,60185,1,T1,1,100,28.797
1707823999.835600,392138.000,60217,1,T1,1,100,28.700
1707823999.969617,392268.000,60233,1,T1,1,100,28.693
1707824000.102604,392397.000,60250,1,T1,1,100,28.796
1707824000.235590,392526.000,60284,1,T1,1,100,28.876
1707824000.367546,392654.000,60300,1,T1,1,100,28.876
1707824000.503625,392786.000,60318,1,T1,1,100,28.946
1707824000.635580,392914.000,60334,1,T1,1,100,28.977
1707824000.768567,393043.000,60353,1,T1,1,100,28.884
1707824000.901553,393172.000,60370,1,T1,1,100,28.843
1707824001.032477,393299.000,60403,1,T1,1,100,28.861
1707824001.167526,393430.000,60421,1,T1,1,100,28.869
1707824001.301543,393560.000,60437,1,T1,1,100,28.908
1707824001.433498,393688.000,60454,1,T1,1,100,28.854
1707824001.565969,393816.500,60486,2,T1,1,100,28.759
1707824001.698440,393945.000,60486,2,T1,1,100,28.790
1707824001.829365,394072.000,60521,1,T1,1,100,28.803
1707824001.962351,394201.000,60537,1,T1,1,100,28.879
1707824002.097399,394332.000,60554,1,T1,1,100,28.912
1707824002.231417,394462.000,60586,1,T1,1,100,28.856
1707824002.365434,394592.000,60602,1,T1,1,100,28.796
1707824002.495328,394718.000,60620,1,T1,1,100,28.805
1707824002.628314,394847.000,60640,1,T1,1,100,28.809
1707824002.764393,394979.000,60674,1,T1,1,100,28.847
1707824002.897380,395108.000,60691,1,T1,1,100,28.898
1707824003.029335,395236.000,60709,1,T1,1,100,28.885
1707824003.162321,395365.000,60743,1,T1,1,100,28.879
1707824003.296339,395495.000,60762,1,T1,1,100,28.806
1707824003.431387,395626.000,60780,1,T1,1,100,28.881
1707824003.565404,395756.000,60800,1,T1,1,100,28.807
1707824003.695298,395882.000,60833,1,T1,1,100,28.916
1707824003.828284,396011.000,60850,1,T1,1,100,28.964
1707824003.963332,396142.000,60869,1,T1,1,100,28.949
1707824004.097350,396272.000,60903,1,T1,1,100,28.907
1707824004.230336,396401.000,60919,1,T1,1,100,28.889
1707824004.361261,396528.000,60936,1,T1,1,100,28.881
1707824004.496309,396659.000,60953,1,T1,1,100,28.878
1707824004.630326,396789.000,60984,1,T1,1,100,28.876
1707824004.762282,396917.000,61001,1,T1,1,100,28.875
1707824004.895268,397046.000,61020,1,T1,1,100,28.840
1707824005.030316,397177.000,61037,1,T1,1,100,28.931
1707824005.163302,397306.000,61069,1,T1,1,100,28.899
1707824005.296289,397435.000,61085,1,T1,1,100,28.885
1707824005.429275,397564.000,61102,1,T1,1,100,28.950
1707824005.561231,397692.000,61134,1,T1,1,100,28.872
1707824005.695248,397822.000,61152,1,T1,1,100,28.945
1707824005.827203,397950.000,61170,1,T1,1,100,28.976
1707824005.959159,398078.000,61192,1,T1,1,100,28.954
1707824006.092145,398207.000,61209,1,T1,1,100,28.909
1707824006.225132,398336.000,61226,1,T1,1,100,28.890
1707824006.356056,398463.000,61242,1,T1,1,100,28.952
1707824006.489043,398592.000,61276,1,T1,1,100,28.908
1707824006.622029,398721.000,61293,1,T1,1,100,28.889
1707824006.753984,398849.000,61310,1,T1,1,100,28.917
1707824006.888002,398979.000,61327,1,T1,1,100,28.858
1707824007.017895,399105.000,61343,1,T1,1,100,28.867
1707824007.150882,399234.000,61361,1,T1,1,100,28.907
1707824007.285930,399365.000,61394,1,T1,1,100,28.889
1707824007.419947,399495.000,61410,1,T1,1,100,28.846
1707824007.552934,399624.000,61428,1,T1,1,100,28.898
1707824007.682827,399750.000,61459,1,T1,1,100,28.920
1707824007.815814,399879.000,61476,1,T1,1,100,28.824
1707824007.952924,400012.000,61493,1,T1,1,100,28.924
1707824008.086941,400142.000,61509,1,T1,1,100,28.896
1707824008.218896,400270.000,61545,1,T1,1,100,28.813
1707824008.350852,400398.000,61562,1,T1,1,100,28.919
1707824008.484869,400528.000,61579,1,T1,1,100,28.894
1707824008.619917,400659.000,61596,1,T1,1,100,28.990
1707824008.752904,400788.000,61628,1,T1,1,100,29.031
1707824008.883828,400915.000,61644,1,T1,1,100,28.978
1707824009.016815,401044.000,61661,1,T1,1,100,28.884
1707824009.151863,401175.000,61695,1,T1,1,100,29.021
1707824009.286911,401306.000,61711,1,T1,1,100,28.974
1707824009.418867,401434.000,61728,1,T1,1,100,28.989
1707824009.551853,401563.000,61745,1,T1,1,100,28.924
1707824009.682778,401690.000,61776,1,T1,1,100,28.967
1707824009.815764,401819.000,61794,1,T1,1,100,28.950
1707824009.948750,401948.000,61812,1,T1,1,100,28.943
1707824010.080706,402076.000,61844,1,T1,1,100,29.011
1707824010.214723,402206.000,61861,1,T1,1,100,28.934
1707824010.346678,402334.000,61877,1,T1,1,100,28.936
1707824010.478634,402462.000,61895,1,T1,1,100,28.972
1707824010.611620,402591.000,61926,1,T1,1,100,28.882
1707824010.744607,402720.000,61942,1,T1,1,100,28.913
1707824010.876562,402848.000,61962,1,T1,1,100,29.033
1707824011.007487,402975.000,61978,1,T1,1,100,28.944
1707824011.140473,403104.000,62012,2,T1,1,100,28.940
1707824011.273460,403233.000,62012,2,T1,1,100,29.045
1707824011.406446,403362.000,62028,1,T1,1,100,28.842
1707824011.539432,403491.000,62060,1,T1,1,100,28.896
1707824011.670357,403618.000,62079,1,T1,1,100,28.920
1707824011.803343,403747.000,62096,1,T1,1,100,28.965
1707824011.936330,403876.000,62113,1,T1,1,100,29.020
1707824012.068285,404004.000,62145,1,T1,1,100,29.080
1707824012.200241,404132.000,62161,1,T1,1,100,28.928
1707824012.333227,404261.000,62178,1,T1,1,100,28.933
1707824012.468275,404392.000,62195,1,T1,1,100,28.900
1707824012.603323,404523.000,62228,1,T1,1,100,28.921
1707824012.735279,404651.000,62245,1,T1,1,100,28.966
1707824012.867234,404779.000,62262,1,T1,1,100,29.021
1707824013.000221,404908.000,62293,1,T1,1,100,29.009
1707824013.135269,405039.000,62311,1,T1,1,100,29.004
1707824013.269286,405169.000,62329,1,T1,1,100,28.966
1707824013.402272,405298.000,62346,1,T1,1,100,28.950
1707824013.535259,405427.000,62380,1,T1,1,100,28.978
1707824013.667214,405555.000,62396,1,T1,1,100,28.991
1707824013.803293,405687.000,62414,1,T1,1,100,29.031
1707824013.935249,405815.000,62445,1,T1,1,100,29.120
1707824014.068235,405944.000,62462,1,T1,1,100,29.016
1707824014.201222,406073.000,62479,1,T1,1,100,28.972
1707824014.332146,406200.000,62495,1,T1,1,100,28.917
1707824014.467194,406331.000,62529,1,T1,1,100,28.929
1707824014.601212,406461.000,62546,1,T1,1,100,28.969
1707824014.733167,406589.000,62562,1,T1,1,100,28.987
1707824014.866154,406718.000,62580,1,T1,1,100,28.923
1707824014.999140,406847.000,62611,1,T1,1,100,28.967
1707824015.132126,406976.000,62628,1,T1,1,100,28.915
1707824015.265113,407105.000,62647,1,T1,1,100,28.963
1707824015.397068,407233.000,62679,1,T1,1,100,29.090
1707824015.529024,407361.000,62695,1,T1,1,100,28.968
1707824015.663041,407491.000,62712,1,T1,1,100,28.915
1707824015.794996,407619.000,62729,1,T1,1,100,28.892
1707824015.927983,407748.000,62760,1,T1,1,100,28.883
1707824016.060969,407877.000,62777,1,T1,1,100,28.914
1707824016.191894,408004.000,62796,1,T1,1,100,28.963
1707824016.324880,408133.000,62813,1,T1,1,100,28.948
1707824016.457351,408261.500,62850,2,T1,1,100,29.049
1707824016.589822,408390.000,62850,2,T1,1,100,28.986
1707824016.721777,408518.000,62866,1,T1,1,100,28.958
1707824016.855795,408648.000,62898,1,T1,1,100,28.982
1707824016.987750,408776.000,62915,1,T1,1,100,28.957
1707824017.120737,408905.000,62934,1,T1,1,100,29.052
1707824017.255785,409036.000,62951,1,T1,1,100,28.952
1707824017.389802,409166.000,62983,1,T1,1,100,29.050
1707824017.522788,409295.000,62999,1,T1,1,100,29.022
1707824017.652682,409421.000,63016,1,T1,1,100,29.009
1707824017.785668,409550.000,63048,1,T1,1,100,28.969
1707824017.919686,409680.000,63064,1,T1,1,100,29.057
1707824018.051641,409808.000,63083,1,T1,1,100,29.096
1707824018.184628,409937.000,63102,1,T1,1,100,29.041
1707824018.318645,410067.000,63134,2,T1,1,100,29.018
1707824018.452662,410197.000,63134,2,T1,1,100,28.901
1707824018.585649,410326.000,63151,1,T1,1,100,28.886
1707824018.718635,410455.000,63183,1,T1,1,100,28.880
1707824018.849559,410582.000,63199,1,T1,1,100,28.877
1707824018.986669,410715.000,63218,1,T1,1,100,28.947
1707824019.119656,410844.000,63235,1,T1,1,100,29.048
1707824019.251611,410972.000,63252,1,T1,1,100,28.985
1707824019.384598,411101.000,63284,1,T1,1,100,28.994
1707824019.518615,411231.000,63300,1,T1,1,100,28.962
1707824019.653663,411362.000,63317,1,T1,1,100,28.913
1707824019.786650,411491.000,63334,1,T1,1,100,28.962
1707824019.919636,411620.000,63367,1,T1,1,100,29.055
1707824020.050560,411747.000,63385,1,T1,1,100,28.953
1707824020.186640,411879.000,63401,1,T1,1,100,29.050
1707824020.320657,412009.000,63418,1,T1,1,100,29.093
1707824020.452612,412137.000,63435,1,T1,1,100,29.040
1707824020.585599,412266.000,63466,1,T1,1,100,28.982
1707824020.716523,412393.000,63483,1,T1,1,100,29.063
1707824020.849510,412522.000,63502,1,T1,1,100,28.992
1707824020.981465,412650.000,63519,1,T1,1,100,28.996
1707824021.114452,412779.000,63536,1,T1,1,100,29.069
1707824021.251562,412912.000,63567,1,T1,1,100,29.030
1707824021.385579,413042.000,63584,1,T1,1,100,29.013
1707824021.517534,413170.000,63601,1,T1,1,100,28.970
1707824021.649490,413298.000,63620,1,T1,1,100,28.952
1707824021.783507,413428.000,63642,1,T1,1,100,28.908
1707824021.918555,413559.000,63658,1,T1,1,100,29.031
1707824022.051542,413688.000,63676,1,T1,1,100,28.978
1707824022.182466,413815.000,63692,1,T1,1,100,28.990
1707824022.315453,413944.000,63709,1,T1,1,100,29.102
1707824022.450501,414075.000,63726,1,T1,1,100,29.080
1707824022.585549,414206.000,63745,1,T1,1,100,29.070
1707824022.717504,414334.000,63777,1,T1,1,100,28.924
1707824022.849460,414462.000,63793,1,T1,1,100,29.003
1707824022.982446,414591.000,63810,1,T1,1,100,29.037
1707824023.117494,414722.000,63828,1,T1,1,100,29.122
1707824023.249965,414850.500,63850,2,T1,1,100,29.124
1707824023.382436,414979.000,63850,2,T1,1,100,29.018
1707824023.516454,415109.000,63868,3,T1,1,100,29.079
1707824023.650471,415239.000,63868,3,T1,1,100,29.034
1707824023.784488,415369.000,63868,3,T1,1,100,28.908
1707824023.917474,415498.000,63884,1,T1,1,100,28.960
1707824024.048399,415625.000,63916,1,T1,1,100,29.054
1707824024.184478,415757.000,63935,1,T1,1,100,29.059
1707824024.316434,415885.000,63951,1,T1,1,100,29.132
1707824024.449420,416014.000,63969,1,T1,1,100,29.092
1707824024.582406,416143.000,64000,1,T1,1,100,28.934
1707824024.715393,416272.000,64016,1,T1,1,100,28.900
1707824024.851472,416404.000,64034,1,T1,1,100,28.957
1707824024.983427,416532.000,64050,1,T1,1,100,29.052
1707824025.116414,416661.000,64084,1,T1,1,100,29.058
1707824025.249400,416790.000,64101,1,T1,1,100,28.990
1707824025.381356,416918.000,64117,1,T1,1,100,29.031
1707824025.513311,417046.000,64149,1,T1,1,100,29.013
1707824025.647328,417176.000,64166,1,T1,1,100,29.006
1707824025.779284,417304.000,64183,1,T1,1,100,28.967
1707824025.912270,417433.000,64200,1,T1,1,100,28.986
1707824026.044226,417561.000,64234,1,T1,1,100,29.029
1707824026.176181,417689.000,64250,1,T1,1,100,29.119
1707824026.309167,417818.000,64267,1,T1,1,100,29.087
1707824026.444216,417949.000,64299,1,T1,1,100,29.109
1707824026.578233,418079.000,64315,1,T1,1,100,29.224
1707824026.710188,418207.000,64332,1,T1,1,100,29.203
1707824026.842144,418335.000,64349,1,T1,1,100,29.053
1707824026.977192,418466.000,64389,2,T1,1,100,29.094
1707824027.112240,418597.000,64389,2,T1,1,100,29.076
1707824027.244196,418725.000,64405,1,T1,1,100,29.104
1707824027.375120,418852.000,64422,1,T1,1,100,29.116
1707824027.508107,418981.000,64454,1,T1,1,100,29.050
1707824027.641093,419110.000,64470,1,T1,1,100,29.093
1707824027.776141,419241.000,64490,1,T1,1,100,29.111
1707824027.910159,419371.000,64506,1,T1,1,100,29.190
1707824028.041083,419498.000,64538,1,T1,1,100,29.153
1707824028.174069,419627.000,64557,1,T1,1,100,29.102
1707824028.308602,419757.500,64575,2,T1,1,100,29.079
1707824028.443135,419888.000,64575,2,T1,1,100,29.070
1707824028.575090,420016.000,64608,1,T1,1,100,29.137
1707824028.707046,420144.000,64625,1,T1,1,100,29.095
1707824028.839001,420272.000,64642,1,T1,1,100,29.076
1707824028.973019,420402.000,64658,1,T1,1,100,29.033
1707824029.104974,420530.000,64690,1,T1,1,100,29.085
1707824029.237961,420659.000,64707,1,T1,1,100,29.072
1707824029.370947,420788.000,64723,1,T1,1,100,29.031
1707824029.501871,420915.000,64743,1,T1,1,100,29.084
1707824029.634858,421044.000,64774,1,T1,1,100,29.001
1707824029.767844,421173.000,64791,1,T1,1,100,29.036
1707824029.899800,421301.000,64808,1,T1,1,100,28.980
1707824030.031755,421429.000,64824,1,T1,1,100,29.062
1707824030.165772,421559.000,64856,1,T1,1,100,29.027
1707824030.297728,421687.000,64873,1,T1,1,100,29.118
1707824030.430714,421816.000,64892,1,T1,1,100,29.157
1707824030.563701,421945.000,64909,1,T1,1,100,29.174
1707824030.694625,422072.000,64941,1,T1,1,100,29.146
1707824030.827612,422201.000,64957,1,T1,1,100,29.099
1707824030.959567,422329.000,64974,1,T1,1,100,29.043
1707824031.091523,422457.000,64991,1,T1,1,100,29.018
1707824031.225540,422587.000,65024,1,T1,1,100,29.008
1707824031.357495,422715.000,65041,1,T1,1,100,28.968
1707824031.489451,422843.000,65058,1,T1,1,100,29.093
1707824031.625530,422975.000,65075,1,T1,1,100,29.075
1707824031.758516,423104.000,65090,1,T1,1,100,29.033
1707824031.890472,423232.000,65123,1,T1,1,100,29.085
1707824032.022427,423360.000,65140,1,T1,1,100,29.143
1707824032.155414,423489.000,65159,1,T1,1,100,29.133
1707824032.290462,423620.000,65197,2,T1,1,100,29.199
1707824032.425510,423751.000,65197,2,T1,1,100,29.157
1707824032.557465,423879.000,65213,1,T1,1,100,29.174
1707824032.690452,424008.000,65245,1,T1,1,100,29.146
1707824032.824469,424138.000,65262,1,T1,1,100,29.099
1707824032.959517,424269.000,65280,1,T1,1,100,29.043
1707824033.092504,424398.000,65314,1,T1,1,100,29.089
1707824033.225490,424527.000,65331,1,T1,1,100,29.039
1707824033.356415,424654.000,65347,1,T1,1,100,29.017
1707824033.492494,424786.000,65365,1,T1,1,100,29.114
1707824033.626511,424916.000,65396,1,T1,1,100,29.156
1707824033.758466,425044.000,65413,1,T1,1,100,29.067
1707824033.891453,425173.000,65432,1,T1,1,100,29.029
1707824034.022377,425300.000,65464,1,T1,1,100,29.084
1707824034.158457,425432.000,65480,1,T1,1,100,29.107
1707824034.290412,425560.000,65497,1,T1,1,100,29.117
1707824034.422367,425688.000,65514,1,T1,1,100,29.051
1707824034.556385,425818.000,9,1,T1,1,100,29.057
1707824034.688340,425946.000,28,1,T1,1,100,29.025
1707824034.820296,426074.000,45,1,T1,1,100,29.011
1707824034.953282,426203.000,62,1,T1,1,100,29.111
1707824035.086268,426332.000,94,1,T1,1,100,29.154
1707824035.217193,426459.000,110,1,T1,1,100,29.067
1707824035.350179,426588.000,127,1,T1,1,100,29.029
1707824035.483166,426717.000,161,1,T1,1,100,28.942
1707824035.616152,426846.000,177,1,T1,1,100,29.046
1707824035.749139,426975.000,195,1,T1,1,100,29.020
1707824035.881094,427103.000,211,1,T1,1,100,28.973
1707824036.013050,427231.000,243,1,T1,1,100,29.095
1707824036.146036,427360.000,260,1,T1,1,100,29.076
1707824036.279022,427489.000,276,1,T1,1,100,29.104
1707824036.414070,427620.000,293,1,T1,1,100,29.116
1707824036.548088,427750.000,327,1,T1,1,100,29.121
1707824036.680043,427878.000,343,1,T1,1,100,29.123
1707824036.811999,428006.000,361,1,T1,1,100,29.160
1707824036.946016,428136.000,392,1,T1,1,100,29.140
1707824037.079002,428265.000,409,1,T1,1,100,29.132
1707824037.211989,428394.000,428,1,T1,1,100,29.163
1707824037.342913,428521.000,444,1,T1,1,100,29.177
1707824037.478992,428653.000,476,1,T1,1,100,29.077
1707824037.610948,428781.000,498,1,T1,1,100,29.069
1707824037.743934,428910.000,515,1,T1,1,100,29.101
1707824037.876921,429039.000,532,1,T1,1,100,29.150
1707824038.009907,429168.000,566,1,T1,1,100,29.100
1707824038.145986,429300.000,584,1,T1,1,100,29.221
1707824038.277942,429428.000,601,1,T1,1,100,29.166
1707824038.410928,429557.000,633,1,T1,1,100,29.143
1707824038.542883,429685.000,649,1,T1,1,100,29.168
1707824038.676901,429815.000,666,1,T1,1,100,29.215
1707824038.810918,429945.000,683,1,T1,1,100,29.235
1707824038.944935,430075.000,716,1,T1,1,100,29.208
1707824039.076891,430203.000,734,1,T1,1,100,29.232
1707824039.208846,430331.000,750,1,T1,1,100,29.207
1707824039.343894,430462.000,782,1,T1,1,100,29.125
1707824039.476881,430591.000,799,1,T1,1,100,29.089
1707824039.609867,430720.000,815,1,T1,1,100,29.145
1707824039.741823,430848.000,835,1,T1,1,100,29.134
1707824039.873778,430976.000,866,1,T1,1,100,29.200
1707824040.006764,431105.000,882,1,T1,1,100,29.157
1707824040.138720,431233.000,900,1,T1,1,100,29.139
1707824040.272737,431363.000,916,1,T1,1,100,29.237
1707824040.408816,431495.000,948,1,T1,1,100,29.174
1707824040.540772,431623.000,967,1,T1,1,100,29.182
1707824040.671696,431750.000,983,1,T1,1,100,29.114
1707824040.804683,431879.000,1015,1,T1,1,100,29.120
1707824040.937669,432008.000,1032,1,T1,1,100,29.052
1707824041.072717,432139.000,1049,1,T1,1,100,29.023
1707824041.206735,432269.000,1066,1,T1,1,100,28.974
1707824041.337659,432396.000,1100,1,T1,1,100,29.095
1707824041.470646,432525.000,1116,1,T1,1,100,29.183
1707824041.606725,432657.000,1133,1,T1,1,100,29.150
1707824041.739711,432786.000,1150,1,T1,1,100,29.136
1707824041.871666,432914.000,1181,1,T1,1,100,29.130
1707824042.003622,433042.000,1198,1,T1,1,100,28.985
1707824042.136608,433171.000,1215,1,T1,1,100,29.065
1707824042.273718,433304.000,1234,1,T1,1,100,29.063
1707824042.406705,433433.000,1266,1,T1,1,100,29.098
1707824042.537629,433560.000,1282,1,T1,1,100,29.149
1707824042.672677,433691.000,1299,1,T1,1,100,29.100
1707824042.805664,433820.000,1336,1,T1,1,100,29.079
1707824042.938650,433949.000,1354,1,T1,1,100,29.105
1707824043.071637,434078.000,1372,1,T1,1,100,29.152
1707824043.204623,434207.000,1390,1,T1,1,100,29.137
1707824043.339671,434338.000,1407,1,T1,1,100,29.165
1707824043.473688,434468.000,1439,1,T1,1,100,29.107
1707824043.605644,434596.000,1455,1,T1,1,100,29.117
1707824043.738630,434725.000,1473,1,T1,1,100,29.157
1707824043.870586,434853.000,1489,1,T1,1,100,29.174
1707824044.001510,434980.000,1523,1,T1,1,100,29.182
1707824044.134497,435109.000,1540,1,T1,1,100,29.185
1707824044.266452,435237.000,1556,1,T1,1,100,29.116
1707824044.398408,435365.000,1588,1,T1,1,100,29.156
1707824044.532425,435495.000,1605,1,T1,1,100,29.174
1707824044.664380,435623.000,1621,1,T1,1,100,29.288
1707824044.796336,435751.000,1641,1,T1,1,100,29.302
1707824044.929322,435880.000,1672,1,T1,1,100,29.237
1707824045.062309,436009.000,1689,1,T1,1,100,29.209
1707824045.193233,436136.000,1706,1,T1,1,100,29.303
1707824045.326220,436265.000,1722,1,T1,1,100,29.167
1707824045.459206,436394.000,1756,1,T1,1,100,29.143
1707824045.596316,436527.000,1773,1,T1,1,100,29.168
1707824045.729302,436656.000,1790,1,T1,1,100,29.144
1707824045.860227,436783.000,1821,1,T1,1,100,29.169
1707824045.992182,436911.000,1838,1,T1,1,100,29.037
1707824046.127231,437042.000,1855,1,T1,1,100,29.087
1707824046.262279,437173.000,1872,1,T1,1,100,29.073
1707824046.395265,437302.000,1906,1,T1,1,100,29.032
1707824046.527221,437430.000,1922,1,T1,1,100,29.014
1707824046.659176,437558.000,1939,1,T1,1,100,29.006
1707824046.796286,437691.000,1956,1,T1,1,100,29.109
1707824046.930303,437821.000,1987,1,T1,1,100,29.083
1707824047.062259,437949.000,2005,1,T1,1,100,29.142
1707824047.193183,438076.000,2023,1,T1,1,100,29.168
1707824047.326170,438205.000,2055,1,T1,1,100,29.144
1707824047.462249,438337.000,2072,1,T1,1,100,28.991
1707824047.594204,438465.000,2088,1,T1,1,100,29.067
1707824047.727191,438594.000,2106,1,T1,1,100,29.100
1707824047.860177,438723.000,2139,1,T1,1,100,29.114
1707824047.993163,438852.000,2155,1,T1,1,100,29.191
1707824048.126150,438981.000,2180,1,T1,1,100,29.295
1707824048.259136,439110.000,2197,1,T1,1,100,29.128
1707824048.392123,439239.000,2214,1,T1,1,100,29.091
1707824048.523047,439366.000,2231,1,T1,1,100,29.110
1707824048.656034,439495.000,2265,1,T1,1,100,29.048
1707824048.789020,439624.000,2281,1,T1,1,100,29.162
1707824048.922006,439753.000,2298,1,T1,1,100,29.070
1707824049.054993,439882.000,2330,1,T1,1,100,29.137
1707824049.186948,440010.000,2346,1,T1,1,100,29.166
1707824049.318904,440138.000,2365,1,T1,1,100,29.178
1707824049.451890,440267.000,2382,1,T1,1,100,29.183
1707824049.584876,440396.000,2413,1,T1,1,100,29.150
1707824049.716832,440524.000,2431,1,T1,1,100,29.278
1707824049.848787,440652.000,2447,1,T1,1,100,29.227
1707824049.981774,440781.000,2464,1,T1,1,100,29.240
1707824050.114760,440910.000,2498,1,T1,1,100,29.281
1707824050.247746,441039.000,2514,1,T1,1,100,29.193
1707824050.380733,441168.000,2532,1,T1,1,100,29.190
1707824050.511657,441295.000,2563,1,T1,1,100,29.259
1707824050.644644,441424.000,2580,1,T1,1,100,29.148
1707824050.777630,441553.000,2597,1,T1,1,100,29.241
1707824050.908555,441680.000,2613,1,T1,1,100,29.211
1707824051.040510,441808.000,2647,1,T1,1,100,29.127
1707824051.173497,441937.000,2664,1,T1,1,100,29.161
1707824051.306483,442066.000,2680,1,T1,1,100,29.141
1707824051.442562,442198.000,2698,1,T1,1,100,29.132
1707824051.574518,442326.000,2729,1,T1,1,100,29.163
1707824051.707504,442455.000,2746,1,T1,1,100,29.177
1707824051.839459,442583.000,2763,1,T1,1,100,29.254
1707824051.973477,442713.000,2797,1,T1,1,100,29.252
1707824052.107494,442843.000,2813,1,T1,1,100,29.144
1707824052.241511,442973.000,2830,1,T1,1,100,29.133
1707824052.373467,443101.000,2847,1,T1,1,100,29.058
1707824052.505422,443229.000,2878,1,T1,1,100,29.167
1707824052.640470,443360.000,2895,1,T1,1,100,29.320
1707824052.773457,443489.000,2912,1,T1,1,100,29.316
1707824052.906443,443618.000,2931,1,T1,1,100,29.243
1707824053.039430,443747.000,2950,1,T1,1,100,29.247
1707824053.172416,443876.000,2967,1,T1,1,100,29.178
1707824053.307464,444007.000,2983,1,T1,1,100,29.148
1707824053.441481,444137.000,3004,1,T1,1,100,29.135
1707824053.573437,444265.000,3020,1,T1,1,100,29.200
1707824053.706423,444394.000,3040,1,T1,1,100,29.158
1707824053.837348,444521.000,3056,1,T1,1,100,29.245
1707824053.970334,444650.000,3073,1,T1,1,100,29.071
1707824054.103321,444779.000,3090,1,T1,1,100,29.031
1707824054.234245,444906.000,3107,1,T1,1,100,29.049
1707824054.366201,445034.000,3139,1,T1,1,100,29.021
1707824054.500218,445164.000,3157,1,T1,1,100,29.151
1707824054.632173,445292.000,3174,1,T1,1,100,29.172
1707824054.765160,445421.000,3191,1,T1,1,100,29.003
1707824054.900208,445552.000,3222,1,T1,1,100,29.072
1707824055.033194,445681.000,3240,1,T1,1,100,29.031
1707824055.165150,445809.000,3256,1,T1,1,100,29.226
1707824055.297105,445937.000,3273,1,T1,1,100,29.169
1707824055.430092,446066.000,3292,1,T1,1,100,29.215
1707824055.567202,446199.000,3323,1,T1,1,100,29.199
1707824055.700188,446328.000,3341,1,T1,1,100,29.193
1707824055.831113,446455.000,3357,1,T1,1,100,29.225
1707824055.963068,446583.000,3374,1,T1,1,100,29.239
1707824056.098116,446714.000,3391,1,T1,1,100,29.210
1707824056.233164,446845.000,3424,1,T1,1,100,29.091
1707824056.366151,446974.000,3442,1,T1,1,100,29.146
1707824056.499137,447103.000,3458,1,T1,1,100,29.063
1707824056.634185,447234.000,3475,1,T1,1,100,29.027
1707824056.768203,447364.000,3492,1,T1,1,100,29.189
1707824056.900158,447492.000,3523,1,T1,1,100,29.082
1707824057.033144,447621.000,3543,1,T1,1,100,29.142
1707824057.166131,447750.000,3559,1,T1,1,100,29.061
1707824057.300148,447880.000,3576,1,T1,1,100,29.204
1707824057.433135,448009.000,3608,1,T1,1,100,29.301
1707824057.565090,448137.000,3624,1,T1,1,100,29.201
1707824057.699623,448267.500,3644,2,T1,1,100,29.229
1707824057.834155,448398.000,3644,2,T1,1,100,29.099
1707824057.967142,448527.000,3662,2,T1,1,100,29.114
1707824058.100128,448656.000,3662,2,T1,1,100,29.085
1707824058.232599,448784.500,3682,2,T1,1,100,29.143
1707824058.365070,448913.000,3682,2,T1,1,100,29.239
1707824058.500118,449044.000,3698,1,T1,1,100,29.281
1707824058.633105,449173.000,3725,2,T1,1,100,29.192
1707824058.766091,449302.000,3725,2,T1,1,100,29.261
1707824058.899077,449431.000,3756,1,T1,1,100,29.184
1707824059.032064,449560.000,3773,1,T1,1,100,29.186
1707824059.164019,449688.000,3790,1,T1,1,100,29.329
1707824059.295975,449816.000,3806,1,T1,1,100,29.249
1707824059.431023,449947.000,3838,1,T1,1,100,29.214
1707824059.566071,450078.000,3857,1,T1,1,100,29.199
1707824059.699057,450207.000,3874,1,T1,1,100,29.086
1707824059.831013,450335.000,3905,1,T1,1,100,29.108
1707824059.962968,450463.000,3922,1,T1,1,100,29.118
1707824060.100078,450596.000,3939,1,T1,1,100,29.193
1707824060.234096,450726.000,3956,1,T1,1,100,29.154
1707824060.366051,450854.000,3988,1,T1,1,100,29.209
1707824060.496976,450981.000,4006,1,T1,1,100,29.268
1707824060.629962,451110.000,4023,1,T1,1,100,29.187
1707824060.766041,451242.000,4055,1,T1,1,100,29.223
1707824060.897997,451370.000,4071,1,T1,1,100,29.238
1707824061.029952,451498.000,4089,1,T1,1,100,29.209
1707824061.162939,451627.000,4105,1,T1,1,100,29.232
1707824061.296956,451757.000,4139,1,T1,1,100,29.349
1707824061.433035,451889.000,4156,1,T1,1,100,29.328
1707824061.564990,452017.000,4172,1,T1,1,100,29.248
1707824061.695915,452144.000,4189,1,T1,1,100,29.320
1707824061.828901,452273.000,4221,1,T1,1,100,29.280
1707824061.963950,452404.000,4237,1,T1,1,100,29.299
1707824062.097967,452534.000,4255,1,T1,1,100,29.342
1707824062.230953,452663.000,4288,1,T1,1,100,29.325
1707824062.363940,452792.000,4305,1,T1,1,100,29.212
1707824062.495895,452920.000,4322,1,T1,1,100,29.269
1707824062.627851,453048.000,4338,1,T1,1,100,29.294
1707824062.760837,453177.000,4370,1,T1,1,100,29.233
1707824062.893823,453306.000,4387,1,T1,1,100,29.349
1707824063.025779,453434.000,4406,1,T1,1,100,29.293
1707824063.157734,453562.000,4425,1,T1,1,100,29.233
1707824063.290721,453691.000,4457,1,T1,1,100,29.243
1707824063.423707,453820.000,4473,1,T1,1,100,29.176
1707824063.556693,453949.000,4490,1,T1,1,100,29.182
1707824063.689680,454078.000,4507,1,T1,1,100,29.221
1707824063.820604,454205.000,4524,1,T1,1,100,29.202
1707824063.953591,454334.000,4563,1,T1,1,100,29.194
1707824064.086577,454463.000,4579,1,T1,1,100,29.190
1707824064.217502,454590.000,4596,1,T1,1,100,29.153
1707824064.349457,454718.000,4612,1,T1,1,100,29.102
1707824064.483474,454848.000,4644,1,T1,1,100,29.150
1707824064.615430,454976.000,4661,1,T1,1,100,29.136
1707824064.748416,455105.000,4680,1,T1,1,100,29.201
1707824064.880372,455233.000,4711,1,T1,1,100,29.158
1707824065.011296,455360.000,4729,1,T1,1,100,29.281
1707824065.144283,455489.000,4745,1,T1,1,100,29.228
1707824065.279331,455620.000,4762,1,T1,1,100,29.276
1707824065.413348,455750.000,4779,1,T1,1,100,29.226
1707824065.547365,455880.000,4796,1,T1,1,100,29.204
1707824065.677259,456006.000,4830,1,T1,1,100,29.230
1707824065.810245,456135.000,4846,1,T1,1,100,29.312
1707824065.946325,456267.000,4863,1,T1,1,100,29.312
1707824066.079311,456396.000,4880,1,T1,1,100,29.206
1707824066.212297,456525.000,4911,1,T1,1,100,29.231
1707824066.345284,456654.000,4929,1,T1,1,100,29.206
1707824066.478270,456783.000,4945,1,T1,1,100,29.125
1707824066.613318,456914.000,4979,1,T1,1,100,29.160
1707824066.747336,457044.000,4996,1,T1,1,100,29.247
1707824066.879291,457172.000,5012,1,T1,1,100,29.178
1707824067.012277,457301.000,5030,1,T1,1,100,29.325
1707824067.145264,457430.000,5061,1,T1,1,100,29.353
1707824067.279281,457560.000,5078,1,T1,1,100,29.259
1707824067.412267,457689.000,5097,1,T1,1,100,29.325
1707824067.544223,457817.000,5113,1,T1,1,100,29.318
1707824067.675147,457944.000,5145,1,T1,1,100,29.315
1707824067.809165,458074.000,5162,1,T1,1,100,29.314
1707824067.941120,458202.000,5178,1,T1,1,100,29.348
1707824068.074107,458331.000,5198,1,T1,1,100,29.293
1707824068.207093,458460.000,5231,1,T1,1,100,29.233
1707824068.338018,458587.000,5248,1,T1,1,100,29.243
1707824068.471004,458716.000,5265,1,T1,1,100,29.211
1707824068.603990,458845.000,5281,1,T1,1,100,29.198
1707824068.735946,458973.000,5313,1,T1,1,100,29.298
1707824068.869963,459103.000,5330,1,T1,1,100,29.235
1707824069.001919,459231.000,5347,1,T1,1,100,29.315
1707824069.133874,459359.000,5380,1,T1,1,100,29.349
1707824069.266860,459488.000,5403,1,T1,1,100,29.328
1707824069.399847,459617.000,5419,1,T1,1,100,29.248
1707824069.532833,459746.000,5436,1,T1,1,100,29.249
1707824069.665820,459875.000,5453,1,T1,1,100,29.285
1707824069.797775,460003.000,5470,1,T1,1,100,29.265
1707824069.929730,460131.000,5504,1,T1,1,100,29.292
1707824070.066840,460264.000,5520,1,T1,1,100,29.339
1707824070.200858,460394.000,5537,1,T1,1,100,29.253
1707824070.332813,460522.000,5553,1,T1,1,100,29.287
1707824070.464769,460650.000,5585,1,T1,1,100,29.337
1707824070.598786,460780.000,5602,1,T1,1,100,29.323
1707824070.731772,460909.000,5621,1,T1,1,100,29.317
1707824070.863728,461037.000,5652,1,T1,1,100,29.314
1707824070.995683,461165.000,5670,1,T1,1,100,29.313
1707824071.132793,461298.000,5686,1,T1,1,100,29.277
1707824071.266811,461428.000,5703,1,T1,1,100,29.155
1707824071.398766,461556.000,5735,1,T1,1,100,29.245
1707824071.531752,461685.000,5753,1,T1,1,100,29.283
1707824071.663708,461813.000,5771,1,T1,1,100,29.300
1707824071.798756,461944.000,5802,1,T1,1,100,29.378
1707824071.931742,462073.000,5819,1,T1,1,100,29.376
1707824072.064729,462202.000,5836,1,T1,1,100,29.376
1707824072.197715,462331.000,5852,1,T1,1,100,29.340
1707824072.330702,462460.000,5886,1,T1,1,100,29.324
1707824072.465750,462591.000,5903,1,T1,1,100,29.389
1707824072.597705,462719.000,5919,1,T1,1,100,29.381
1707824072.730692,462848.000,5937,1,T1,1,100,29.484
1707824072.862647,462976.000,5968,1,T1,1,100,29.422
1707824072.997695,463107.000,5985,1,T1,1,100,29.289
1707824073.131713,463237.000,6004,1,T1,1,100,29.302
1707824073.263668,463365.000,6038,1,T1,1,100,29.237
1707824073.400778,463498.000,6054,1,T1,1,100,29.280
1707824073.534795,463628.000,6071,1,T1,1,100,29.298
1707824073.666751,463756.000,6087,1,T1,1,100,29.377
1707824073.797675,463883.000,6119,1,T1,1,100,29.376
1707824073.930662,464012.000,6138,1,T1,1,100,29.340
1707824074.066741,464144.000,6155,1,T1,1,100,29.324
1707824074.198696,464272.000,6186,1,T1,1,100,29.318
1707824074.330652,464400.000,6204,1,T1,1,100,29.315
1707824074.463638,464529.000,6220,1,T1,1,100,29.349
1707824074.597655,464659.000,6242,1,T1,1,100,29.328
1707824074.733735,464791.000,6259,1,T1,1,100,29.284
1707824074.865690,464919.000,6292,1,T1,1,100,29.300
1707824074.996615,465046.000,6310,1,T1,1,100,29.378
1707824075.129601,465175.000,6326,1,T1,1,100,29.234
1707824075.264649,465306.000,6343,1,T1,1,100,29.208
1707824075.398666,465436.000,6375,1,T1,1,100,29.267
1707824075.532684,465566.000,6391,1,T1,1,100,29.293
1707824075.662577,465692.000,6409,1,T1,1,100,29.304
1707824075.795564,465821.000,6442,1,T1,1,100,29.309
1707824075.931643,465953.000,6458,1,T1,1,100,29.240
1707824076.064629,466082.000,6476,1,T1,1,100,29.175
1707824076.196585,466210.000,6492,1,T1,1,100,29.288
1707824076.331633,466341.000,6524,1,T1,1,100,29.231
1707824076.465650,466471.000,6541,1,T1,1,100,29.313
1707824076.598637,466600.000,6559,1,T1,1,100,29.384
1707824076.731623,466729.000,6591,1,T1,1,100,29.343
1707824076.863578,466857.000,6608,1,T1,1,100,29.361
1707824076.996565,466986.000,6625,1,T1,1,100,29.405
1707824077.127489,467113.000,6642,1,T1,1,100,29.352
1707824077.260476,467242.000,6674,1,T1,1,100,29.401
1707824077.393462,467371.000,6692,1,T1,1,100,29.386
1707824077.524387,467498.000,6709,1,T1,1,100,29.380
1707824077.656342,467626.000,6726,1,T1,1,100,29.413
1707824077.790359,467756.000,6757,1,T1,1,100,29.391
1707824077.922315,467884.000,6774,1,T1,1,100,29.382
1707824078.055301,468013.000,6793,1,T1,1,100,29.307
1707824078.188288,468142.000,6810,1,T1,1,100,29.381
1707824078.319212,468269.000,6844,1,T1,1,100,29.449
1707824078.452199,468398.000,6860,1,T1,1,100,29.371
1707824078.585185,468527.000,6877,1,T1,1,100,29.373
1707824078.717140,468655.000,6909,1,T1,1,100,29.410
1707824078.851158,468785.000,6925,1,T1,1,100,29.390
1707824078.981051,468911.000,6943,1,T1,1,100,29.382
1707824079.114038,469040.000,6959,1,T1,1,100,29.378
1707824079.250117,469172.000,6993,1,T1,1,100,29.412
1707824079.383103,469301.000,7010,1,T1,1,100,29.355
1707824079.515059,469429.000,7026,1,T1,1,100,29.437
1707824079.648045,469558.000,7058,1,T1,1,100,29.437
1707824079.782062,469688.000,7080,1,T1,1,100,29.402
1707824079.917111,469819.000,7096,1,T1,1,100,29.316
1707824080.051128,469949.000,7114,1,T1,1,100,29.243
1707824080.181022,470075.000,7132,1,T1,1,100,29.247
1707824080.314008,470204.000,7164,1,T1,1,100,29.355
1707824080.449056,470335.000,7181,1,T1,1,100,29.331
1707824080.583073,470465.000,7197,1,T1,1,100,29.320
1707824080.716060,470594.000,7229,1,T1,1,100,29.316
1707824080.848015,470722.000,7246,1,T1,1,100,29.208
1707824080.979971,470850.000,7265,1,T1,1,100,29.196
1707824081.117081,470983.000,7282,1,T1,1,100,29.333
1707824081.251098,471113.000,7314,1,T1,1,100,29.286
1707824081.383053,471241.000,7330,1,T1,1,100,29.230
1707824081.516040,471370.000,7347,1,T1,1,100,29.206
1707824081.646964,471497.000,7363,1,T1,1,100,29.231
1707824081.779951,471626.000,7395,1,T1,1,100,29.100
1707824081.912937,471755.000,7414,1,T1,1,100,29.114
1707824082.044893,471883.000,7431,1,T1,1,100,29.298
1707824082.178910,472013.000,7462,1,T1,1,100,29.306
1707824082.310865,472141.000,7480,1,T1,1,100,29.310
1707824082.442821,472269.000,7496,1,T1,1,100,29.418
1707824082.575807,472398.000,7513,1,T1,1,100,29.358
1707824082.708794,472527.000,7545,1,T1,1,100,29.297
1707824082.839718,472654.000,7563,1,T1,1,100,29.306
1707824082.972705,472783.000,7581,1,T1,1,100,29.345
1707824083.105691,472912.000,7599,1,T1,1,100,29.397
1707824083.237646,473040.000,7631,1,T1,1,100,29.385
1707824083.371664,473170.000,7648,1,T1,1,100,29.379
1707824083.503619,473298.000,7664,1,T1,1,100,29.377
1707824083.635575,473426.000,7682,1,T1,1,100,29.376
1707824083.768561,473555.000,7715,1,T1,1,100,29.340
1707824083.901547,473684.000,7731,1,T1,1,100,29.395
1707824084.033503,473812.000,7749,1,T1,1,100,29.384
1707824084.164427,473939.000,7765,1,T1,1,100,29.379
1707824084.296383,474067.000,7797,1,T1,1,100,29.341
1707824084.429369,474196.000,7816,1,T1,1,100,29.289
1707824084.562356,474325.000,7832,1,T1,1,100,29.303
1707824084.694311,474453.000,7850,1,T1,1,100,29.308
1707824084.827298,474582.000,7881,1,T1,1,100,29.275
1707824084.959253,474710.000,7898,1,T1,1,100,29.332
1707824085.094301,474841.000,7920,1,T1,1,100,29.321
1707824085.227288,474970.000,7936,1,T1,1,100,29.387
1707824085.360274,475099.000,7970,1,T1,1,100,29.451
1707824085.493260,475228.000,7987,1,T1,1,100,29.337
1707824085.626247,475357.000,8004,1,T1,1,100,29.323
1707824085.761295,475488.000,8035,1,T1,1,100,29.388
1707824085.893250,475616.000,8052,1,T1,1,100,29.381
1707824086.026237,475745.000,8069,1,T1,1,100,29.448
1707824086.158192,475873.000,8086,1,T1,1,100,29.407
1707824086.293240,476004.000,8120,1,T1,1,100,29.318
1707824086.427258,476134.000,8136,1,T1,1,100,29.244
1707824086.560244,476263.000,8153,1,T1,1,100,29.283
1707824086.693230,476392.000,8185,1,T1,1,100,29.264
1707824086.825186,476520.000,8201,1,T1,1,100,29.292
1707824086.961265,476652.000,8219,1,T1,1,100,29.410
1707824087.093221,476780.000,8237,1,T1,1,100,29.355
1707824087.226207,476909.000,8269,1,T1,1,100,29.366
1707824087.358162,477037.000,8286,1,T1,1,100,29.478
1707824087.489087,477164.000,8302,1,T1,1,100,29.419
1707824087.622073,477293.000,8320,1,T1,1,100,29.359
1707824087.755060,477422.000,8351,1,T1,1,100,29.368
1707824087.889077,477552.000,8369,1,T1,1,100,29.372
1707824088.025156,477684.000,8389,1,T1,1,100,29.445
1707824088.157112,477812.000,8405,1,T1,1,100,29.405
1707824088.288036,477939.000,8423,1,T1,1,100,29.388
1707824088.421022,478068.000,8454,1,T1,1,100,29.381
1707824088.556071,478199.000,8470,1,T1,1,100,29.307
1707824088.690088,478329.000,8490,1,T1,1,100,29.345
1707824088.824105,478459.000,8506,1,T1,1,100,29.362
1707824088.953999,478585.000,8524,1,T1,1,100,29.334
1707824089.086985,478714.000,8540,1,T1,1,100,29.357
1707824089.223064,478846.000,8572,1,T1,1,100,29.332
1707824089.356051,478975.000,8589,1,T1,1,100,29.321
1707824089.488006,479103.000,8605,1,T1,1,100,29.352
1707824089.620993,479232.000,8623,1,T1,1,100,29.365
1707824089.755010,479362.000,8641,1,T1,1,100,29.406
1707824089.890058,479493.000,8673,1,T1,1,100,29.424
1707824090.024075,479623.000,8690,1,T1,1,100,29.396
1707824090.153969,479749.000,8706,1,T1,1,100,29.420
1707824090.287986,479879.000,8724,1,T1,1,100,29.430
1707824090.419942,480007.000,8743,1,T1,1,100,29.399
1707824090.552928,480136.000,8762,1,T1,1,100,29.279
1707824090.685915,480265.000,8779,1,T1,1,100,29.369
1707824090.816839,480392.000,8796,1,T1,1,100,29.266
1707824090.951887,480523.000,8812,1,T1,1,100,29.363
1707824091.085905,480653.000,8844,1,T1,1,100,29.405
1707824091.217860,480781.000,8861,1,T1,1,100,29.459
1707824091.350846,480910.000,8878,1,T1,1,100,29.447
1707824091.483833,481039.000,8897,1,T1,1,100,29.442
1707824091.614757,481166.000,8913,1,T1,1,100,29.439
1707824091.747744,481295.000,8945,1,T1,1,100,29.296
1707824091.880730,481424.000,8962,1,T1,1,100,29.447
1707824092.012686,481552.000,8979,1,T1,1,100,29.371
1707824092.146703,481682.000,8996,1,T1,1,100,29.338
1707824092.278658,481810.000,9013,1,T1,1,100,29.323
1707824092.410614,481938.000,9032,1,T1,1,100,29.317
1707824092.543600,482067.000,9064,1,T1,1,100,29.315
1707824092.676587,482196.000,9080,1,T1,1,100,29.349
1707824092.808542,482324.000,9097,2,T1,1,100,29.364
1707824092.940498,482452.000,9097,2,T1,1,100,29.228
1707824093.073484,482581.000,9117,1,T1,1,100,29.241
1707824093.207501,482711.000,9137,2,T1,1,100,29.281
1707824093.341518,482841.000,9137,2,T1,1,100,29.264
1707824093.471412,482967.000,9153,1,T1,1,100,29.362
1707824093.604399,483096.000,9171,1,T1,1,100,29.299
1707824093.739447,483227.000,9187,1,T1,1,100,29.271
1707824093.873464,483357.000,9219,1,T1,1,100,29.365
1707824094.006450,483486.000,9236,1,T1,1,100,29.406
1707824094.136344,483612.000,9254,1,T1,1,100,29.353
1707824094.269330,483741.000,9272,1,T1,1,100,29.366
1707824094.406440,483874.000,9303,1,T1,1,100,29.442
1707824094.540458,484004.000,9319,1,T1,1,100,29.475
1707824094.672413,484132.000,9337,1,T1,1,100,29.383
1707824094.804369,484260.000,9353,1,T1,1,100,29.449
1707824094.936324,484388.000,9387,1,T1,1,100,29.407
1707824095.071372,484519.000,9404,1,T1,1,100,29.389
1707824095.204359,484648.000,9420,1,T1,1,100,29.310
1707824095.337345,484777.000,9452,1,T1,1,100,29.382
1707824095.470331,484906.000,9469,1,T1,1,100,29.343
1707824095.604349,485036.000,9494,2,T1,1,100,29.361
1707824095.738366,485166.000,9494,2,T1,1,100,29.404
1707824095.870321,485294.000,9510,1,T1,1,100,29.423
1707824096.003308,485423.000,9528,1,T1,1,100,29.396
1707824096.134232,485550.000,9559,1,T1,1,100,29.455
1707824096.267219,485679.000,9576,1,T1,1,100,29.374
1707824096.400205,485808.000,9593,1,T1,1,100,29.304
1707824096.532161,485936.000,9625,1,T1,1,100,29.309
1707824096.666178,486066.000,9643,1,T1,1,100,29.275
1707824096.798133,486194.000,9660,1,T1,1,100,29.403
1707824096.930089,486322.000,9677,1,T1,1,100,29.493
1707824097.063075,486451.000,9708,1,T1,1,100,29.533
1707824097.196062,486580.000,9725,1,T1,1,100,29.443
1707824097.328017,486708.000,9742,1,T1,1,100,29.440
1707824097.458942,486835.000,9759,1,T1,1,100,29.403
1707824097.591928,486964.000,9793,1,T1,1,100,29.423
1707824097.724914,487093.000,9809,1,T1,1,100,29.467
1707824097.857901,487222.000,9826,1,T1,1,100,29.379
1707824097.989856,487350.000,9860,2,T1,1,100,29.448
1707824098.121812,487478.000,9860,2,T1,1,100,29.477
1707824098.254798,487607.000,9893,1,T1,1,100,29.419
1707824098.387785,487736.000,9911,1,T1,1,100,29.323
1707824098.522833,487867.000,9928,1,T1,1,100,29.317
1707824098.656850,487997.000,9960,1,T1,1,100,29.350
1707824098.789836,488126.000,9976,1,T1,1,100,29.400
1707824098.922823,488255.000,9994,1,T1,1,100,29.350
1707824099.057871,488386.000,10010,1,T1,1,100,29.400
1707824099.189826,488514.000,10042,1,T1,1,100,29.421
1707824099.322813,488643.000,10061,1,T1,1,100,29.395
1707824099.454768,488771.000,10077,1,T1,1,100,29.384
1707824099.589816,488902.000,10094,1,T1,1,100,29.379
1707824099.723318,489031.500,10126,2,T1,1,100,29.412
1707824099.856820,489161.000,10126,2,T1,1,100,29.497
1707824099.989806,489290.000,10158,1,T1,1,100,29.428
1707824100.121762,489418.000,10174,1,T1,1,100,29.433
1707824100.257841,489550.000,10194,1,T1,1,100,29.436
1707824100.389797,489678.000,10225,1,T1,1,100,29.330
1707824100.522783,489807.000,10241,1,T1,1,100,29.356
1707824100.655769,489936.000,10259,1,T1,1,100,29.473
1707824100.786694,490063.000,10275,1,T1,1,100,29.488
1707824100.921227,490193.500,10310,2,T1,1,100,29.495
1707824101.055759,490324.000,10310,2,T1,1,100,29.462
1707824101.187715,490452.000,10345,1,T1,1,100,29.448
1707824101.320701,490581.000,10362,1,T1,1,100,29.442
1707824101.455749,490712.000,10378,1,T1,1,100,29.440
1707824101.588736,490841.000,10396,1,T1,1,100,29.403
1707824101.721722,490970.000,10412,1,T1,1,100,29.423
1707824101.853678,491098.000,10444,1,T1,1,100,29.502
1707824101.985633,491226.000,10461,1,T1,1,100,29.501
1707824102.119650,491356.000,10479,1,T1,1,100,29.571
1707824102.249544,491482.000,10511,1,T1,1,100,29.460
1707824102.382530,491611.000,10528,1,T1,1,100,29.518
1707824102.518609,491743.000,10544,1,T1,1,100,29.401
1707824102.651596,491872.000,10562,1,T1,1,100,29.422
1707824102.783551,492000.000,10593,1,T1,1,100,29.360
1707824102.916538,492129.000,10612,1,T1,1,100,29.333
1707824103.050555,492259.000,10631,1,T1,1,100,29.357
1707824103.185603,492390.000,10663,1,T1,1,100,29.367
1707824103.319620,492520.000,10679,1,T1,1,100,29.478
1707824103.449514,492646.000,10696,1,T1,1,100,29.455
1707824103.582501,492775.000,10713,1,T1,1,100,29.481
1707824103.717549,492906.000,10746,1,T1,1,100,29.527
1707824103.851566,493036.000,10763,1,T1,1,100,29.441
1707824103.984552,493165.000,10780,1,T1,1,100,29.545
1707824104.114446,493291.000,10797,1,T1,1,100,29.449
1707824104.247432,493420.000,10829,1,T1,1,100,29.442
1707824104.384542,493553.000,10845,1,T1,1,100,29.475
1707824104.516498,493681.000,10862,1,T1,1,100,29.418
1707824104.649484,493810.000,10879,1,T1,1,100,29.500
1707824104.784532,493941.000,10912,1,T1,1,100,29.465
1707824104.917519,494070.000,10930,1,T1,1,100,29.414
1707824105.050505,494199.000,10946,1,T1,1,100,29.427
1707824105.183492,494328.000,10978,1,T1,1,100,29.398
1707824105.314416,494455.000,10995,1,T1,1,100,29.278
1707824105.451526,494588.000,11011,1,T1,1,100,29.333
1707824105.584512,494717.000,11030,1,T1,1,100,29.428
1707824105.716468,494845.000,11062,1,T1,1,100,29.575
1707824105.849454,494974.000,11078,1,T1,1,100,29.426
1707824105.982441,495103.000,11096,1,T1,1,100,29.468
1707824106.114396,495231.000,11135,2,T1,1,100,29.522
1707824106.246352,495359.000,11135,2,T1,1,100,29.403
1707824106.379338,495488.000,11151,1,T1,1,100,29.387
1707824106.511294,495616.000,11185,1,T1,1,100,29.487
1707824106.645311,495746.000,11202,1,T1,1,100,29.494
1707824106.777266,495874.000,11218,1,T1,1,100,29.462
1707824106.909222,496002.000,11250,1,T1,1,100,29.484
1707824107.042208,496131.000,11267,1,T1,1,100,29.316
1707824107.175195,496260.000,11285,1,T1,1,100,29.456
1707824107.307150,496388.000,11303,1,T1,1,100,29.445
1707824107.437044,496514.000,11334,1,T1,1,100,29.476
1707824107.570030,496643.000,11351,1,T1,1,100,29.419
1707824107.707140,496776.000,11368,1,T1,1,100,29.500
1707824107.841157,496906.000,11384,1,T1,1,100,29.394
1707824107.973113,497034.000,11418,1,T1,1,100,29.489
1707824108.105068,497162.000,11437,1,T1,1,100,29.460
1707824108.239086,497292.000,11454,1,T1,1,100,29.376
1707824108.374134,497423.000,11485,1,T1,1,100,29.446
1707824108.507120,497552.000,11502,1,T1,1,100,29.512
1707824108.638045,497679.000,11519,1,T1,1,100,29.399
1707824108.771031,497808.000,11536,1,T1,1,100,29.421
1707824108.906079,497939.000,11570,1,T1,1,100,29.430
1707824109.041127,498070.000,11586,1,T1,1,100,29.363
1707824109.173083,498198.000,11603,1,T1,1,100,29.405
1707824109.305038,498326.000,11635,1,T1,1,100,29.388
1707824109.436994,498454.000,11651,1,T1,1,100,29.452
1707824109.572042,498585.000,11669,1,T1,1,100,29.515
1707824109.706059,498715.000,11685,1,T1,1,100,29.471
1707824109.839046,498844.000,11719,1,T1,1,100,29.452
1707824109.972032,498973.000,11736,1,T1,1,100,29.337
1707824110.103988,499101.000,11752,1,T1,1,100,29.359
1707824110.235943,499229.000,11769,1,T1,1,100,29.439
1707824110.368929,499358.000,11801,1,T1,1,100,29.367
1707824110.501916,499487.000,11817,1,T1,1,100,29.372
1707824110.633871,499615.000,11835,1,T1,1,100,29.409
1707824110.764796,499742.000,11868,1,T1,1,100,29.390
1707824110.897782,499871.000,11885,1,T1,1,100,29.523
1707824111.030769,500000.000,11902,1,T1,1,100,29.510
1707824111.163755,500129.000,11918,1,T1,1,100,29.433
1707824111.296741,500258.000,11950,1,T1,1,100,29.507
1707824111.428697,500386.000,11973,2,T1,1,100,29.538
1707824111.560652,500514.000,11973,2,T1,1,100,29.481
1707824111.693639,500643.000,11990,1,T1,1,100,29.421
1707824111.825594,500771.000,12006,1,T1,1,100,29.430
1707824111.957550,500899.000,12024,1,T1,1,100,29.434
1707824112.091567,501029.000,12055,1,T1,1,100,29.436
1707824112.223522,501157.000,12072,1,T1,1,100,29.437
1707824112.356509,501286.000,12089,1,T1,1,100,29.544
1707824112.489495,501415.000,12123,1,T1,1,100,29.519
1707824112.620420,501542.000,12139,1,T1,1,100,29.473
1707824112.753406,501671.000,12156,1,T1,1,100,29.524
1707824112.887423,501801.000,12173,1,T1,1,100,29.581
1707824113.021441,501931.000,12206,1,T1,1,100,29.500
1707824113.154427,502060.000,12223,1,T1,1,100,29.500
1707824113.287413,502189.000,12242,1,T1,1,100,29.429
1707824113.419369,502317.000,12273,1,T1,1,100,29.434
1707824113.555448,502449.000,12291,1,T1,1,100,29.400
1707824113.687403,502577.000,12307,1,T1,1,100,29.386
1707824113.820390,502706.000,12324,1,T1,1,100,29.344
1707824113.953376,502835.000,12356,1,T1,1,100,29.397
1707824114.084301,502962.000,12374,1,T1,1,100,29.420
1707824114.219349,503093.000,12392,1,T1,1,100,29.536
1707824114.353366,503223.000,12408,1,T1,1,100,29.587
1707824114.485322,503351.000,12440,1,T1,1,100,29.467
1707824114.618308,503480.000,12457,1,T1,1,100,29.450
1707824114.753356,503611.000,12473,1,T1,1,100,29.478
1707824114.886343,503740.000,12505,1,T1,1,100,29.420
1707824115.019329,503869.000,12524,1,T1,1,100,29.394
1707824115.152315,503998.000,12540,1,T1,1,100,29.419
1707824115.283240,504125.000,12558,1,T1,1,100,29.394
1707824115.420350,504258.000,12589,1,T1,1,100,29.419
1707824115.553336,504387.000,12606,1,T1,1,100,29.429
1707824115.685292,504515.000,12623,1,T1,1,100,29.434
1707824115.818278,504644.000,12657,1,T1,1,100,29.330
1707824115.949203,504771.000,12673,1,T1,1,100,29.355
1707824116.082189,504900.000,12690,1,T1,1,100,29.367
1707824116.215176,505029.000,12707,1,T1,1,100,29.407
1707824116.347131,505157.000,12738,1,T1,1,100,29.495
1707824116.479086,505285.000,12755,1,T1,1,100,29.462
1707824116.613104,505415.000,12774,1,T1,1,100,29.413
1707824116.742997,505541.000,12798,1,T1,1,100,29.391
1707824116.875984,505670.000,12816,1,T1,1,100,29.453
1707824117.011032,505801.000,12832,1,T1,1,100,29.373
1707824117.145049,505931.000,12849,1,T1,1,100,29.587
1707824117.278036,506060.000,12881,1,T1,1,100,29.609
1707824117.407929,506186.000,12899,1,T1,1,100,29.618
1707824117.540916,506315.000,12917,1,T1,1,100,29.586
1707824117.678026,506448.000,12933,1,T1,1,100,29.502
1707824117.812043,506578.000,12965,1,T1,1,100,29.465
1707824117.943998,506706.000,12984,1,T1,1,100,29.556
1707824118.075954,506834.000,13000,1,T1,1,100,29.524
1707824118.209971,506964.000,13034,1,T1,1,100,29.440
1707824118.345019,507095.000,13051,1,T1,1,100,29.438
1707824118.478006,507224.000,13067,1,T1,1,100,29.509
1707824118.608930,507351.000,13085,1,T1,1,100,29.468
1707824118.746040,507484.000,13116,1,T1,1,100,29.380
1707824118.879027,507613.000,13133,1,T1,1,100,29.448
1707824119.010982,507741.000,13150,1,T1,1,100,29.371
1707824119.143969,507870.000,13168,1,T1,1,100,29.373
1707824119.277986,508000.000,13200,1,T1,1,100,29.410
1707824119.413034,508131.000,13217,1,T1,1,100,29.390
1707824119.546020,508260.000,13234,1,T1,1,100,29.382
1707824119.679007,508389.000,13265,1,T1,1,100,29.378
1707824119.809931,508516.000,13282,1,T1,1,100,29.412
1707824119.946010,508648.000,13299,1,T1,1,100,29.462
1707824120.080028,508778.000,13318,1,T1,1,100,29.483
1707824120.211983,508906.000,13350,1,T1,1,100,29.528
1707824120.344970,509035.000,13366,1,T1,1,100,29.512
1707824120.477956,509164.000,13383,1,T1,1,100,29.505
1707824120.609911,509292.000,13415,1,T1,1,100,29.396
1707824120.740836,509419.000,13431,1,T1,1,100,29.420
1707824120.873822,509548.000,13449,1,T1,1,100,29.394
1707824121.006809,509677.000,13467,1,T1,1,100,29.490
1707824121.139795,509806.000,13499,1,T1,1,100,29.531
1707824121.272782,509935.000,13516,1,T1,1,100,29.549
1707824121.403706,510062.000,13532,1,T1,1,100,29.592
1707824121.537723,510192.000,13549,1,T1,1,100,29.504
1707824121.672772,510323.000,13581,1,T1,1,100,29.573
1707824121.805758,510452.000,13599,1,T1,1,100,29.496
1707824121.936683,510579.000,13617,1,T1,1,100,29.427
1707824122.069669,510708.000,13653,1,T1,1,100,29.575
1707824122.204717,510839.000,13670,1,T1,1,100,29.497
1707824122.339765,510970.000,13687,1,T1,1,100,29.392
1707824122.471721,511098.000,13703,1,T1,1,100,29.453
1707824122.603676,511226.000,13721,1,T1,1,100,29.480
1707824122.736663,511355.000,13737,1,T1,1,100,29.420
1707824122.871711,511486.000,13773,1,T1,1,100,29.501
1707824123.005728,511616.000,13790,1,T1,1,100,29.430
1707824123.137684,511744.000,13806,1,T1,1,100,29.399
1707824123.269639,511872.000,13824,1,T1,1,100,29.385
1707824123.403656,512002.000,13840,1,T1,1,100,29.379
1707824123.539735,512134.000,13872,1,T1,1,100,29.377
1707824123.671691,512262.000,13891,1,T1,1,100,29.411
1707824123.803646,512390.000,13907,1,T1,1,100,29.391
1707824123.936633,512519.000,13925,1,T1,1,100,29.453
1707824124.067557,512646.000,13956,1,T1,1,100,29.480
1707824124.200544,512775.000,13973,1,T1,1,100,29.491
1707824124.333530,512904.000,13990,1,T1,1,100,29.390
1707824124.466516,513033.000,14006,1,T1,1,100,29.381
1707824124.599503,513162.000,14026,1,T1,1,100,29.378
1707824124.730427,513289.000,14057,1,T1,1,100,29.518
1707824124.863414,513418.000,14074,1,T1,1,100,29.437
1707824124.996400,513547.000,14091,1,T1,1,100,29.402
1707824125.128356,513675.000,14107,1,T1,1,100,29.528
1707824125.260311,513803.000,14125,1,T1,1,100,29.512
1707824125.394328,513933.000,14158,1,T1,1,100,29.541
1707824125.526284,514061.000,14175,1,T1,1,100,29.553
1707824125.659270,514190.000,14192,1,T1,1,100,29.523
1707824125.792257,514319.000,14208,1,T1,1,100,29.581
1707824125.923181,514446.000,14226,1,T1,1,100,29.500
1707824126.056168,514575.000,14257,1,T1,1,100,29.535
1707824126.189154,514704.000,14276,1,T1,1,100,29.515
1707824126.321109,514832.000,14293,1,T1,1,100,29.507
1707824126.453065,514960.000,14309,1,T1,1,100,29.503
1707824126.587082,515090.000,14327,1,T1,1,100,29.501
1707824126.719038,515218.000,14343,1,T1,1,100,29.607
1707824126.851509,515346.500,14376,2,T1,1,100,29.582
1707824126.983979,515475.000,14376,2,T1,1,100,29.642
1707824127.115935,515603.000,14401,2,T1,1,100,29.668
1707824127.247890,515731.000,14401,2,T1,1,100,29.608
1707824127.381908,515861.000,14419,3,T1,1,100,29.582
1707824127.515925,515991.000,14419,3,T1,1,100,29.500
1707824127.649942,516121.000,14419,3,T1,1,100,29.536
1707824127.781898,516249.000,14451,1,T1,1,100,29.480
1707824127.914884,516378.000,14471,1,T1,1,100,29.562
1707824128.049932,516509.000,14488,1,T1,1,100,29.491
1707824128.182919,516638.000,14505,1,T1,1,100,29.532
1707824128.315905,516767.000,14536,1,T1,1,100,29.478
1707824128.448891,516896.000,14553,1,T1,1,100,29.597
1707824128.579816,517023.000,14570,1,T1,1,100,29.507
1707824128.716926,517156.000,14587,1,T1,1,100,29.574
1707824128.849912,517285.000,14621,1,T1,1,100,29.603
1707824128.981868,517413.000,14637,1,T1,1,100,29.580
1707824129.114854,517542.000,14654,1,T1,1,100,29.499
1707824129.248872,517672.000,14686,1,T1,1,100,29.535
1707824129.383920,517803.000,14702,1,T1,1,100,29.444
1707824129.516906,517932.000,14720,1,T1,1,100,29.405
1707824129.649892,518061.000,14738,1,T1,1,100,29.494
1707824129.780817,518188.000,14770,1,T1,1,100,29.498
1707824129.914834,518318.000,14787,1,T1,1,100,29.499
1707824130.046790,518446.000,14803,1,T1,1,100,29.535
1707824130.179776,518575.000,14820,1,T1,1,100,29.515
1707824130.312763,518704.000,14852,1,T1,1,100,29.577
1707824130.443687,518831.000,14870,1,T1,1,100,29.604
1707824130.576674,518960.000,14888,1,T1,1,100,29.581
1707824130.708629,519088.000,14919,1,T1,1,100,29.464
1707824130.840584,519216.000,14936,1,T1,1,100,29.520
1707824130.974602,519346.000,14953,1,T1,1,100,29.473
1707824131.107588,519475.000,14969,1,T1,1,100,29.488
1707824131.239544,519603.000,15003,1,T1,1,100,29.424
1707824131.371499,519731.000,15020,1,T1,1,100,29.503
1707824131.505516,519861.000,15037,1,T1,1,100,29.466
1707824131.640565,519992.000,15054,1,T1,1,100,29.450
1707824131.773551,520121.000,15086,1,T1,1,100,29.514
1707824131.904475,520248.000,15102,1,T1,1,100,29.506
1707824132.037462,520377.000,15119,1,T1,1,100,29.432
1707824132.172510,520508.000,15153,1,T1,1,100,29.364
1707824132.307558,520639.000,15169,1,T1,1,100,29.370
1707824132.439514,520767.000,15186,1,T1,1,100,29.408
1707824132.571469,520895.000,15207,1,T1,1,100,29.389
1707824132.706517,521026.000,15223,1,T1,1,100,29.381
1707824132.839504,521155.000,15243,1,T1,1,100,29.484
1707824132.972490,521284.000,15259,1,T1,1,100,29.422
1707824133.103415,521411.000,15278,1,T1,1,100,29.502
1707824133.239494,521543.000,15310,1,T1,1,100,29.501
1707824133.373511,521673.000,15326,1,T1,1,100,29.500
1707824133.505467,521801.000,15344,1,T1,1,100,29.465
1707824133.638453,521930.000,15360,1,T1,1,100,29.449
1707824133.769377,522057.000,15392,1,T1,1,100,29.549
1707824133.905457,522189.000,15409,1,T1,1,100,29.521
1707824134.037412,522317.000,15427,1,T1,1,100,29.438
1707824134.170398,522446.000,15459,1,T1,1,100,29.438
1707824134.303385,522575.000,15476,1,T1,1,100,29.367
1707824134.436371,522704.000,15492,1,T1,1,100,29.513
1707824134.572450,522836.000,15510,1,T1,1,100,29.541
1707824134.704406,522964.000,15541,1,T1,1,100,29.518
1707824134.837392,523093.000,15560,1,T1,1,100,29.543
1707824134.970378,523222.000,15577,1,T1,1,100,29.483
1707824135.102334,523350.000,15609,1,T1,1,100,29.493
1707824135.234289,523478.000,15625,1,T1,1,100,29.497
1707824135.368307,523608.000,15642,1,T1,1,100,29.570
1707824135.502324,523738.000,15659,1,T1,1,100,29.601
1707824135.637372,523869.000,15692,1,T1,1,100,29.615
1707824135.769328,523997.000,15709,1,T1,1,100,29.479
1707824135.901283,524125.000,15726,1,T1,1,100,29.491
1707824136.034270,524254.000,15743,1,T1,1,100,29.390
1707824136.169318,524385.000,15775,1,T1,1,100,29.452
1707824136.303335,524515.000,15791,1,T1,1,100,29.444
1707824136.435290,524643.000,15808,1,T1,1,100,29.369
1707824136.567246,524771.000,15842,1,T1,1,100,29.443
1707824136.701263,524901.000,15858,1,T1,1,100,29.476
1707824136.837342,525033.000,15876,1,T1,1,100,29.489
1707824136.969298,525161.000,15892,1,T1,1,100,29.460
1707824137.100222,525288.000,15924,1,T1,1,100,29.518
1707824137.233209,525417.000,15941,1,T1,1,100,29.543
1707824137.366195,525546.000,15957,1,T1,1,100,29.554
1707824137.501243,525677.000,15976,1,T1,1,100,29.594
1707824137.635261,525807.000,16008,1,T1,1,100,29.541
1707824137.766185,525934.000,16024,1,T1,1,100,29.518
1707824137.899172,526063.000,16049,1,T1,1,100,29.543
1707824138.033704,526193.500,16066,2,T1,1,100,29.483
1707824138.168237,526324.000,16066,2,T1,1,100,29.528
1707824138.301223,526453.000,16099,1,T1,1,100,29.583
1707824138.433179,526581.000,16117,1,T1,1,100,29.607
1707824138.565134,526709.000,16133,1,T1,1,100,29.617
1707824138.699152,526839.000,16150,1,T1,1,100,29.515
1707824138.831107,526967.000,16182,1,T1,1,100,29.507
1707824138.964093,527096.000,16198,1,T1,1,100,29.396
1707824139.097080,527225.000,16217,1,T1,1,100,29.455
1707824139.228004,527352.000,16234,1,T1,1,100,29.481
1707824139.360991,527481.000,16265,1,T1,1,100,29.527
1707824139.493977,527610.000,16283,1,T1,1,100,29.547
1707824139.625933,527738.000,16299,1,T1,1,100,29.627
1707824139.757888,527866.000,16331,1,T1,1,100,29.555
1707824139.891905,527996.000,16350,1,T1,1,100,29.630
1707824140.023861,528124.000,16366,1,T1,1,100,29.663
1707824140.156847,528253.000,16384,1,T1,1,100,29.570
1707824140.289834,528382.000,16415,1,T1,1,100,29.672
1707824140.420758,528509.000,16432,1,T1,1,100,29.645
1707824140.553745,528638.000,16449,1,T1,1,100,29.669
1707824140.685700,528766.000,16465,1,T1,1,100,29.644
1707824140.817656,528894.000,16499,1,T1,1,100,29.562
1707824140.951673,529024.000,16516,1,T1,1,100,29.492
1707824141.083628,529152.000,16532,1,T1,1,100,29.461
1707824141.215584,529280.000,16550,1,T1,1,100,29.483
1707824141.351663,529412.000,16581,1,T1,1,100,29.564
1707824141.484649,529541.000,16598,1,T1,1,100,29.563
1707824141.616605,529669.000,16617,1,T1,1,100,29.598
1707824141.748560,529797.000,16633,1,T1,1,100,29.507
1707824141.881547,529926.000,16665,1,T1,1,100,29.538
1707824142.018657,530059.000,16682,1,T1,1,100,29.481
1707824142.151643,530188.000,16699,1,T1,1,100,29.563
1707824142.283598,530316.000,16730,1,T1,1,100,29.563
1707824142.416585,530445.000,16750,1,T1,1,100,29.527
1707824142.550602,530575.000,16766,1,T1,1,100,29.583
1707824142.685650,530706.000,16783,1,T1,1,100,29.571
1707824142.818637,530835.000,16817,1,T1,1,100,29.495
1707824142.951623,530964.000,16833,1,T1,1,100,29.533
1707824143.082548,531091.000,16850,1,T1,1,100,29.585
1707824143.218627,531223.000,16877,1,T1,1,100,29.608
1707824143.352644,531353.000,16893,1,T1,1,100,29.618
1707824143.484599,531481.000,16911,1,T1,1,100,29.622
1707824143.617586,531610.000,16927,1,T1,1,100,29.624
1707824143.748510,531737.000,16944,1,T1,1,100,29.518
1707824143.884589,531869.000,16976,1,T1,1,100,29.472
1707824144.016545,531997.000,16992,1,T1,1,100,29.523
1707824144.148500,532125.000,17010,1,T1,1,100,29.617
1707824144.282518,532255.000,17028,1,T1,1,100,29.621
1707824144.414473,532383.000,17060,1,T1,1,100,29.659
1707824144.546429,532511.000,17077,1,T1,1,100,29.675
1707824144.679415,532640.000,17093,1,T1,1,100,29.611
1707824144.812401,532769.000,17125,1,T1,1,100,29.654
1707824144.943326,532896.000,17142,1,T1,1,100,29.602
1707824145.076312,533025.000,17160,1,T1,1,100,29.580
1707824145.209299,533154.000,17178,1,T1,1,100,29.499
1707824145.342285,533283.000,17209,1,T1,1,100,29.570
1707824145.475271,533412.000,17226,1,T1,1,100,29.389
1707824145.609289,533542.000,17243,1,T1,1,100,29.416
1707824145.741244,533670.000,17259,1,T1,1,100,29.428
1707824145.873200,533798.000,17293,1,T1,1,100,29.398
1707824146.006186,533927.000,17310,1,T1,1,100,29.420
1707824146.141234,534058.000,17327,1,T1,1,100,29.466
1707824146.275252,534188.000,17358,1,T1,1,100,29.556
1707824146.407207,534316.000,17375,1,T1,1,100,29.595
1707824146.539163,534444.000,17392,1,T1,1,100,29.541
1707824146.673180,534574.000,17409,1,T1,1,100,29.482
1707824146.809259,534706.000,17443,1,T1,1,100,29.421
1707824146.941214,534834.000,17459,1,T1,1,100,29.431
1707824147.072139,534961.000,17476,1,T1,1,100,29.541
1707824147.208218,535093.000,17508,1,T1,1,100,29.624
1707824147.340173,535221.000,17524,1,T1,1,100,29.554
1707824147.473160,535350.000,17542,1,T1,1,100,29.665
1707824147.606146,535479.000,17560,1,T1,1,100,29.642
1707824147.739133,535608.000,17592,1,T1,1,100,29.632
1707824147.875212,535740.000,17611,1,T1,1,100,29.699
1707824148.007167,535868.000,17627,1,T1,1,100,29.586
1707824148.140154,535997.000,17644,1,T1,1,100,29.466
1707824148.272109,536125.000,17676,1,T1,1,100,29.556
1707824148.406126,536255.000,17694,1,T1,1,100,29.489
1707824148.540144,536385.000,17715,1,T1,1,100,29.566
1707824148.674161,536515.000,17731,1,T1,1,100,29.529
1707824148.806116,536643.000,17763,1,T1,1,100,29.441
1707824148.938072,536771.000,17780,1,T1,1,100,29.475
1707824149.072089,536901.000,17796,1,T1,1,100,29.595
1707824149.203014,537028.000,17814,1,T1,1,100,29.612
1707824149.336000,537157.000,17847,1,T1,1,100,29.619
1707824149.468986,537286.000,17864,1,T1,1,100,29.587
1707824149.600942,537414.000,17881,1,T1,1,100,29.538
1707824149.732897,537542.000,17897,1,T1,1,100,29.481
1707824149.865884,537671.000,17929,1,T1,1,100,29.456
1707824149.999901,537801.000,17946,1,T1,1,100,29.587
1707824150.135980,537933.000,17965,1,T1,1,100,29.538
1707824150.267936,538061.000,17996,1,T1,1,100,29.516
1707824150.398860,538188.000,18013,1,T1,1,100,29.613
1707824150.531847,538317.000,18030,1,T1,1,100,29.620
1707824150.664833,538446.000,18047,1,T1,1,100,29.623
1707824150.799881,538577.000,18079,1,T1,1,100,29.660
1707824150.933898,538707.000,18095,1,T1,1,100,29.569
1707824151.064823,538834.000,18114,1,T1,1,100,29.459
1707824151.197809,538963.000,18146,1,T1,1,100,29.624
1707824151.333888,539095.000,18162,1,T1,1,100,29.554
1707824151.466875,539224.000,18180,1,T1,1,100,29.523
1707824151.598830,539352.000,18196,1,T1,1,100,29.581
1707824151.730786,539480.000,18230,1,T1,1,100,29.606
1707824151.863772,539609.000,18247,1,T1,1,100,29.688
1707824152.000882,539742.000,18263,1,T1,1,100,29.723
1707824152.133869,539871.000,18295,1,T1,1,100,29.667
1707824152.264793,539998.000,18312,1,T1,1,100,29.502
1707824152.396749,540126.000,18328,1,T1,1,100,29.536
1707824152.531797,540257.000,18346,1,T1,1,100,29.516
1707824152.666845,540388.000,18379,1,T1,1,100,29.542
1707824152.799831,540517.000,18396,1,T1,1,100,29.518
1707824152.931787,540645.000,18415,1,T1,1,100,29.508
1707824153.063742,540773.000,18431,1,T1,1,100,29.468
1707824153.197760,540903.000,18463,1,T1,1,100,29.593
1707824153.329715,541031.000,18480,1,T1,1,100,29.646
1707824153.462701,541160.000,18499,1,T1,1,100,29.634
1707824153.595688,541289.000,18530,1,T1,1,100,29.664
1707824153.726612,541416.000,18547,1,T1,1,100,29.678
1707824153.859599,541545.000,18567,1,T1,1,100,29.577
1707824153.991554,541673.000,18584,1,T1,1,100,29.462
1707824154.123510,541801.000,18601,1,T1,1,100,29.484
1707824154.257527,541931.000,18620,1,T1,1,100,29.528
1707824154.389482,542059.000,18652,1,T1,1,100,29.548
1707824154.521438,542187.000,18668,1,T1,1,100,29.592
1707824154.654424,542316.000,18685,1,T1,1,100,29.575
1707824154.787411,542445.000,18702,1,T1,1,100,29.532
1707824154.918335,542572.000,18733,1,T1,1,100,29.691
1707824155.051322,542701.000,18752,1,T1,1,100,29.583
1707824155.184308,542830.000,18769,1,T1,1,100,29.465
1707824155.317294,542959.000,18786,1,T1,1,100,29.627
1707824155.450281,543088.000,18818,1,T1,1,100,29.590
1707824155.582236,543216.000,18834,1,T1,1,100,29.681
1707824155.714192,543344.000,18851,1,T1,1,100,29.720
1707824155.849240,543475.000,18885,1,T1,1,100,29.666
1707824155.984288,543606.000,18901,1,T1,1,100,29.607
1707824156.117274,543735.000,18919,1,T1,1,100,29.653
1707824156.250261,543864.000,18935,1,T1,1,100,29.637
1707824156.383763,543993.500,18968,2,T1,1,100,29.559
1707824156.517264,544123.000,18968,2,T1,1,100,29.597
1707824156.651282,544253.000,18984,1,T1,1,100,29.542
1707824156.783237,544381.000,19018,1,T1,1,100,29.554
1707824156.916224,544510.000,19035,1,T1,1,100,29.488
1707824157.047148,544637.000,19051,1,T1,1,100,29.530
1707824157.183227,544769.000,19069,1,T1,1,100,29.548
1707824157.315183,544897.000,19085,1,T1,1,100,29.521
1707824157.448169,545026.000,19119,1,T1,1,100,29.580
1707824157.581156,545155.000,19136,1,T1,1,100,29.570
1707824157.714142,545284.000,19152,1,T1,1,100,29.672
1707824157.850221,545416.000,19172,1,T1,1,100,29.716
1707824157.982176,545544.000,19188,1,T1,1,100,29.700
1707824158.115163,545673.000,19220,1,T1,1,100,29.622
1707824158.247118,545801.000,19237,1,T1,1,100,29.624
1707824158.381136,545931.000,19256,1,T1,1,100,29.589
1707824158.515153,546061.000,19273,1,T1,1,100,29.645
1707824158.648139,546190.000,19289,1,T1,1,100,29.634
1707824158.781126,546319.000,19321,1,T1,1,100,29.593
1707824158.913081,546447.000,19338,1,T1,1,100,29.682
1707824159.045552,546575.500,19361,2,T1,1,100,29.721
1707824159.178023,546704.000,19361,2,T1,1,100,29.595
1707824159.311009,546833.000,19377,1,T1,1,100,29.612
1707824159.443996,546962.000,19397,1,T1,1,100,29.619
1707824159.578013,547092.000,19413,1,T1,1,100,29.694
1707824159.709968,547220.000,19445,1,T1,1,100,29.655
1707824159.841924,547348.000,19462,1,T1,1,100,29.602
1707824159.975941,547478.000,19478,1,T1,1,100,29.615
1707824160.112020,547610.000,19496,1,T1,1,100,29.621
1707824160.243976,547738.000,19529,1,T1,1,100,29.659
1707824160.374900,547865.000,19546,1,T1,1,100,29.675
1707824160.507887,547994.000,19563,1,T1,1,100,29.647
1707824160.640873,548123.000,19579,1,T1,1,100,29.670
1707824160.775921,548254.000,19597,1,T1,1,100,29.644
1707824160.909939,548384.000,19628,1,T1,1,100,29.562
1707824161.041894,548512.000,19646,2,T1,1,100,29.598
1707824161.173850,548640.000,19646,2,T1,1,100,29.613
1707824161.309929,548772.000,19665,1,T1,1,100,29.620
1707824161.442400,548900.500,19683,2,T1,1,100,29.587
1707824161.574870,549029.000,19683,2,T1,1,100,29.680
1707824161.708888,549159.000,19701,2,T1,1,100,29.613
1707824161.842905,549289.000,19701,2,T1,1,100,29.726
1707824161.976922,549419.000,19732,1,T1,1,100,29.740
1707824162.108878,549547.000,19751,1,T1,1,100,29.639
1707824162.240833,549675.000,19768,1,T1,1,100,29.667
1707824162.375881,549806.000,19784,1,T1,1,100,29.643
1707824162.508868,549935.000,19816,1,T1,1,100,29.668
1707824162.641854,550064.000,19833,1,T1,1,100,29.715
1707824162.774841,550193.000,19850,1,T1,1,100,29.735
1707824162.907827,550322.000,19869,1,T1,1,100,29.637
1707824163.039782,550450.000,19903,1,T1,1,100,29.630
1707824163.173800,550580.000,19919,1,T1,1,100,29.663
1707824163.305755,550708.000,19936,1,T1,1,100,29.677
1707824163.438742,550837.000,19968,1,T1,1,100,29.612
1707824163.571728,550966.000,19984,1,T1,1,100,29.548
1707824163.702653,551093.000,20001,1,T1,1,100,29.592
1707824163.835639,551222.000,20018,1,T1,1,100,29.540
1707824163.967594,551350.000,20051,1,T1,1,100,29.588
1707824164.099550,551478.000,20069,1,T1,1,100,29.644
1707824164.233567,551608.000,20085,1,T1,1,100,29.598
1707824164.365523,551736.000,20102,1,T1,1,100,29.578
1707824164.497478,551864.000,20123,1,T1,1,100,29.569
1707824164.633557,551996.000,20140,1,T1,1,100,29.601
1707824164.766544,552125.000,20174,1,T1,1,100,29.650
1707824164.898499,552253.000,20190,1,T1,1,100,29.636
1707824165.030455,552381.000,20207,1,T1,1,100,29.559
1707824165.163441,552510.000,20224,1,T1,1,100,29.596
1707824165.300551,552643.000,20255,1,T1,1,100,29.577
1707824165.433537,552772.000,20273,1,T1,1,100,29.569
1707824165.564462,552899.000,20291,1,T1,1,100,29.494
1707824165.696417,553027.000,20308,1,T1,1,100,29.568
1707824165.831465,553158.000,20340,1,T1,1,100,29.530
1707824165.966514,553289.000,20356,1,T1,1,100,29.619
1707824166.099500,553418.000,20374,1,T1,1,100,29.622
1707824166.231456,553546.000,20390,1,T1,1,100,29.588
1707824166.363411,553674.000,20422,1,T1,1,100,29.609
1707824166.500521,553807.000,20441,1,T1,1,100,29.618
1707824166.634538,553937.000,20457,1,T1,1,100,29.657
1707824166.766494,554065.000,20474,1,T1,1,100,29.675
1707824166.899480,554194.000,20506,1,T1,1,100,29.682
1707824167.030405,554321.000,20522,1,T1,1,100,29.650
1707824167.166484,554453.000,20540,1,T1,1,100,29.636
1707824167.298439,554581.000,20558,1,T1,1,100,29.701
1707824167.430395,554709.000,20590,1,T1,1,100,29.658
1707824167.564412,554839.000,20607,1,T1,1,100,29.604
1707824167.696367,554967.000,20624,1,T1,1,100,29.616
1707824167.828323,555095.000,20643,1,T1,1,100,29.727
1707824167.961309,555224.000,20659,1,T1,1,100,29.669
1707824168.094296,555353.000,20693,1,T1,1,100,29.715
1707824168.225220,555480.000,20710,1,T1,1,100,29.735
1707824168.358207,555609.000,20726,1,T1,1,100,29.602
1707824168.491193,555738.000,20744,1,T1,1,100,29.579
1707824168.624179,555867.000,20775,1,T1,1,100,29.534
1707824168.757166,555996.000,20792,1,T1,1,100,29.586
1707824168.889121,556124.000,20811,1,T1,1,100,29.750
1707824169.021592,556252.500,20843,2,T1,1,100,29.785
1707824169.154063,556381.000,20843,2,T1,1,100,29.588
1707824169.287050,556510.000,20875,1,T1,1,100,29.609
1707824169.419005,556638.000,20892,1,T1,1,100,29.512
1707824169.550960,556766.000,20909,1,T1,1,100,29.576
1707824169.683947,556895.000,20934,1,T1,1,100,29.639
1707824169.816933,557024.000,20952,1,T1,1,100,29.667
1707824169.950951,557154.000,20983,1,T1,1,100,29.678
1707824170.087030,557286.000,21000,1,T1,1,100,29.719
1707824170.218985,557414.000,21017,1,T1,1,100,29.666
1707824170.349910,557541.000,21033,1,T1,1,100,29.643
1707824170.485989,557673.000,21067,1,T1,1,100,29.562
1707824170.617944,557801.000,21084,1,T1,1,100,29.633
1707824170.750931,557930.000,21101,1,T1,1,100,29.593
1707824170.883917,558059.000,21132,1,T1,1,100,29.540
1707824171.016903,558188.000,21149,1,T1,1,100,29.624
1707824171.152982,558320.000,21166,1,T1,1,100,29.695
1707824171.284938,558448.000,21183,1,T1,1,100,29.691
1707824171.417924,558577.000,21217,1,T1,1,100,29.654
1707824171.549880,558705.000,21233,1,T1,1,100,29.637
1707824171.683897,558835.000,21250,1,T1,1,100,29.559
1707824171.817914,558965.000,21282,1,T1,1,100,29.526
1707824171.951932,559095.000,21298,1,T1,1,100,29.617
1707824172.083887,559223.000,21316,1,T1,1,100,29.622
1707824172.215843,559351.000,21334,1,T1,1,100,29.588
1707824172.350891,559482.000,21366,1,T1,1,100,29.645
1707824172.483877,559611.000,21383,1,T1,1,100,29.669
1707824172.616863,559740.000,21399,1,T1,1,100,29.679
1707824172.749850,559869.000,21433,1,T1,1,100,29.684
1707824172.882836,559998.000,21450,1,T1,1,100,29.686
1707824173.017884,560129.000,21468,1,T1,1,100,29.722
1707824173.150871,560258.000,21486,1,T1,1,100,29.632
1707824173.283857,560387.000,21517,1,T1,1,100,29.592
1707824173.418905,560518.000,21534,1,T1,1,100,29.682
1707824173.550861,560646.000,21551,1,T1,1,100,29.685
1707824173.681785,560773.000,21567,1,T1,1,100,29.651
1707824173.814772,560902.000,21601,1,T1,1,100,29.601
1707824173.947758,561031.000,21618,1,T1,1,100,29.650
1707824174.082806,561162.000,21635,1,T1,1,100,29.778
1707824174.216824,561292.000,21666,1,T1,1,100,29.727
1707824174.347748,561419.000,21683,1,T1,1,100,29.669
1707824174.480735,561548.000,21700,1,T1,1,100,29.715
1707824174.616814,561680.000,21717,1,T1,1,100,29.628
1707824174.749800,561809.000,21751,1,T1,1,100,29.556
1707824174.881756,561937.000,21767,1,T1,1,100,29.560
1707824175.013711,562065.000,21789,1,T1,1,100,29.597
1707824175.146697,562194.000,21821,1,T1,1,100,29.613
1707824175.283807,562327.000,21837,1,T1,1,100,29.691
1707824175.416794,562456.000,21855,1,T1,1,100,29.724
1707824175.547718,562583.000,21873,1,T1,1,100,29.703
1707824175.679674,562711.000,21905,1,T1,1,100,29.694
1707824175.814722,562842.000,21922,1,T1,1,100,29.690
1707824175.949770,562973.000,21938,1,T1,1,100,29.760
1707824176.082757,563102.000,21970,1,T1,1,100,29.683
1707824176.215743,563231.000,21987,1,T1,1,100,29.650
1707824176.350791,563362.000,22005,1,T1,1,100,29.636
1707824176.484808,563492.000,22023,1,T1,1,100,29.701
1707824176.616764,563620.000,22054,1,T1,1,100,29.622
1707824176.749750,563749.000,22071,1,T1,1,100,29.553
1707824176.881706,563877.000,22088,1,T1,1,100,29.594
1707824177.012630,564004.000,22104,1,T1,1,100,29.718
1707824177.145617,564133.000,22136,1,T1,1,100,29.701
1707824177.277572,564261.000,22155,1,T1,1,100,29.693
1707824177.409528,564389.000,22172,1,T1,1,100,29.761
1707824177.543545,564519.000,22189,1,T1,1,100,29.577
1707824177.675500,564647.000,22221,1,T1,1,100,29.533
1707824177.807456,564775.000,22239,1,T1,1,100,29.621
1707824177.940442,564904.000,22256,1,T1,1,100,29.517
1707824178.073429,565033.000,22290,1,T1,1,100,29.578
1707824178.204353,565160.000,22306,1,T1,1,100,29.640
1707824178.337340,565289.000,22323,1,T1,1,100,29.702
1707824178.470326,565418.000,22340,1,T1,1,100,29.729
1707824178.603312,565547.000,22371,1,T1,1,100,29.777
1707824178.736299,565676.000,22389,1,T1,1,100,29.655
1707824178.868254,565804.000,22405,1,T1,1,100,29.638
1707824179.000210,565932.000,22422,1,T1,1,100,29.737
1707824179.135258,566063.000,22456,1,T1,1,100,29.744
1707824179.270306,566194.000,22472,1,T1,1,100,29.748
1707824179.403292,566323.000,22490,1,T1,1,100,29.678
1707824179.535248,566451.000,22521,1,T1,1,100,29.648
1707824179.667203,566579.000,22537,1,T1,1,100,29.635
1707824179.804313,566712.000,22555,1,T1,1,100,29.665
1707824179.938331,566842.000,22588,1,T1,1,100,29.642
1707824180.070286,566970.000,22605,1,T1,1,100,29.703
1707824180.201211,567097.000,22627,1,T1,1,100,29.765
1707824180.333166,567225.000,22643,1,T1,1,100,29.686
1707824180.469245,567357.000,22661,1,T1,1,100,29.651
1707824180.601201,567485.000,22692,1,T1,1,100,29.707
1707824180.734187,567614.000,22711,1,T1,1,100,29.661
1707824180.867173,567743.000,22728,1,T1,1,100,29.676
1707824181.000160,567872.000,22744,1,T1,1,100,29.718
1707824181.136239,568004.000,22776,1,T1,1,100,29.736
1707824181.268194,568132.000,22793,1,T1,1,100,29.709
1707824181.401181,568261.000,22810,1,T1,1,100,29.768
1707824181.533136,568389.000,22843,1,T1,1,100,29.687
1707824181.667154,568519.000,22860,1,T1,1,100,29.652
1707824181.801171,568649.000,22877,1,T1,1,100,29.601
1707824181.934157,568778.000,22894,1,T1,1,100,29.686
1707824182.067144,568907.000,22926,1,T1,1,100,29.758
1707824182.199099,569035.000,22944,1,T1,1,100,29.753
1707824182.331055,569163.000,22961,1,T1,1,100,29.751
1707824182.464041,569292.000,22978,1,T1,1,100,29.680
1707824182.597027,569421.000,23009,1,T1,1,100,29.755
1707824182.728983,569549.000,23027,1,T1,1,100,29.717
1707824182.860938,569677.000,23045,1,T1,1,100,29.665
1707824182.993925,569806.000,23062,1,T1,1,100,29.678
1707824183.126911,569935.000,23096,1,T1,1,100,29.719
1707824183.259897,570064.000,23112,1,T1,1,100,29.736
1707824183.392884,570193.000,23130,1,T1,1,100,29.744
1707824183.523808,570320.000,23161,1,T1,1,100,29.783
1707824183.656795,570449.000,23178,1,T1,1,100,29.693
1707824183.789781,570578.000,23195,1,T1,1,100,29.690
1707824183.922767,570707.000,23213,1,T1,1,100,29.795
1707824184.057816,570838.000,23245,1,T1,1,100,29.663
1707824184.191833,570968.000,23262,1,T1,1,100,29.677
1707824184.322757,571095.000,23278,1,T1,1,100,29.612
1707824184.455744,571224.000,23296,1,T1,1,100,29.690
1707824184.591823,571356.000,23327,1,T1,1,100,29.760
1707824184.724809,571485.000,23346,1,T1,1,100,29.790
1707824184.856765,571613.000,23363,1,T1,1,100,29.838
1707824184.988720,571741.000,23395,1,T1,1,100,29.753
1707824185.122738,571871.000,23411,1,T1,1,100,29.645
1707824185.256755,572001.000,23428,1,T1,1,100,29.669
1707824185.388710,572129.000,23445,1,T1,1,100,29.644
1707824185.520666,572257.000,23483,1,T1,1,100,29.704
1707824185.655714,572388.000,23500,1,T1,1,100,29.730
1707824185.788700,572517.000,23517,1,T1,1,100,29.741
1707824185.921687,572646.000,23548,1,T1,1,100,29.817
1707824186.054673,572775.000,23566,1,T1,1,100,29.815
1707824186.187659,572904.000,23582,1,T1,1,100,29.565
1707824186.322708,573035.000,23599,1,T1,1,100,29.776
1707824186.456725,573165.000,23633,1,T1,1,100,29.797
1707824186.588680,573293.000,23649,1,T1,1,100,29.699
1707824186.721667,573422.000,23667,1,T1,1,100,29.693
1707824186.854653,573551.000,23683,1,T1,1,100,29.690
1707824186.988670,573681.000,23715,1,T1,1,100,29.653
1707824187.121657,573810.000,23732,1,T1,1,100,29.673
1707824187.253612,573938.000,23750,1,T1,1,100,29.681
1707824187.385568,574066.000,23782,1,T1,1,100,29.685
1707824187.519585,574196.000,23799,1,T1,1,100,29.757
1707824187.651541,574324.000,23815,1,T1,1,100,29.824
1707824187.783496,574452.000,23835,1,T1,1,100,29.817
1707824187.916482,574581.000,23866,1,T1,1,100,29.744
1707824188.049469,574710.000,23883,1,T1,1,100,29.605
1707824188.181424,574838.000,23902,1,T1,1,100,29.617
1707824188.313380,574966.000,23918,1,T1,1,100,29.728
1707824188.446366,575095.000,23950,1,T1,1,100,29.740
1707824188.583476,575228.000,23967,1,T1,1,100,29.746
1707824188.716462,575357.000,23984,1,T1,1,100,29.713
1707824188.847387,575484.000,24015,1,T1,1,100,29.769
1707824188.979343,575612.000,24032,1,T1,1,100,29.794
1707824189.114391,575743.000,24051,1,T1,1,100,29.840
1707824189.249439,575874.000,24068,1,T1,1,100,29.753
1707824189.382425,576003.000,24100,1,T1,1,100,29.751
1707824189.514381,576131.000,24116,1,T1,1,100,29.751
1707824189.646336,576259.000,24133,1,T1,1,100,29.679
1707824189.783446,576392.000,24165,1,T1,1,100,29.719
1707824189.917463,576522.000,24183,1,T1,1,100,29.666
1707824190.049419,576650.000,24201,1,T1,1,100,29.749
1707824190.180344,576777.000,24217,1,T1,1,100,29.679
1707824190.313330,576906.000,24249,1,T1,1,100,29.648
1707824190.449409,577038.000,24266,1,T1,1,100,29.706
1707824190.581880,577166.500,24283,2,T1,1,100,29.766
1707824190.714351,577295.000,24283,2,T1,1,100,29.757
1707824190.847337,577424.000,24307,1,T1,1,100,29.718
1707824190.979293,577552.000,24324,1,T1,1,100,29.771
1707824191.111248,577680.000,24356,1,T1,1,100,29.759
1707824191.244235,577809.000,24372,1,T1,1,100,29.612
1707824191.377221,577938.000,24390,1,T1,1,100,29.761
1707824191.508146,578065.000,24406,1,T1,1,100,29.790
1707824191.641132,578194.000,24423,1,T1,1,100,29.767
1707824191.774118,578323.000,24457,1,T1,1,100,29.793
1707824191.907105,578452.000,24473,1,T1,1,100,29.840
1707824192.040091,578581.000,24491,1,T1,1,100,29.753
1707824192.172047,578709.000,24507,1,T1,1,100,29.716
1707824192.304002,578837.000,24524,1,T1,1,100,29.735
1707824192.436988,578966.000,24556,1,T1,1,100,29.673
1707824192.569975,579095.000,24574,1,T1,1,100,29.681
1707824192.701930,579223.000,24592,1,T1,1,100,29.720
1707824192.833886,579351.000,24610,1,T1,1,100,29.702
1707824192.966872,579480.000,24627,1,T1,1,100,29.765
1707824193.099858,579609.000,24659,1,T1,1,100,29.792
1707824193.232845,579738.000,24677,1,T1,1,100,29.697
1707824193.365831,579867.000,24695,1,T1,1,100,29.727
1707824193.496756,579994.000,24711,1,T1,1,100,29.669
1707824193.629742,580123.000,24728,1,T1,1,100,29.715
1707824193.762729,580252.000,24760,1,T1,1,100,29.770
1707824193.893653,580379.000,24776,1,T1,1,100,29.794
1707824194.026639,580508.000,24794,1,T1,1,100,29.698
1707824194.159626,580637.000,24812,1,T1,1,100,29.799
1707824194.292612,580766.000,24829,1,T1,1,100,29.771
1707824194.428691,580898.000,24861,1,T1,1,100,29.759
1707824194.560647,581026.000,24877,1,T1,1,100,29.683
1707824194.693633,581155.000,24895,1,T1,1,100,29.721
1707824194.825589,581283.000,24911,1,T1,1,100,29.737
1707824194.959606,581413.000,24928,1,T1,1,100,29.709
1707824195.093623,581543.000,24962,1,T1,1,100,29.803
1707824195.227640,581673.000,24978,1,T1,1,100,29.844
1707824195.359596,581801.000,24996,2,T1,1,100,29.791
1707824195.491551,581929.000,24996,2,T1,1,100,29.768
1707824195.625569,582059.000,25014,2,T1,1,100,29.829
1707824195.759586,582189.000,25014,2,T1,1,100,29.784
1707824195.892572,582318.000,25033,1,T1,1,100,29.800
1707824196.025559,582447.000,25055,2,T1,1,100,29.807
1707824196.158545,582576.000,25055,2,T1,1,100,29.810
1707824196.293593,582707.000,25072,1,T1,1,100,29.776
1707824196.427611,582837.000,25104,1,T1,1,100,29.832
1707824196.559566,582965.000,25122,1,T1,1,100,29.786
1707824196.692552,583094.000,25140,1,T1,1,100,29.872
1707824196.823477,583221.000,25171,1,T1,1,100,29.874
1707824196.956463,583350.000,25187,1,T1,1,100,29.874
1707824197.089450,583479.000,25205,1,T1,1,100,29.804
1707824197.220374,583606.000,25221,1,T1,1,100,29.773
1707824197.352330,583734.000,25253,1,T1,1,100,29.760
1707824197.486347,583864.000,25272,1,T1,1,100,29.754
1707824197.617272,583991.000,25288,1,T1,1,100,29.823
1707824197.750258,584120.000,25306,1,T1,1,100,29.852
1707824197.886337,584252.000,25339,1,T1,1,100,29.830
1707824198.019324,584381.000,25356,1,T1,1,100,29.855
1707824198.151279,584509.000,25373,1,T1,1,100,29.796
1707824198.283234,584637.000,25407,1,T1,1,100,29.663
1707824198.416221,584766.000,25423,1,T1,1,100,29.783
1707824198.553331,584899.000,25440,1,T1,1,100,29.729
1707824198.686317,585028.000,25456,1,T1,1,100,29.705
1707824198.817242,585155.000,25488,1,T1,1,100,29.766
1707824198.949197,585283.000,25505,1,T1,1,100,29.828
1707824199.084245,585414.000,25524,1,T1,1,100,29.784
1707824199.219294,585545.000,25555,1,T1,1,100,29.765
1707824199.352280,585674.000,25573,1,T1,1,100,29.827
1707824199.484236,585802.000,25589,1,T1,1,100,29.748
1707824199.616191,585930.000,25606,1,T1,1,100,29.785
1707824199.750208,586060.000,25638,1,T1,1,100,29.765
1707824199.882164,586188.000,25656,1,T1,1,100,29.721
1707824200.015150,586317.000,25674,1,T1,1,100,29.773
1707824200.148136,586446.000,25705,1,T1,1,100,29.795
1707824200.282154,586576.000,25722,1,T1,1,100,29.876
1707824200.415140,586705.000,25739,1,T1,1,100,29.840
1707824200.547096,586833.000,25755,1,T1,1,100,29.789
1707824200.679051,586961.000,25789,1,T1,1,100,29.696
1707824200.816161,587094.000,25806,1,T1,1,100,29.798
1707824200.950178,587224.000,25822,1,T1,1,100,29.700
1707824201.082134,587352.000,25840,1,T1,1,100,29.764
1707824201.215120,587481.000,25871,1,T1,1,100,29.827
1707824201.348107,587610.000,25888,1,T1,1,100,29.854
1707824201.479031,587737.000,25912,1,T1,1,100,29.901
1707824201.612018,587866.000,25928,1,T1,1,100,29.886
1707824201.745004,587995.000,25960,1,T1,1,100,29.809
1707824201.877990,588124.000,25977,1,T1,1,100,29.882
1707824202.010977,588253.000,25994,1,T1,1,100,29.736
1707824202.142932,588381.000,26011,1,T1,1,100,29.815
1707824202.274888,588509.000,26045,1,T1,1,100,29.814
1707824202.407874,588638.000,26061,1,T1,1,100,29.884
1707824202.540860,588767.000,26078,1,T1,1,100,29.914
1707824202.672816,588895.000,26112,1,T1,1,100,29.892
1707824202.804771,589023.000,26128,1,T1,1,100,29.741
1707824202.936727,589151.000,26145,1,T1,1,100,29.710
1707824203.073837,589284.000,26164,1,T1,1,100,29.697
1707824203.207854,589414.000,26195,1,T1,1,100,29.763
1707824203.339810,589542.000,26213,1,T1,1,100,29.826
1707824203.470734,589669.000,26229,1,T1,1,100,29.819
1707824203.603721,589798.000,26246,1,T1,1,100,29.851
1707824203.739800,589930.000,26278,1,T1,1,100,29.794
1707824203.871755,590058.000,26296,1,T1,1,100,29.840
1707824204.003711,590186.000,26314,1,T1,1,100,29.718
1707824204.136697,590315.000,26330,1,T1,1,100,29.772
1707824204.270714,590445.000,26362,1,T1,1,100,29.866
1707824204.406793,590577.000,26379,1,T1,1,100,29.871
1707824204.538749,590705.000,26395,1,T1,1,100,29.873
1707824204.671735,590834.000,26429,1,T1,1,100,29.874
1707824204.803691,590962.000,26446,1,T1,1,100,29.839
1707824204.937708,591092.000,26462,1,T1,1,100,29.824
1707824205.071725,591222.000,26480,1,T1,1,100,29.782
1707824205.205742,591352.000,26511,1,T1,1,100,29.870
1707824205.337698,591480.000,26528,1,T1,1,100,29.837
1707824205.469653,591608.000,26545,1,T1,1,100,29.930
1707824205.601609,591736.000,26561,1,T1,1,100,29.863
1707824205.734595,591865.000,26595,1,T1,1,100,29.941
1707824205.867582,591994.000,26612,1,T1,1,100,29.833
1707824205.999537,592122.000,26629,1,T1,1,100,29.786
1707824206.131493,592250.000,26660,1,T1,1,100,29.765
1707824206.264479,592379.000,26677,1,T1,1,100,29.686
1707824206.397465,592508.000,26694,1,T1,1,100,29.758
1707824206.530452,592637.000,26711,1,T1,1,100,29.824
1707824206.663438,592766.000,26750,1,T1,1,100,29.924
1707824206.794363,592893.000,26766,1,T1,1,100,29.896
1707824206.927349,593022.000,26783,1,T1,1,100,29.920
1707824207.060335,593151.000,26800,1,T1,1,100,29.788
1707824207.191260,593278.000,26831,1,T1,1,100,29.837
1707824207.323216,593406.000,26849,1,T1,1,100,29.752
1707824207.457233,593536.000,26865,1,T1,1,100,29.751
1707824207.589188,593664.000,26882,1,T1,1,100,29.786
1707824207.722175,593793.000,26916,1,T1,1,100,29.801
1707824207.858254,593925.000,26932,1,T1,1,100,29.772
1707824207.991240,594054.000,26950,1,T1,1,100,29.760
1707824208.123196,594182.000,26966,1,T1,1,100,29.825
1707824208.255151,594310.000,26983,1,T1,1,100,29.853
1707824208.388137,594439.000,27015,1,T1,1,100,29.795
1707824208.524217,594571.000,27031,1,T1,1,100,29.805
1707824208.656172,594699.000,27049,1,T1,1,100,29.845
1707824208.788127,594827.000,27065,1,T1,1,100,29.791
1707824208.923176,594958.000,27097,1,T1,1,100,29.839
1707824209.056162,595087.000,27114,1,T1,1,100,29.824
1707824209.189148,595216.000,27130,1,T1,1,100,29.817
1707824209.322135,595345.000,27162,1,T1,1,100,29.815
1707824209.455121,595474.000,27181,1,T1,1,100,29.707
1707824209.590169,595605.000,27197,1,T1,1,100,29.767
1707824209.724187,595735.000,27215,1,T1,1,100,29.899
1707824209.856142,595863.000,27246,1,T1,1,100,29.744
1707824209.989128,595992.000,27263,1,T1,1,100,29.783
1707824210.122115,596121.000,27280,1,T1,1,100,29.871
1707824210.256132,596251.000,27312,1,T1,1,100,29.767
1707824210.389119,596380.000,27328,1,T1,1,100,29.864
1707824210.521074,596508.000,27345,1,T1,1,100,29.906
1707824210.653029,596636.000,27362,1,T1,1,100,29.888
1707824210.790139,596769.000,27395,1,T1,1,100,29.916
1707824210.924157,596899.000,27412,1,T1,1,100,29.893
1707824211.056112,597027.000,27429,1,T1,1,100,29.883
1707824211.189099,597156.000,27446,1,T1,1,100,29.843
1707824211.322085,597285.000,27478,1,T1,1,100,29.826
1707824211.453010,597412.000,27494,1,T1,1,100,29.854
1707824211.584965,597540.000,27513,1,T1,1,100,29.830
1707824211.717951,597669.000,27545,1,T1,1,100,29.785
1707824211.855061,597802.000,27561,1,T1,1,100,29.800
1707824211.988048,597931.000,27582,1,T1,1,100,29.701
1707824212.118972,598058.000,27601,1,T1,1,100,29.800
1707824212.250928,598186.000,27620,1,T1,1,100,29.807
1707824212.385976,598317.000,27637,1,T1,1,100,29.810
1707824212.521024,598448.000,27655,1,T1,1,100,29.811
1707824212.654011,598577.000,27691,1,T1,1,100,29.883
1707824212.785966,598705.000,27708,1,T1,1,100,29.843
1707824212.917922,598833.000,27728,1,T1,1,100,29.861
1707824213.055032,598966.000,27760,1,T1,1,100,29.904
1707824213.189049,599096.000,27777,1,T1,1,100,29.817
1707824213.321004,599224.000,27794,1,T1,1,100,29.885
1707824213.451929,599351.000,27811,1,T1,1,100,29.844
1707824213.584915,599480.000,27843,1,T1,1,100,29.826
1707824213.720994,599612.000,27861,1,T1,1,100,29.889
1707824213.852950,599740.000,27878,1,T1,1,100,29.917
1707824213.984905,599868.000,27894,1,T1,1,100,29.858
1707824214.117892,599997.000,27926,1,T1,1,100,29.903
1707824214.251909,600127.000,27943,1,T1,1,100,29.923
1707824214.387988,600259.000,27960,1,T1,1,100,29.896
1707824214.519943,600387.000,27993,1,T1,1,100,29.848
1707824214.651899,600515.000,28011,1,T1,1,100,29.793
1707824214.782824,600642.000,28027,1,T1,1,100,29.768
1707824214.915810,600771.000,28044,1,T1,1,100,29.900
1707824215.048796,600900.000,28076,1,T1,1,100,29.992
1707824215.181783,601029.000,28092,1,T1,1,100,29.926
1707824215.314769,601158.000,28112,1,T1,1,100,29.826
1707824215.446725,601286.000,28128,1,T1,1,100,29.783
1707824215.578680,601414.000,28160,1,T1,1,100,29.764
1707824215.711666,601543.000,28177,1,T1,1,100,29.792
1707824215.844653,601672.000,28193,1,T1,1,100,29.874
1707824215.976608,601800.000,28210,1,T1,1,100,29.910
1707824216.108564,601928.000,28244,1,T1,1,100,29.855
1707824216.241550,602057.000,28260,1,T1,1,100,29.760
1707824216.374536,602186.000,28278,1,T1,1,100,29.790
1707824216.507523,602315.000,28309,1,T1,1,100,29.838
1707824216.640509,602444.000,28326,1,T1,1,100,29.859
1707824216.771434,602571.000,28343,1,T1,1,100,29.904
1707824216.904420,602700.000,28359,1,T1,1,100,29.816
1707824217.037407,602829.000,28393,1,T1,1,100,29.779
1707824217.168331,602956.000,28410,1,T1,1,100,29.904
1707824217.300287,603084.000,28433,1,T1,1,100,29.959
1707824217.433273,603213.000,28449,1,T1,1,100,29.911
1707824217.567290,603343.000,28466,1,T1,1,100,29.926
1707824217.703369,603475.000,28485,1,T1,1,100,29.791
1707824217.835325,603603.000,28504,1,T1,1,100,29.803
1707824217.966249,603730.000,28536,1,T1,1,100,29.808
1707824218.098205,603858.000,28552,1,T1,1,100,29.811
1707824218.232222,603988.000,28569,1,T1,1,100,29.847
1707824218.366239,604118.000,28601,1,T1,1,100,29.863
1707824218.500257,604248.000,28617,1,T1,1,100,29.941
1707824218.632212,604376.000,28637,1,T1,1,100,29.903
1707824218.764168,604504.000,28653,1,T1,1,100,29.816
1707824218.899216,604635.000,28685,1,T1,1,100,29.921
1707824219.032202,604764.000,28702,1,T1,1,100,29.895
1707824219.165189,604893.000,28718,1,T1,1,100,29.884
1707824219.298175,605022.000,28735,1,T1,1,100,29.950
1707824219.431161,605151.000,28769,1,T1,1,100,29.943
